ISO-10303-21;
HEADER;
FILE_DESCRIPTION(('KiCad electronic assembly'),'2;1');
FILE_NAME('board.step','2026-09-15T09:42:03',('Pcbnew'),('Kicad'),
  'Open CASCADE STEP processor 7.9','KiCad to STEP converter','Unknown'
  );
FILE_SCHEMA(('AUTOMOTIVE_DESIGN { 1 0 10303 214 1 1 1 1 }'));
ENDSEC;
DATA;
#1 = APPLICATION_PROTOCOL_DEFINITION('international standard',
  'automotive_design',2000,#2);
#2 = APPLICATION_CONTEXT(
  'core data for automotive mechanical design processes');
#3 = SHAPE_DEFINITION_REPRESENTATION(#4,#10);
#4 = PRODUCT_DEFINITION_SHAPE('','',#5);
#5 = PRODUCT_DEFINITION('design','',#6,#9);
#6 = PRODUCT_DEFINITION_FORMATION('','',#7);
#7 = PRODUCT('board 1','board 1','',(#8));
#8 = PRODUCT_CONTEXT('',#2,'mechanical');
#9 = PRODUCT_DEFINITION_CONTEXT('part definition',#2,'design');
#10 = SHAPE_REPRESENTATION('',(#11,#15,#19,#23,#27,#31,#35,#39,#43,#47,
    #51,#55,#59,#63,#67),#71);
#11 = AXIS2_PLACEMENT_3D('',#12,#13,#14);
#12 = CARTESIAN_POINT('',(0.,0.,0.));
#13 = DIRECTION('',(0.,0.,1.));
#14 = DIRECTION('',(1.,0.,-0.));
#15 = AXIS2_PLACEMENT_3D('',#16,#17,#18);
#16 = CARTESIAN_POINT('',(180.305,-88.19,1.595));
#17 = DIRECTION('',(0.,0.,1.));
#18 = DIRECTION('',(1.,0.,0.));
#19 = AXIS2_PLACEMENT_3D('',#20,#21,#22);
#20 = CARTESIAN_POINT('',(162.805,-96.04,1.595));
#21 = DIRECTION('',(0.,0.,1.));
#22 = DIRECTION('',(1.,0.,0.));
#23 = AXIS2_PLACEMENT_3D('',#24,#25,#26);
#24 = CARTESIAN_POINT('',(196.305,-74.55,1.595));
#25 = DIRECTION('',(0.,-0.,1.));
#26 = DIRECTION('',(1.110223024625E-16,1.,0.));
#27 = AXIS2_PLACEMENT_3D('',#28,#29,#30);
#28 = CARTESIAN_POINT('',(173.765,-75.5,1.595));
#29 = DIRECTION('',(0.,-0.,1.));
#30 = DIRECTION('',(1.110223024625E-16,1.,0.));
#31 = AXIS2_PLACEMENT_3D('',#32,#33,#34);
#32 = CARTESIAN_POINT('',(180.122621,-96.69,1.595));
#33 = DIRECTION('',(0.,0.,1.));
#34 = DIRECTION('',(1.,0.,0.));
#35 = AXIS2_PLACEMENT_3D('',#36,#37,#38);
#36 = CARTESIAN_POINT('',(168.265,-75.5,1.595));
#37 = DIRECTION('',(-0.,0.,1.));
#38 = DIRECTION('',(1.110223024625E-16,-1.,0.));
#39 = AXIS2_PLACEMENT_3D('',#40,#41,#42);
#40 = CARTESIAN_POINT('',(171.805,-81.19,1.595));
#41 = DIRECTION('',(0.,0.,1.));
#42 = DIRECTION('',(1.,0.,0.));
#43 = AXIS2_PLACEMENT_3D('',#44,#45,#46);
#44 = CARTESIAN_POINT('',(195.685,-78.,1.595));
#45 = DIRECTION('',(0.,0.,1.));
#46 = DIRECTION('',(1.,0.,0.));
#47 = AXIS2_PLACEMENT_3D('',#48,#49,#50);
#48 = CARTESIAN_POINT('',(162.805,-88.19,1.595));
#49 = DIRECTION('',(0.,0.,1.));
#50 = DIRECTION('',(1.,0.,0.));
#51 = AXIS2_PLACEMENT_3D('',#52,#53,#54);
#52 = CARTESIAN_POINT('',(185.495,-78.,1.595));
#53 = DIRECTION('',(0.,0.,1.));
#54 = DIRECTION('',(1.,0.,0.));
#55 = AXIS2_PLACEMENT_3D('',#56,#57,#58);
#56 = CARTESIAN_POINT('',(169.,-86.38,1.595));
#57 = DIRECTION('',(0.,0.,1.));
#58 = DIRECTION('',(1.,0.,0.));
#59 = AXIS2_PLACEMENT_3D('',#60,#61,#62);
#60 = CARTESIAN_POINT('',(152.54,-75.,1.595));
#61 = DIRECTION('',(-0.,0.,1.));
#62 = DIRECTION('',(1.110223024625E-16,-1.,0.));
#63 = AXIS2_PLACEMENT_3D('',#64,#65,#66);
#64 = CARTESIAN_POINT('',(186.265,-74.5,1.595));
#65 = DIRECTION('',(0.,-0.,1.));
#66 = DIRECTION('',(1.110223024625E-16,1.,0.));
#67 = AXIS2_PLACEMENT_3D('',#68,#69,#70);
#68 = CARTESIAN_POINT('',(0.,0.,0.));
#69 = DIRECTION('',(0.,0.,1.));
#70 = DIRECTION('',(1.,0.,-0.));
#71 = ( GEOMETRIC_REPRESENTATION_CONTEXT(3) 
GLOBAL_UNCERTAINTY_ASSIGNED_CONTEXT((#75)) GLOBAL_UNIT_ASSIGNED_CONTEXT(
(#72,#73,#74)) REPRESENTATION_CONTEXT('Context #1',
  '3D Context with UNIT and UNCERTAINTY') );
#72 = ( LENGTH_UNIT() NAMED_UNIT(*) SI_UNIT(.MILLI.,.METRE.) );
#73 = ( NAMED_UNIT(*) PLANE_ANGLE_UNIT() SI_UNIT($,.RADIAN.) );
#74 = ( NAMED_UNIT(*) SI_UNIT($,.STERADIAN.) SOLID_ANGLE_UNIT() );
#75 = UNCERTAINTY_MEASURE_WITH_UNIT(LENGTH_MEASURE(5.E-07),#72,
  'distance_accuracy_value','confusion accuracy');
#76 = PRODUCT_RELATED_PRODUCT_CATEGORY('part',$,(#7));
#77 = SHAPE_DEFINITION_REPRESENTATION(#78,#84);
#78 = PRODUCT_DEFINITION_SHAPE('','',#79);
#79 = PRODUCT_DEFINITION('design','',#80,#83);
#80 = PRODUCT_DEFINITION_FORMATION('','',#81);
#81 = PRODUCT('CP_Radial_D6.3mm_P2.50mm','CP_Radial_D6.3mm_P2.50mm','',(
    #82));
#82 = PRODUCT_CONTEXT('',#2,'mechanical');
#83 = PRODUCT_DEFINITION_CONTEXT('part definition',#2,'design');
#84 = ADVANCED_BREP_SHAPE_REPRESENTATION('',(#11,#85),#1909);
#85 = BREP_WITH_VOIDS('',#86,(#1787));
#86 = CLOSED_SHELL('',(#87,#104,#129,#178,#211,#229,#254,#286,#304,#313,
    #351,#373,#436,#464,#642,#708,#777,#809,#987,#1053,#1085,#1195,#1229
    ,#1247,#1263,#1295,#1313,#1456,#1508,#1532,#1556,#1580,#1642,#1659,
    #1683,#1699,#1723,#1735,#1751,#1763,#1775));
#87 = ADVANCED_FACE('',(#88),#99,.F.);
#88 = FACE_BOUND('',#89,.F.);
#89 = EDGE_LOOP('',(#90));
#90 = ORIENTED_EDGE('',*,*,#91,.T.);
#91 = EDGE_CURVE('',#92,#92,#94,.T.);
#92 = VERTEX_POINT('',#93);
#93 = CARTESIAN_POINT('',(2.25,-1.224646799147E-16,-1.9));
#94 = CIRCLE('',#95,0.25);
#95 = AXIS2_PLACEMENT_3D('',#96,#97,#98);
#96 = CARTESIAN_POINT('',(2.5,-1.530808498934E-16,-1.9));
#97 = DIRECTION('',(0.,0.,1.));
#98 = DIRECTION('',(-1.,1.224646799147E-16,0.));
#99 = PLANE('',#100);
#100 = AXIS2_PLACEMENT_3D('',#101,#102,#103);
#101 = CARTESIAN_POINT('',(2.5,-1.749248380069E-16,-1.9));
#102 = DIRECTION('',(4.108650548026E-33,4.08046586736E-33,1.));
#103 = DIRECTION('',(-1.,1.224646799147E-16,4.108650548026E-33));
#104 = ADVANCED_FACE('',(#105),#124,.T.);
#105 = FACE_BOUND('',#106,.T.);
#106 = EDGE_LOOP('',(#107,#116,#122,#123));
#107 = ORIENTED_EDGE('',*,*,#108,.F.);
#108 = EDGE_CURVE('',#109,#109,#111,.T.);
#109 = VERTEX_POINT('',#110);
#110 = CARTESIAN_POINT('',(2.25,-1.224646799147E-16,0.2));
#111 = CIRCLE('',#112,0.25);
#112 = AXIS2_PLACEMENT_3D('',#113,#114,#115);
#113 = CARTESIAN_POINT('',(2.5,-1.530808498934E-16,0.2));
#114 = DIRECTION('',(0.,0.,1.));
#115 = DIRECTION('',(-1.,1.224646799147E-16,0.));
#116 = ORIENTED_EDGE('',*,*,#117,.T.);
#117 = EDGE_CURVE('',#109,#92,#118,.T.);
#118 = LINE('',#119,#120);
#119 = CARTESIAN_POINT('',(2.25,-1.224646799147E-16,0.3));
#120 = VECTOR('',#121,1.);
#121 = DIRECTION('',(0.,0.,-1.));
#122 = ORIENTED_EDGE('',*,*,#91,.T.);
#123 = ORIENTED_EDGE('',*,*,#117,.F.);
#124 = CYLINDRICAL_SURFACE('',#125,0.25);
#125 = AXIS2_PLACEMENT_3D('',#126,#127,#128);
#126 = CARTESIAN_POINT('',(2.5,-1.530808498934E-16,0.3));
#127 = DIRECTION('',(0.,0.,1.));
#128 = DIRECTION('',(-1.,1.224646799147E-16,0.));
#129 = ADVANCED_FACE('',(#130,#159,#162),#173,.F.);
#130 = FACE_BOUND('',#131,.F.);
#131 = EDGE_LOOP('',(#132,#143,#152));
#132 = ORIENTED_EDGE('',*,*,#133,.T.);
#133 = EDGE_CURVE('',#134,#136,#138,.T.);
#134 = VERTEX_POINT('',#135);
#135 = CARTESIAN_POINT('',(-0.955,2.70034619212E-16,0.2));
#136 = VERTEX_POINT('',#137);
#137 = CARTESIAN_POINT('',(3.287154369187,-0.843816968365,0.2));
#138 = CIRCLE('',#139,2.205);
#139 = AXIS2_PLACEMENT_3D('',#140,#141,#142);
#140 = CARTESIAN_POINT('',(1.25,0.,0.2));
#141 = DIRECTION('',(0.,0.,1.));
#142 = DIRECTION('',(-1.,1.224646799147E-16,0.));
#143 = ORIENTED_EDGE('',*,*,#144,.T.);
#144 = EDGE_CURVE('',#136,#145,#147,.T.);
#145 = VERTEX_POINT('',#146);
#146 = CARTESIAN_POINT('',(3.287154369187,0.843816968365,0.2));
#147 = CIRCLE('',#148,2.205);
#148 = AXIS2_PLACEMENT_3D('',#149,#150,#151);
#149 = CARTESIAN_POINT('',(1.25,0.,0.2));
#150 = DIRECTION('',(0.,0.,1.));
#151 = DIRECTION('',(-1.,1.224646799147E-16,0.));
#152 = ORIENTED_EDGE('',*,*,#153,.T.);
#153 = EDGE_CURVE('',#145,#134,#154,.T.);
#154 = CIRCLE('',#155,2.205);
#155 = AXIS2_PLACEMENT_3D('',#156,#157,#158);
#156 = CARTESIAN_POINT('',(1.25,0.,0.2));
#157 = DIRECTION('',(0.,0.,1.));
#158 = DIRECTION('',(-1.,1.224646799147E-16,0.));
#159 = FACE_BOUND('',#160,.F.);
#160 = EDGE_LOOP('',(#161));
#161 = ORIENTED_EDGE('',*,*,#108,.F.);
#162 = FACE_BOUND('',#163,.F.);
#163 = EDGE_LOOP('',(#164));
#164 = ORIENTED_EDGE('',*,*,#165,.F.);
#165 = EDGE_CURVE('',#166,#166,#168,.T.);
#166 = VERTEX_POINT('',#167);
#167 = CARTESIAN_POINT('',(-0.25,1.836970198721E-16,0.2));
#168 = CIRCLE('',#169,0.25);
#169 = AXIS2_PLACEMENT_3D('',#170,#171,#172);
#170 = CARTESIAN_POINT('',(0.,1.530808498934E-16,0.2));
#171 = DIRECTION('',(0.,0.,1.));
#172 = DIRECTION('',(-1.,1.224646799147E-16,0.));
#173 = PLANE('',#174);
#174 = AXIS2_PLACEMENT_3D('',#175,#176,#177);
#175 = CARTESIAN_POINT('',(1.25,-1.425463059326E-16,0.2));
#176 = DIRECTION('',(0.,0.,1.));
#177 = DIRECTION('',(-1.,1.224646799147E-16,0.));
#178 = ADVANCED_FACE('',(#179),#206,.F.);
#179 = FACE_BOUND('',#180,.F.);
#180 = EDGE_LOOP('',(#181,#189,#190,#191,#199));
#181 = ORIENTED_EDGE('',*,*,#182,.F.);
#182 = EDGE_CURVE('',#136,#183,#185,.T.);
#183 = VERTEX_POINT('',#184);
#184 = CARTESIAN_POINT('',(3.287154369187,-0.843816968365,0.));
#185 = LINE('',#186,#187);
#186 = CARTESIAN_POINT('',(3.287154369187,-0.843816968365,0.3));
#187 = VECTOR('',#188,1.);
#188 = DIRECTION('',(0.,0.,-1.));
#189 = ORIENTED_EDGE('',*,*,#133,.F.);
#190 = ORIENTED_EDGE('',*,*,#153,.F.);
#191 = ORIENTED_EDGE('',*,*,#192,.T.);
#192 = EDGE_CURVE('',#145,#193,#195,.T.);
#193 = VERTEX_POINT('',#194);
#194 = CARTESIAN_POINT('',(3.287154369187,0.843816968365,0.));
#195 = LINE('',#196,#197);
#196 = CARTESIAN_POINT('',(3.287154369187,0.843816968365,0.3));
#197 = VECTOR('',#198,1.);
#198 = DIRECTION('',(0.,0.,-1.));
#199 = ORIENTED_EDGE('',*,*,#200,.F.);
#200 = EDGE_CURVE('',#183,#193,#201,.T.);
#201 = CIRCLE('',#202,2.205);
#202 = AXIS2_PLACEMENT_3D('',#203,#204,#205);
#203 = CARTESIAN_POINT('',(1.25,0.,0.));
#204 = DIRECTION('',(0.,-0.,-1.));
#205 = DIRECTION('',(0.923879532511,-0.382683432365,0.));
#206 = CYLINDRICAL_SURFACE('',#207,2.205);
#207 = AXIS2_PLACEMENT_3D('',#208,#209,#210);
#208 = CARTESIAN_POINT('',(1.25,0.,0.3));
#209 = DIRECTION('',(0.,0.,-1.));
#210 = DIRECTION('',(0.923879532511,-0.382683432365,0.));
#211 = ADVANCED_FACE('',(#212),#224,.F.);
#212 = FACE_BOUND('',#213,.F.);
#213 = EDGE_LOOP('',(#214,#215,#216,#217));
#214 = ORIENTED_EDGE('',*,*,#192,.F.);
#215 = ORIENTED_EDGE('',*,*,#144,.F.);
#216 = ORIENTED_EDGE('',*,*,#182,.T.);
#217 = ORIENTED_EDGE('',*,*,#218,.F.);
#218 = EDGE_CURVE('',#193,#183,#219,.T.);
#219 = CIRCLE('',#220,2.205);
#220 = AXIS2_PLACEMENT_3D('',#221,#222,#223);
#221 = CARTESIAN_POINT('',(1.25,0.,0.));
#222 = DIRECTION('',(0.,0.,-1.));
#223 = DIRECTION('',(0.923879532511,0.382683432365,0.));
#224 = CYLINDRICAL_SURFACE('',#225,2.205);
#225 = AXIS2_PLACEMENT_3D('',#226,#227,#228);
#226 = CARTESIAN_POINT('',(1.25,0.,0.3));
#227 = DIRECTION('',(0.,0.,-1.));
#228 = DIRECTION('',(0.923879532511,0.382683432365,0.));
#229 = ADVANCED_FACE('',(#230),#249,.T.);
#230 = FACE_BOUND('',#231,.T.);
#231 = EDGE_LOOP('',(#232,#233,#241,#248));
#232 = ORIENTED_EDGE('',*,*,#165,.F.);
#233 = ORIENTED_EDGE('',*,*,#234,.T.);
#234 = EDGE_CURVE('',#166,#235,#237,.T.);
#235 = VERTEX_POINT('',#236);
#236 = CARTESIAN_POINT('',(-0.25,1.836970198721E-16,-2.));
#237 = LINE('',#238,#239);
#238 = CARTESIAN_POINT('',(-0.25,1.836970198721E-16,0.3));
#239 = VECTOR('',#240,1.);
#240 = DIRECTION('',(0.,0.,-1.));
#241 = ORIENTED_EDGE('',*,*,#242,.T.);
#242 = EDGE_CURVE('',#235,#235,#243,.T.);
#243 = CIRCLE('',#244,0.25);
#244 = AXIS2_PLACEMENT_3D('',#245,#246,#247);
#245 = CARTESIAN_POINT('',(0.,1.530808498934E-16,-2.));
#246 = DIRECTION('',(0.,0.,1.));
#247 = DIRECTION('',(-1.,1.224646799147E-16,0.));
#248 = ORIENTED_EDGE('',*,*,#234,.F.);
#249 = CYLINDRICAL_SURFACE('',#250,0.25);
#250 = AXIS2_PLACEMENT_3D('',#251,#252,#253);
#251 = CARTESIAN_POINT('',(0.,1.530808498934E-16,0.3));
#252 = DIRECTION('',(0.,0.,1.));
#253 = DIRECTION('',(-1.,1.224646799147E-16,0.));
#254 = ADVANCED_FACE('',(#255),#281,.T.);
#255 = FACE_BOUND('',#256,.F.);
#256 = EDGE_LOOP('',(#257,#258,#266,#275));
#257 = ORIENTED_EDGE('',*,*,#200,.T.);
#258 = ORIENTED_EDGE('',*,*,#259,.T.);
#259 = EDGE_CURVE('',#193,#260,#262,.T.);
#260 = VERTEX_POINT('',#261);
#261 = CARTESIAN_POINT('',(3.975444620908,1.128916125477,
    -5.551115123126E-17));
#262 = LINE('',#263,#264);
#263 = CARTESIAN_POINT('',(3.287154369187,0.843816968365,0.));
#264 = VECTOR('',#265,1.);
#265 = DIRECTION('',(0.923879532511,0.382683432365,0.));
#266 = ORIENTED_EDGE('',*,*,#267,.F.);
#267 = EDGE_CURVE('',#268,#260,#270,.T.);
#268 = VERTEX_POINT('',#269);
#269 = CARTESIAN_POINT('',(3.975444620908,-1.128916125477,
    -5.551115123126E-17));
#270 = CIRCLE('',#271,2.95);
#271 = AXIS2_PLACEMENT_3D('',#272,#273,#274);
#272 = CARTESIAN_POINT('',(1.25,0.,-5.551115123126E-17));
#273 = DIRECTION('',(0.,-0.,-1.));
#274 = DIRECTION('',(0.923879532511,-0.382683432365,0.));
#275 = ORIENTED_EDGE('',*,*,#276,.F.);
#276 = EDGE_CURVE('',#183,#268,#277,.T.);
#277 = LINE('',#278,#279);
#278 = CARTESIAN_POINT('',(3.287154369187,-0.843816968365,0.));
#279 = VECTOR('',#280,1.);
#280 = DIRECTION('',(0.923879532511,-0.382683432365,0.));
#281 = PLANE('',#282);
#282 = AXIS2_PLACEMENT_3D('',#283,#284,#285);
#283 = CARTESIAN_POINT('',(1.25,0.,0.));
#284 = DIRECTION('',(0.,0.,-1.));
#285 = DIRECTION('',(0.923879532511,-0.382683432365,0.));
#286 = ADVANCED_FACE('',(#287),#299,.T.);
#287 = FACE_BOUND('',#288,.F.);
#288 = EDGE_LOOP('',(#289,#290,#291,#298));
#289 = ORIENTED_EDGE('',*,*,#218,.T.);
#290 = ORIENTED_EDGE('',*,*,#276,.T.);
#291 = ORIENTED_EDGE('',*,*,#292,.F.);
#292 = EDGE_CURVE('',#260,#268,#293,.T.);
#293 = CIRCLE('',#294,2.95);
#294 = AXIS2_PLACEMENT_3D('',#295,#296,#297);
#295 = CARTESIAN_POINT('',(1.25,0.,-5.551115123126E-17));
#296 = DIRECTION('',(0.,0.,-1.));
#297 = DIRECTION('',(0.923879532511,0.382683432365,0.));
#298 = ORIENTED_EDGE('',*,*,#259,.F.);
#299 = PLANE('',#300);
#300 = AXIS2_PLACEMENT_3D('',#301,#302,#303);
#301 = CARTESIAN_POINT('',(1.25,0.,0.));
#302 = DIRECTION('',(0.,0.,-1.));
#303 = DIRECTION('',(0.923879532511,0.382683432365,0.));
#304 = ADVANCED_FACE('',(#305),#308,.F.);
#305 = FACE_BOUND('',#306,.F.);
#306 = EDGE_LOOP('',(#307));
#307 = ORIENTED_EDGE('',*,*,#242,.T.);
#308 = PLANE('',#309);
#309 = AXIS2_PLACEMENT_3D('',#310,#311,#312);
#310 = CARTESIAN_POINT('',(-2.22044604925E-16,1.312368617799E-16,-2.));
#311 = DIRECTION('',(2.013238768533E-31,4.08046586736E-33,1.));
#312 = DIRECTION('',(-1.,1.224646799147E-16,2.013238768533E-31));
#313 = ADVANCED_FACE('',(#314),#342,.F.);
#314 = FACE_BOUND('',#315,.F.);
#315 = EDGE_LOOP('',(#316,#317,#326,#335));
#316 = ORIENTED_EDGE('',*,*,#267,.T.);
#317 = ORIENTED_EDGE('',*,*,#318,.T.);
#318 = EDGE_CURVE('',#260,#319,#321,.T.);
#319 = VERTEX_POINT('',#320);
#320 = CARTESIAN_POINT('',(4.160220527411,1.20545281195,0.2));
#321 = CIRCLE('',#322,0.2);
#322 = AXIS2_PLACEMENT_3D('',#323,#324,#325);
#323 = CARTESIAN_POINT('',(3.975444620908,1.128916125477,0.2));
#324 = DIRECTION('',(0.382683432365,-0.923879532511,0.));
#325 = DIRECTION('',(2.051424657948E-15,8.497279155087E-16,-1.));
#326 = ORIENTED_EDGE('',*,*,#327,.F.);
#327 = EDGE_CURVE('',#328,#319,#330,.T.);
#328 = VERTEX_POINT('',#329);
#329 = CARTESIAN_POINT('',(4.160220527411,-1.20545281195,0.2));
#330 = CIRCLE('',#331,3.15);
#331 = AXIS2_PLACEMENT_3D('',#332,#333,#334);
#332 = CARTESIAN_POINT('',(1.25,0.,0.2));
#333 = DIRECTION('',(0.,-0.,-1.));
#334 = DIRECTION('',(0.923879532511,-0.382683432365,0.));
#335 = ORIENTED_EDGE('',*,*,#336,.F.);
#336 = EDGE_CURVE('',#268,#328,#337,.T.);
#337 = CIRCLE('',#338,0.2);
#338 = AXIS2_PLACEMENT_3D('',#339,#340,#341);
#339 = CARTESIAN_POINT('',(3.975444620908,-1.128916125477,0.2));
#340 = DIRECTION('',(-0.382683432365,-0.923879532511,0.));
#341 = DIRECTION('',(2.051424657948E-15,-8.497279155087E-16,-1.));
#342 = SURFACE_OF_REVOLUTION('',#343,#348);
#343 = CIRCLE('',#344,0.2);
#344 = AXIS2_PLACEMENT_3D('',#345,#346,#347);
#345 = CARTESIAN_POINT('',(3.975444620908,-1.128916125477,0.2));
#346 = DIRECTION('',(-0.382683432365,-0.923879532511,0.));
#347 = DIRECTION('',(2.051424657948E-15,-8.497279155087E-16,-1.));
#348 = AXIS1_PLACEMENT('',#349,#350);
#349 = CARTESIAN_POINT('',(1.25,0.,0.));
#350 = DIRECTION('',(0.,0.,-1.));
#351 = ADVANCED_FACE('',(#352),#364,.F.);
#352 = FACE_BOUND('',#353,.F.);
#353 = EDGE_LOOP('',(#354,#355,#356,#363));
#354 = ORIENTED_EDGE('',*,*,#292,.T.);
#355 = ORIENTED_EDGE('',*,*,#336,.T.);
#356 = ORIENTED_EDGE('',*,*,#357,.F.);
#357 = EDGE_CURVE('',#319,#328,#358,.T.);
#358 = CIRCLE('',#359,3.15);
#359 = AXIS2_PLACEMENT_3D('',#360,#361,#362);
#360 = CARTESIAN_POINT('',(1.25,0.,0.2));
#361 = DIRECTION('',(0.,0.,-1.));
#362 = DIRECTION('',(0.923879532511,0.382683432365,0.));
#363 = ORIENTED_EDGE('',*,*,#318,.F.);
#364 = SURFACE_OF_REVOLUTION('',#365,#370);
#365 = CIRCLE('',#366,0.2);
#366 = AXIS2_PLACEMENT_3D('',#367,#368,#369);
#367 = CARTESIAN_POINT('',(3.975444620908,1.128916125477,0.2));
#368 = DIRECTION('',(0.382683432365,-0.923879532511,0.));
#369 = DIRECTION('',(2.051424657948E-15,8.497279155087E-16,-1.));
#370 = AXIS1_PLACEMENT('',#371,#372);
#371 = CARTESIAN_POINT('',(1.25,0.,0.));
#372 = DIRECTION('',(0.,0.,-1.));
#373 = ADVANCED_FACE('',(#374),#431,.T.);
#374 = FACE_BOUND('',#375,.T.);
#375 = EDGE_LOOP('',(#376,#418,#424,#425));
#376 = ORIENTED_EDGE('',*,*,#377,.T.);
#377 = EDGE_CURVE('',#378,#380,#382,.T.);
#378 = VERTEX_POINT('',#379);
#379 = CARTESIAN_POINT('',(4.160220527411,-1.20545281195,1.064979142851)
  );
#380 = VERTEX_POINT('',#381);
#381 = CARTESIAN_POINT('',(4.160220527411,1.20545281195,1.064979142851)
  );
#382 = B_SPLINE_CURVE_WITH_KNOTS('',12,(#383,#384,#385,#386,#387,#388,
    #389,#390,#391,#392,#393,#394,#395,#396,#397,#398,#399,#400,#401,
    #402,#403,#404,#405,#406,#407,#408,#409,#410,#411,#412,#413,#414,
    #415,#416,#417),.UNSPECIFIED.,.F.,.F.,(13,11,11,13),(-0.737875708395
    ,-5.005450452798E-16,17.318029502913,18.055905211308),
  .UNSPECIFIED.);
#383 = CARTESIAN_POINT('',(4.442593336158,-0.523744547427,1.064979142851
    ));
#384 = CARTESIAN_POINT('',(4.418899197873,-0.580947257422,1.064979142851
    ));
#385 = CARTESIAN_POINT('',(4.395234708841,-0.63807838779,1.064979142851)
  );
#386 = CARTESIAN_POINT('',(4.371599869062,-0.695137938531,1.064979142851
    ));
#387 = CARTESIAN_POINT('',(4.347994678535,-0.752125909643,1.064979142851
    ));
#388 = CARTESIAN_POINT('',(4.32441913726,-0.809042301129,1.064979142851)
  );
#389 = CARTESIAN_POINT('',(4.300873245238,-0.865887112986,1.064979142851
    ));
#390 = CARTESIAN_POINT('',(4.277357002469,-0.922660345216,1.064979142851
    ));
#391 = CARTESIAN_POINT('',(4.253870408952,-0.979361997818,1.064979142851
    ));
#392 = CARTESIAN_POINT('',(4.230413464688,-1.035992070792,1.064979142851
    ));
#393 = CARTESIAN_POINT('',(4.206986169676,-1.092550564139,1.064979142851
    ));
#394 = CARTESIAN_POINT('',(4.183588523917,-1.149037477858,1.064979142851
    ));
#395 = CARTESIAN_POINT('',(3.611770905991,-2.52952732626,1.064979142851)
  );
#396 = CARTESIAN_POINT('',(2.397473580719,-3.601570783487,1.064979180278
    ));
#397 = CARTESIAN_POINT('',(0.644651861499,-4.026279926308,1.064978648913
    ));
#398 = CARTESIAN_POINT('',(-1.234906135463,-3.473813323938,
    1.064980780301));
#399 = CARTESIAN_POINT('',(-2.634312668055,-2.095046805731,
    1.064976073802));
#400 = CARTESIAN_POINT('',(-3.335721730314,-5.195843755246E-12,
    1.064982880597));
#401 = CARTESIAN_POINT('',(-2.634312668056,2.095046805741,1.064976073802
    ));
#402 = CARTESIAN_POINT('',(-1.234906135463,3.473813323931,1.064980780301
    ));
#403 = CARTESIAN_POINT('',(0.644651861498,4.026279926312,1.064978648913)
  );
#404 = CARTESIAN_POINT('',(2.397473580719,3.601570783485,1.064979180278)
  );
#405 = CARTESIAN_POINT('',(3.611770905991,2.529527326261,1.064979142851)
  );
#406 = CARTESIAN_POINT('',(4.183588523917,1.149037477858,1.064979142851)
  );
#407 = CARTESIAN_POINT('',(4.206986169676,1.092550564139,1.064979142851)
  );
#408 = CARTESIAN_POINT('',(4.230413464688,1.035992070792,1.064979142851)
  );
#409 = CARTESIAN_POINT('',(4.253870408952,0.979361997818,1.064979142851)
  );
#410 = CARTESIAN_POINT('',(4.277357002469,0.922660345216,1.064979142851)
  );
#411 = CARTESIAN_POINT('',(4.300873245238,0.865887112986,1.064979142851)
  );
#412 = CARTESIAN_POINT('',(4.32441913726,0.809042301128,1.064979142851)
  );
#413 = CARTESIAN_POINT('',(4.347994678535,0.752125909643,1.064979142851)
  );
#414 = CARTESIAN_POINT('',(4.371599869062,0.695137938531,1.064979142851)
  );
#415 = CARTESIAN_POINT('',(4.395234708841,0.63807838779,1.064979142851)
  );
#416 = CARTESIAN_POINT('',(4.418899197873,0.580947257422,1.064979142851)
  );
#417 = CARTESIAN_POINT('',(4.442593336158,0.523744547427,1.064979142851)
  );
#418 = ORIENTED_EDGE('',*,*,#419,.F.);
#419 = EDGE_CURVE('',#319,#380,#420,.T.);
#420 = LINE('',#421,#422);
#421 = CARTESIAN_POINT('',(4.160220527411,1.20545281195,0.2));
#422 = VECTOR('',#423,1.);
#423 = DIRECTION('',(0.,0.,1.));
#424 = ORIENTED_EDGE('',*,*,#327,.F.);
#425 = ORIENTED_EDGE('',*,*,#426,.T.);
#426 = EDGE_CURVE('',#328,#378,#427,.T.);
#427 = LINE('',#428,#429);
#428 = CARTESIAN_POINT('',(4.160220527411,-1.20545281195,0.2));
#429 = VECTOR('',#430,1.);
#430 = DIRECTION('',(0.,0.,1.));
#431 = CYLINDRICAL_SURFACE('',#432,3.15);
#432 = AXIS2_PLACEMENT_3D('',#433,#434,#435);
#433 = CARTESIAN_POINT('',(1.25,0.,0.2));
#434 = DIRECTION('',(0.,0.,1.));
#435 = DIRECTION('',(0.923879532511,-0.382683432365,0.));
#436 = ADVANCED_FACE('',(#437),#459,.T.);
#437 = FACE_BOUND('',#438,.T.);
#438 = EDGE_LOOP('',(#439,#456,#457,#458));
#439 = ORIENTED_EDGE('',*,*,#440,.T.);
#440 = EDGE_CURVE('',#380,#378,#441,.T.);
#441 = B_SPLINE_CURVE_WITH_KNOTS('',5,(#442,#443,#444,#445,#446,#447,
    #448,#449,#450,#451,#452,#453,#454,#455),.UNSPECIFIED.,.F.,.F.,(6,4,
    4,6),(-0.150460971643,-1.699349482237E-07,2.474004384637,
    2.624464954166),.UNSPECIFIED.);
#442 = CARTESIAN_POINT('',(4.102641670439,1.344460469082,1.064979142851)
  );
#443 = CARTESIAN_POINT('',(4.114157445154,1.316658929638,1.064979142851)
  );
#444 = CARTESIAN_POINT('',(4.125673218125,1.288857394406,1.064979142851)
  );
#445 = CARTESIAN_POINT('',(4.137188989351,1.261055863385,1.064979142851)
  );
#446 = CARTESIAN_POINT('',(4.148704758833,1.233254336576,1.064979142851)
  );
#447 = CARTESIAN_POINT('',(4.349572580446,0.748316518349,1.064979142851)
  );
#448 = CARTESIAN_POINT('',(4.44918882011,0.254004984338,1.064979142851)
  );
#449 = CARTESIAN_POINT('',(4.449189507099,-0.254003344051,1.064979142851
    ));
#450 = CARTESIAN_POINT('',(4.349572930008,-0.748315674432,1.064979142851
    ));
#451 = CARTESIAN_POINT('',(4.148704755344,-1.233254344999,1.064979142851
    ));
#452 = CARTESIAN_POINT('',(4.137188984118,-1.26105587602,1.064979142851)
  );
#453 = CARTESIAN_POINT('',(4.125673212892,-1.288857407041,1.064979142851
    ));
#454 = CARTESIAN_POINT('',(4.114157441665,-1.316658938061,1.064979142851
    ));
#455 = CARTESIAN_POINT('',(4.102641670439,-1.344460469082,1.064979142851
    ));
#456 = ORIENTED_EDGE('',*,*,#426,.F.);
#457 = ORIENTED_EDGE('',*,*,#357,.F.);
#458 = ORIENTED_EDGE('',*,*,#419,.T.);
#459 = CYLINDRICAL_SURFACE('',#460,3.15);
#460 = AXIS2_PLACEMENT_3D('',#461,#462,#463);
#461 = CARTESIAN_POINT('',(1.25,0.,0.2));
#462 = DIRECTION('',(0.,0.,1.));
#463 = DIRECTION('',(0.923879532511,0.382683432365,-0.));
#464 = ADVANCED_FACE('',(#465),#536,.T.);
#465 = FACE_BOUND('',#466,.T.);
#466 = EDGE_LOOP('',(#467,#482,#522,#535));
#467 = ORIENTED_EDGE('',*,*,#468,.T.);
#468 = EDGE_CURVE('',#378,#469,#471,.T.);
#469 = VERTEX_POINT('',#470);
#470 = CARTESIAN_POINT('',(4.085968234571,-1.174696505219,1.269338405373
    ));
#471 = B_SPLINE_CURVE_WITH_KNOTS('',5,(#472,#473,#474,#475,#476,#477,
    #478,#479,#480,#481),.UNSPECIFIED.,.F.,.F.,(6,4,6),(0.,0.5,1.),
  .UNSPECIFIED.);
#472 = CARTESIAN_POINT('',(4.160220527411,-1.20545281195,1.064979142851)
  );
#473 = CARTESIAN_POINT('',(4.160220527325,-1.205452811915,1.086945211059
    ));
#474 = CARTESIAN_POINT('',(4.158363641376,-1.204683664571,1.109287401744
    ));
#475 = CARTESIAN_POINT('',(4.154519320142,-1.203091294577,1.131653463673
    ));
#476 = CARTESIAN_POINT('',(4.148681246824,-1.200673085431,1.153609621265
    ));
#477 = CARTESIAN_POINT('',(4.133299432345,-1.19430172926,1.195943886549)
  );
#478 = CARTESIAN_POINT('',(4.123755497541,-1.190348502026,1.216322527195
    ));
#479 = CARTESIAN_POINT('',(4.112493966491,-1.185683823132,1.235531219587
    ));
#480 = CARTESIAN_POINT('',(4.099792457984,-1.180422686045,1.253257054289
    ));
#481 = CARTESIAN_POINT('',(4.085968234571,-1.174696505219,1.269338405373
    ));
#482 = ORIENTED_EDGE('',*,*,#483,.T.);
#483 = EDGE_CURVE('',#469,#484,#486,.T.);
#484 = VERTEX_POINT('',#485);
#485 = CARTESIAN_POINT('',(4.085968234571,1.174696505219,1.269338405373)
  );
#486 = B_SPLINE_CURVE_WITH_KNOTS('',12,(#487,#488,#489,#490,#491,#492,
    #493,#494,#495,#496,#497,#498,#499,#500,#501,#502,#503,#504,#505,
    #506,#507,#508,#509,#510,#511,#512,#513,#514,#515,#516,#517,#518,
    #519,#520,#521),.UNSPECIFIED.,.F.,.F.,(13,11,11,13),(-0.737875708395
    ,-5.005450452798E-16,17.318029502913,18.055905211308),
  .UNSPECIFIED.);
#487 = CARTESIAN_POINT('',(4.368341043318,-0.492988240695,1.269338405373
    ));
#488 = CARTESIAN_POINT('',(4.344050686533,-0.551630349481,1.269338405373
    ));
#489 = CARTESIAN_POINT('',(4.319898382364,-0.609939169769,1.269338405373
    ));
#490 = CARTESIAN_POINT('',(4.295884130811,-0.667914701558,1.269338405373
    ));
#491 = CARTESIAN_POINT('',(4.272007931874,-0.725556944848,1.269338405373
    ));
#492 = CARTESIAN_POINT('',(4.248269785554,-0.78286589964,1.269338405373)
  );
#493 = CARTESIAN_POINT('',(4.224669691851,-0.839841565933,1.269338405373
    ));
#494 = CARTESIAN_POINT('',(4.201207650763,-0.896483943727,1.269338405373
    ));
#495 = CARTESIAN_POINT('',(4.177883662292,-0.952793033023,1.269338405373
    ));
#496 = CARTESIAN_POINT('',(4.154697726437,-1.00876883382,1.269338405373)
  );
#497 = CARTESIAN_POINT('',(4.131649843199,-1.064411346118,1.269338405373
    ));
#498 = CARTESIAN_POINT('',(4.108740012577,-1.119720569918,1.269338405373
    ));
#499 = CARTESIAN_POINT('',(3.55151193136,-2.464988160927,1.269338405373)
  );
#500 = CARTESIAN_POINT('',(2.368142926712,-3.509870065854,1.269338398404
    ));
#501 = CARTESIAN_POINT('',(0.659702150751,-3.923262885354,1.269338497341
    ));
#502 = CARTESIAN_POINT('',(-1.17054232476,-3.385171524248,1.269338100488
    ));
#503 = CARTESIAN_POINT('',(-2.536114514568,-2.041943209283,
    1.269338976815));
#504 = CARTESIAN_POINT('',(-3.218001563387,1.211253319866E-12,
    1.269337709422));
#505 = CARTESIAN_POINT('',(-2.536114514568,2.041943209281,1.269338976816
    ));
#506 = CARTESIAN_POINT('',(-1.170542324761,3.385171524249,1.269338100487
    ));
#507 = CARTESIAN_POINT('',(0.659702150752,3.923262885354,1.269338497342)
  );
#508 = CARTESIAN_POINT('',(2.368142926712,3.509870065854,1.269338398404)
  );
#509 = CARTESIAN_POINT('',(3.55151193136,2.464988160927,1.269338405373)
  );
#510 = CARTESIAN_POINT('',(4.108740012577,1.119720569918,1.269338405373)
  );
#511 = CARTESIAN_POINT('',(4.131649843199,1.064411346118,1.269338405373)
  );
#512 = CARTESIAN_POINT('',(4.154697726437,1.00876883382,1.269338405373)
  );
#513 = CARTESIAN_POINT('',(4.177883662292,0.952793033023,1.269338405373)
  );
#514 = CARTESIAN_POINT('',(4.201207650763,0.896483943727,1.269338405373)
  );
#515 = CARTESIAN_POINT('',(4.224669691851,0.839841565933,1.269338405373)
  );
#516 = CARTESIAN_POINT('',(4.248269785554,0.78286589964,1.269338405373)
  );
#517 = CARTESIAN_POINT('',(4.272007931874,0.725556944848,1.269338405373)
  );
#518 = CARTESIAN_POINT('',(4.295884130811,0.667914701558,1.269338405373)
  );
#519 = CARTESIAN_POINT('',(4.319898382364,0.609939169769,1.269338405373)
  );
#520 = CARTESIAN_POINT('',(4.344050686533,0.551630349481,1.269338405373)
  );
#521 = CARTESIAN_POINT('',(4.368341043318,0.492988240695,1.269338405373)
  );
#522 = ORIENTED_EDGE('',*,*,#523,.F.);
#523 = EDGE_CURVE('',#380,#484,#524,.T.);
#524 = B_SPLINE_CURVE_WITH_KNOTS('',5,(#525,#526,#527,#528,#529,#530,
    #531,#532,#533,#534),.UNSPECIFIED.,.F.,.F.,(6,4,6),(0.,0.5,1.),
  .UNSPECIFIED.);
#525 = CARTESIAN_POINT('',(4.160220527411,1.20545281195,1.064979142851)
  );
#526 = CARTESIAN_POINT('',(4.160220527325,1.205452811915,1.086945211059)
  );
#527 = CARTESIAN_POINT('',(4.158363641376,1.204683664571,1.109287401744)
  );
#528 = CARTESIAN_POINT('',(4.154519320142,1.203091294577,1.131653463673)
  );
#529 = CARTESIAN_POINT('',(4.148681246824,1.200673085431,1.153609621265)
  );
#530 = CARTESIAN_POINT('',(4.133299432345,1.19430172926,1.195943886549)
  );
#531 = CARTESIAN_POINT('',(4.123755497541,1.190348502026,1.216322527195)
  );
#532 = CARTESIAN_POINT('',(4.112493966491,1.185683823132,1.235531219587)
  );
#533 = CARTESIAN_POINT('',(4.099792457984,1.180422686045,1.253257054289)
  );
#534 = CARTESIAN_POINT('',(4.085968234571,1.174696505219,1.269338405373)
  );
#535 = ORIENTED_EDGE('',*,*,#377,.F.);
#536 = ( BOUNDED_SURFACE() B_SPLINE_SURFACE(2,12,(
    (#537,#538,#539,#540,#541,#542,#543,#544,#545,#546,#547,#548,#549
      ,#550,#551,#552,#553,#554,#555,#556,#557,#558,#559,#560,#561,#562
      ,#563,#564,#565,#566,#567,#568,#569,#570,#571)
    ,(#572,#573,#574,#575,#576,#577,#578,#579,#580,#581,#582,#583,#584
      ,#585,#586,#587,#588,#589,#590,#591,#592,#593,#594,#595,#596,#597
      ,#598,#599,#600,#601,#602,#603,#604,#605,#606)
    ,(#607,#608,#609,#610,#611,#612,#613,#614,#615,#616,#617,#618,#619
      ,#620,#621,#622,#623,#624,#625,#626,#627,#628,#629,#630,#631,#632
      ,#633,#634,#635,#636,#637,#638,#639,#640,#641
)),.UNSPECIFIED.,.F.,.F.,.F.) B_SPLINE_SURFACE_WITH_KNOTS((3,3),(13,11,
    11,13),(0.,17.318029502913),(-0.737875708395,-5.005450452798E-16,
    17.318029502913,18.055905211308),.UNSPECIFIED.) 
GEOMETRIC_REPRESENTATION_ITEM() RATIONAL_B_SPLINE_SURFACE((
    (1.,1.,1.,1.,1.,1.,1.,1.,1.,1.,1.,1.,1.,1.,1.,1.,1.,1.,1.,1.,1.,1.
      ,1.,1.,1.,1.,1.,1.,1.,1.,1.,1.,1.,1.,1.)
    ,(0.93061798229,0.93061798229,0.93061798229,0.93061798229
      ,0.93061798229,0.93061798229,0.93061798229,0.93061798229
      ,0.93061798229,0.93061798229,0.93061798229,0.93061798229
      ,0.93061798229,0.93061801928,0.930617494111,0.930619600648
      ,0.930614949024,0.930621676455,0.930614949024,0.930619600647
      ,0.930617494111,0.93061801928,0.93061798229,0.93061798229
      ,0.93061798229,0.93061798229,0.93061798229,0.93061798229
      ,0.93061798229,0.93061798229,0.93061798229,0.93061798229
      ,0.93061798229,0.93061798229,0.93061798229)
    ,(1.,1.,1.,1.,1.,1.,1.,1.,1.,1.,1.,1.,1.,1.,1.,1.,1.,1.,1.,1.,1.,1.
,1.,1.,1.,1.,1.,1.,1.,1.,1.,1.,1.,1.,1.
))) REPRESENTATION_ITEM('') SURFACE() );
#537 = CARTESIAN_POINT('',(4.442593336158,-0.523744547427,1.064979142851
    ));
#538 = CARTESIAN_POINT('',(4.418899197873,-0.580947257422,1.064979142851
    ));
#539 = CARTESIAN_POINT('',(4.395234708841,-0.63807838779,1.064979142851)
  );
#540 = CARTESIAN_POINT('',(4.371599869062,-0.695137938531,1.064979142851
    ));
#541 = CARTESIAN_POINT('',(4.347994678535,-0.752125909643,1.064979142851
    ));
#542 = CARTESIAN_POINT('',(4.32441913726,-0.809042301129,1.064979142851)
  );
#543 = CARTESIAN_POINT('',(4.300873245238,-0.865887112986,1.064979142851
    ));
#544 = CARTESIAN_POINT('',(4.277357002469,-0.922660345216,1.064979142851
    ));
#545 = CARTESIAN_POINT('',(4.253870408952,-0.979361997818,1.064979142851
    ));
#546 = CARTESIAN_POINT('',(4.230413464688,-1.035992070792,1.064979142851
    ));
#547 = CARTESIAN_POINT('',(4.206986169676,-1.092550564139,1.064979142851
    ));
#548 = CARTESIAN_POINT('',(4.183588523917,-1.149037477858,1.064979142851
    ));
#549 = CARTESIAN_POINT('',(3.611770905991,-2.52952732626,1.064979142851)
  );
#550 = CARTESIAN_POINT('',(2.397473580719,-3.601570783487,1.064979180278
    ));
#551 = CARTESIAN_POINT('',(0.644651861499,-4.026279926308,1.064978648913
    ));
#552 = CARTESIAN_POINT('',(-1.234906135463,-3.473813323938,
    1.064980780301));
#553 = CARTESIAN_POINT('',(-2.634312668055,-2.095046805731,
    1.064976073802));
#554 = CARTESIAN_POINT('',(-3.335721730314,-5.195843755246E-12,
    1.064982880597));
#555 = CARTESIAN_POINT('',(-2.634312668056,2.095046805741,1.064976073802
    ));
#556 = CARTESIAN_POINT('',(-1.234906135463,3.473813323931,1.064980780301
    ));
#557 = CARTESIAN_POINT('',(0.644651861498,4.026279926312,1.064978648913)
  );
#558 = CARTESIAN_POINT('',(2.397473580719,3.601570783485,1.064979180278)
  );
#559 = CARTESIAN_POINT('',(3.611770905991,2.529527326261,1.064979142851)
  );
#560 = CARTESIAN_POINT('',(4.183588523917,1.149037477858,1.064979142851)
  );
#561 = CARTESIAN_POINT('',(4.206986169676,1.092550564139,1.064979142851)
  );
#562 = CARTESIAN_POINT('',(4.230413464688,1.035992070792,1.064979142851)
  );
#563 = CARTESIAN_POINT('',(4.253870408952,0.979361997818,1.064979142851)
  );
#564 = CARTESIAN_POINT('',(4.277357002469,0.922660345216,1.064979142851)
  );
#565 = CARTESIAN_POINT('',(4.300873245238,0.865887112986,1.064979142851)
  );
#566 = CARTESIAN_POINT('',(4.32441913726,0.809042301128,1.064979142851)
  );
#567 = CARTESIAN_POINT('',(4.347994678535,0.752125909643,1.064979142851)
  );
#568 = CARTESIAN_POINT('',(4.371599869062,0.695137938531,1.064979142851)
  );
#569 = CARTESIAN_POINT('',(4.395234708841,0.63807838779,1.064979142851)
  );
#570 = CARTESIAN_POINT('',(4.418899197873,0.580947257422,1.064979142851)
  );
#571 = CARTESIAN_POINT('',(4.442593336158,0.523744547427,1.064979142851)
  );
#572 = CARTESIAN_POINT('',(4.442593336158,-0.523744547427,1.182962690499
    ));
#573 = CARTESIAN_POINT('',(4.418899197873,-0.580947257422,1.182962690499
    ));
#574 = CARTESIAN_POINT('',(4.395234708841,-0.63807838779,1.182962690499)
  );
#575 = CARTESIAN_POINT('',(4.371599869061,-0.695137938531,1.182962690499
    ));
#576 = CARTESIAN_POINT('',(4.347994678534,-0.752125909643,1.182962690499
    ));
#577 = CARTESIAN_POINT('',(4.32441913726,-0.809042301129,1.182962690499)
  );
#578 = CARTESIAN_POINT('',(4.300873245238,-0.865887112986,1.182962690499
    ));
#579 = CARTESIAN_POINT('',(4.277357002469,-0.922660345216,1.182962690499
    ));
#580 = CARTESIAN_POINT('',(4.253870408952,-0.979361997818,1.182962690499
    ));
#581 = CARTESIAN_POINT('',(4.230413464688,-1.035992070792,1.182962690499
    ));
#582 = CARTESIAN_POINT('',(4.206986169676,-1.092550564139,1.182962690499
    ));
#583 = CARTESIAN_POINT('',(4.183588523917,-1.149037477858,1.182962690499
    ));
#584 = CARTESIAN_POINT('',(3.611770905991,-2.529527326261,1.182962690499
    ));
#585 = CARTESIAN_POINT('',(2.397473409613,-3.601570594418,1.182962692916
    ));
#586 = CARTESIAN_POINT('',(0.644651798713,-4.026281720893,1.182962658608
    ));
#587 = CARTESIAN_POINT('',(-1.23490220089,-3.473808210321,1.182962796222
    ));
#588 = CARTESIAN_POINT('',(-2.634324724748,-2.095052673194,
    1.182962492343));
#589 = CARTESIAN_POINT('',(-3.335704239193,3.357980560281E-12,
    1.182962931828));
#590 = CARTESIAN_POINT('',(-2.634324724748,2.095052673188,1.182962492343
    ));
#591 = CARTESIAN_POINT('',(-1.23490220089,3.473808210325,1.182962796222)
  );
#592 = CARTESIAN_POINT('',(0.644651798713,4.026281720891,1.182962658608)
  );
#593 = CARTESIAN_POINT('',(2.397473409613,3.601570594419,1.182962692916)
  );
#594 = CARTESIAN_POINT('',(3.611770905991,2.529527326261,1.182962690499)
  );
#595 = CARTESIAN_POINT('',(4.183588523917,1.149037477858,1.182962690499)
  );
#596 = CARTESIAN_POINT('',(4.206986169676,1.092550564139,1.182962690499)
  );
#597 = CARTESIAN_POINT('',(4.230413464688,1.035992070792,1.182962690499)
  );
#598 = CARTESIAN_POINT('',(4.253870408952,0.979361997818,1.182962690499)
  );
#599 = CARTESIAN_POINT('',(4.277357002469,0.922660345216,1.182962690499)
  );
#600 = CARTESIAN_POINT('',(4.300873245238,0.865887112986,1.182962690499)
  );
#601 = CARTESIAN_POINT('',(4.32441913726,0.809042301129,1.182962690499)
  );
#602 = CARTESIAN_POINT('',(4.347994678534,0.752125909643,1.182962690499)
  );
#603 = CARTESIAN_POINT('',(4.371599869061,0.695137938531,1.182962690499)
  );
#604 = CARTESIAN_POINT('',(4.395234708841,0.63807838779,1.182962690499)
  );
#605 = CARTESIAN_POINT('',(4.418899197873,0.580947257422,1.182962690499)
  );
#606 = CARTESIAN_POINT('',(4.442593336158,0.523744547427,1.182962690499)
  );
#607 = CARTESIAN_POINT('',(4.368341043318,-0.492988240695,1.269338405373
    ));
#608 = CARTESIAN_POINT('',(4.344050686533,-0.551630349481,1.269338405373
    ));
#609 = CARTESIAN_POINT('',(4.319898382364,-0.609939169769,1.269338405373
    ));
#610 = CARTESIAN_POINT('',(4.295884130811,-0.667914701558,1.269338405373
    ));
#611 = CARTESIAN_POINT('',(4.272007931874,-0.725556944848,1.269338405373
    ));
#612 = CARTESIAN_POINT('',(4.248269785554,-0.78286589964,1.269338405373)
  );
#613 = CARTESIAN_POINT('',(4.224669691851,-0.839841565933,1.269338405373
    ));
#614 = CARTESIAN_POINT('',(4.201207650763,-0.896483943727,1.269338405373
    ));
#615 = CARTESIAN_POINT('',(4.177883662292,-0.952793033023,1.269338405373
    ));
#616 = CARTESIAN_POINT('',(4.154697726437,-1.00876883382,1.269338405373)
  );
#617 = CARTESIAN_POINT('',(4.131649843199,-1.064411346118,1.269338405373
    ));
#618 = CARTESIAN_POINT('',(4.108740012577,-1.119720569918,1.269338405373
    ));
#619 = CARTESIAN_POINT('',(3.55151193136,-2.464988160927,1.269338405373)
  );
#620 = CARTESIAN_POINT('',(2.368142926712,-3.509870065854,1.269338398404
    ));
#621 = CARTESIAN_POINT('',(0.659702150751,-3.923262885354,1.269338497341
    ));
#622 = CARTESIAN_POINT('',(-1.17054232476,-3.385171524248,1.269338100488
    ));
#623 = CARTESIAN_POINT('',(-2.536114514568,-2.041943209283,
    1.269338976815));
#624 = CARTESIAN_POINT('',(-3.218001563387,1.211253319866E-12,
    1.269337709422));
#625 = CARTESIAN_POINT('',(-2.536114514568,2.041943209281,1.269338976816
    ));
#626 = CARTESIAN_POINT('',(-1.170542324761,3.385171524249,1.269338100487
    ));
#627 = CARTESIAN_POINT('',(0.659702150752,3.923262885354,1.269338497342)
  );
#628 = CARTESIAN_POINT('',(2.368142926712,3.509870065854,1.269338398404)
  );
#629 = CARTESIAN_POINT('',(3.55151193136,2.464988160927,1.269338405373)
  );
#630 = CARTESIAN_POINT('',(4.108740012577,1.119720569918,1.269338405373)
  );
#631 = CARTESIAN_POINT('',(4.131649843199,1.064411346118,1.269338405373)
  );
#632 = CARTESIAN_POINT('',(4.154697726437,1.00876883382,1.269338405373)
  );
#633 = CARTESIAN_POINT('',(4.177883662292,0.952793033023,1.269338405373)
  );
#634 = CARTESIAN_POINT('',(4.201207650763,0.896483943727,1.269338405373)
  );
#635 = CARTESIAN_POINT('',(4.224669691851,0.839841565933,1.269338405373)
  );
#636 = CARTESIAN_POINT('',(4.248269785554,0.78286589964,1.269338405373)
  );
#637 = CARTESIAN_POINT('',(4.272007931874,0.725556944848,1.269338405373)
  );
#638 = CARTESIAN_POINT('',(4.295884130811,0.667914701558,1.269338405373)
  );
#639 = CARTESIAN_POINT('',(4.319898382364,0.609939169769,1.269338405373)
  );
#640 = CARTESIAN_POINT('',(4.344050686533,0.551630349481,1.269338405373)
  );
#641 = CARTESIAN_POINT('',(4.368341043318,0.492988240695,1.269338405373)
  );
#642 = ADVANCED_FACE('',(#643),#665,.T.);
#643 = FACE_BOUND('',#644,.T.);
#644 = EDGE_LOOP('',(#645,#646,#663,#664));
#645 = ORIENTED_EDGE('',*,*,#523,.T.);
#646 = ORIENTED_EDGE('',*,*,#647,.T.);
#647 = EDGE_CURVE('',#484,#469,#648,.T.);
#648 = B_SPLINE_CURVE_WITH_KNOTS('',5,(#649,#650,#651,#652,#653,#654,
    #655,#656,#657,#658,#659,#660,#661,#662),.UNSPECIFIED.,.F.,.F.,(6,4,
    4,6),(-0.150460971643,-1.699349482237E-07,2.474004384637,
    2.624464954166),.UNSPECIFIED.);
#649 = CARTESIAN_POINT('',(4.028389379453,1.313704158425,1.269338405373)
  );
#650 = CARTESIAN_POINT('',(4.040198971339,1.285193281472,1.269338405373)
  );
#651 = CARTESIAN_POINT('',(4.051861652875,1.257037077477,1.269338405373)
  );
#652 = CARTESIAN_POINT('',(4.063377424063,1.22923554644,1.269338405373)
  );
#653 = CARTESIAN_POINT('',(4.074746284901,1.201788688362,1.269338405373)
  );
#654 = CARTESIAN_POINT('',(4.270489096011,0.72922373811,1.269338405373)
  );
#655 = CARTESIAN_POINT('',(4.367563702078,0.247524287167,1.269338405373)
  );
#656 = CARTESIAN_POINT('',(4.36756434983,-0.247522755157,1.269338405373)
  );
#657 = CARTESIAN_POINT('',(4.270489454492,-0.729222872661,1.269338405373
    ));
#658 = CARTESIAN_POINT('',(4.074746280416,-1.201788699189,1.269338405373
    ));
#659 = CARTESIAN_POINT('',(4.063377417335,-1.229235562681,1.269338405373
    ));
#660 = CARTESIAN_POINT('',(4.051861646148,-1.257037093718,1.269338405373
    ));
#661 = CARTESIAN_POINT('',(4.040198966854,-1.285193292299,1.269338405373
    ));
#662 = CARTESIAN_POINT('',(4.028389379453,-1.313704158425,1.269338405373
    ));
#663 = ORIENTED_EDGE('',*,*,#468,.F.);
#664 = ORIENTED_EDGE('',*,*,#440,.F.);
#665 = ( BOUNDED_SURFACE() B_SPLINE_SURFACE(2,5,(
    (#666,#667,#668,#669,#670,#671,#672,#673,#674,#675,#676,#677,#678
      ,#679)
    ,(#680,#681,#682,#683,#684,#685,#686,#687,#688,#689,#690,#691,#692
      ,#693)
    ,(#694,#695,#696,#697,#698,#699,#700,#701,#702,#703,#704,#705,#706
,#707
    )),.UNSPECIFIED.,.F.,.F.,.F.) B_SPLINE_SURFACE_WITH_KNOTS((3,3),(6,4
    ,4,6),(0.,2.474004554572),(-0.150460971643,-1.699349482237E-07,
    2.474004384637,2.624464954166),.UNSPECIFIED.) 
GEOMETRIC_REPRESENTATION_ITEM() RATIONAL_B_SPLINE_SURFACE((
    (1.,1.,1.,1.,1.,1.,1.,1.,1.,1.,1.,1.,1.,1.)
    ,(0.93061798229,0.93061798229,0.93061798229,0.93061798229
      ,0.93061798229,0.93061798229,0.93061798229,0.93061798229
      ,0.93061798229,0.93061798229,0.93061798229,0.93061798229
      ,0.93061798229,0.93061798229)
,(1.,1.,1.,1.,1.,1.,1.,1.,1.,1.,1.,1.,1.,1.
))) REPRESENTATION_ITEM('') SURFACE() );
#666 = CARTESIAN_POINT('',(4.102641670439,1.344460469082,1.064979142851)
  );
#667 = CARTESIAN_POINT('',(4.114157445154,1.316658929638,1.064979142851)
  );
#668 = CARTESIAN_POINT('',(4.125673218125,1.288857394406,1.064979142851)
  );
#669 = CARTESIAN_POINT('',(4.137188989351,1.261055863385,1.064979142851)
  );
#670 = CARTESIAN_POINT('',(4.148704758833,1.233254336576,1.064979142851)
  );
#671 = CARTESIAN_POINT('',(4.349572580446,0.748316518349,1.064979142851)
  );
#672 = CARTESIAN_POINT('',(4.44918882011,0.254004984338,1.064979142851)
  );
#673 = CARTESIAN_POINT('',(4.449189507099,-0.254003344051,1.064979142851
    ));
#674 = CARTESIAN_POINT('',(4.349572930008,-0.748315674432,1.064979142851
    ));
#675 = CARTESIAN_POINT('',(4.148704755344,-1.233254344999,1.064979142851
    ));
#676 = CARTESIAN_POINT('',(4.137188984118,-1.26105587602,1.064979142851)
  );
#677 = CARTESIAN_POINT('',(4.125673212892,-1.288857407041,1.064979142851
    ));
#678 = CARTESIAN_POINT('',(4.114157441665,-1.316658938061,1.064979142851
    ));
#679 = CARTESIAN_POINT('',(4.102641670439,-1.344460469082,1.064979142851
    ));
#680 = CARTESIAN_POINT('',(4.102641670439,1.344460469082,1.182962690499)
  );
#681 = CARTESIAN_POINT('',(4.114157445154,1.316658929638,1.182962690499)
  );
#682 = CARTESIAN_POINT('',(4.125673218125,1.288857394406,1.182962690499)
  );
#683 = CARTESIAN_POINT('',(4.137188989351,1.261055863385,1.182962690499)
  );
#684 = CARTESIAN_POINT('',(4.148704758833,1.233254336576,1.182962690499)
  );
#685 = CARTESIAN_POINT('',(4.349572580446,0.748316518349,1.182962690499)
  );
#686 = CARTESIAN_POINT('',(4.44918882011,0.254004984338,1.182962690499)
  );
#687 = CARTESIAN_POINT('',(4.449189507099,-0.254003344051,1.182962690499
    ));
#688 = CARTESIAN_POINT('',(4.349572930008,-0.748315674432,1.182962690499
    ));
#689 = CARTESIAN_POINT('',(4.148704755344,-1.233254344999,1.182962690499
    ));
#690 = CARTESIAN_POINT('',(4.137188984118,-1.26105587602,1.182962690499)
  );
#691 = CARTESIAN_POINT('',(4.125673212892,-1.288857407041,1.182962690499
    ));
#692 = CARTESIAN_POINT('',(4.114157441665,-1.316658938061,1.182962690499
    ));
#693 = CARTESIAN_POINT('',(4.102641670439,-1.344460469082,1.182962690499
    ));
#694 = CARTESIAN_POINT('',(4.028389379453,1.313704158425,1.269338405373)
  );
#695 = CARTESIAN_POINT('',(4.040198971339,1.285193281472,1.269338405373)
  );
#696 = CARTESIAN_POINT('',(4.051861652875,1.257037077477,1.269338405373)
  );
#697 = CARTESIAN_POINT('',(4.063377424063,1.22923554644,1.269338405373)
  );
#698 = CARTESIAN_POINT('',(4.074746284901,1.201788688362,1.269338405373)
  );
#699 = CARTESIAN_POINT('',(4.270489096011,0.72922373811,1.269338405373)
  );
#700 = CARTESIAN_POINT('',(4.367563702078,0.247524287167,1.269338405373)
  );
#701 = CARTESIAN_POINT('',(4.36756434983,-0.247522755157,1.269338405373)
  );
#702 = CARTESIAN_POINT('',(4.270489454492,-0.729222872661,1.269338405373
    ));
#703 = CARTESIAN_POINT('',(4.074746280416,-1.201788699189,1.269338405373
    ));
#704 = CARTESIAN_POINT('',(4.063377417335,-1.229235562681,1.269338405373
    ));
#705 = CARTESIAN_POINT('',(4.051861646148,-1.257037093718,1.269338405373
    ));
#706 = CARTESIAN_POINT('',(4.040198966854,-1.285193292299,1.269338405373
    ));
#707 = CARTESIAN_POINT('',(4.028389379453,-1.313704158425,1.269338405373
    ));
#708 = ADVANCED_FACE('',(#709),#768,.F.);
#709 = FACE_BOUND('',#710,.F.);
#710 = EDGE_LOOP('',(#711,#720,#721,#730));
#711 = ORIENTED_EDGE('',*,*,#712,.F.);
#712 = EDGE_CURVE('',#469,#713,#715,.T.);
#713 = VERTEX_POINT('',#714);
#714 = CARTESIAN_POINT('',(4.085968234571,-1.174696505219,1.930661594627
    ));
#715 = CIRCLE('',#716,0.485412195974);
#716 = AXIS2_PLACEMENT_3D('',#717,#718,#719);
#717 = CARTESIAN_POINT('',(4.414287398851,-1.31069075585,1.6));
#718 = DIRECTION('',(0.382683432365,0.923879532511,2.775557561563E-17));
#719 = DIRECTION('',(-0.523404384043,0.216801194476,-0.824041924199));
#720 = ORIENTED_EDGE('',*,*,#483,.T.);
#721 = ORIENTED_EDGE('',*,*,#722,.T.);
#722 = EDGE_CURVE('',#484,#723,#725,.T.);
#723 = VERTEX_POINT('',#724);
#724 = CARTESIAN_POINT('',(4.085968234571,1.174696505219,1.930661594627)
  );
#725 = CIRCLE('',#726,0.485412195974);
#726 = AXIS2_PLACEMENT_3D('',#727,#728,#729);
#727 = CARTESIAN_POINT('',(4.414287398851,1.31069075585,1.6));
#728 = DIRECTION('',(-0.382683432365,0.923879532511,-2.775557561563E-17)
  );
#729 = DIRECTION('',(-0.523404384043,-0.216801194476,-0.824041924199));
#730 = ORIENTED_EDGE('',*,*,#731,.F.);
#731 = EDGE_CURVE('',#713,#723,#732,.T.);
#732 = B_SPLINE_CURVE_WITH_KNOTS('',12,(#733,#734,#735,#736,#737,#738,
    #739,#740,#741,#742,#743,#744,#745,#746,#747,#748,#749,#750,#751,
    #752,#753,#754,#755,#756,#757,#758,#759,#760,#761,#762,#763,#764,
    #765,#766,#767),.UNSPECIFIED.,.F.,.F.,(13,11,11,13),(-0.737875708395
    ,-4.947925115305E-16,17.318029502913,18.055905211308),
  .UNSPECIFIED.);
#733 = CARTESIAN_POINT('',(4.368341043318,-0.492988240695,1.930661594627
    ));
#734 = CARTESIAN_POINT('',(4.344050686533,-0.551630349481,1.930661594627
    ));
#735 = CARTESIAN_POINT('',(4.319898382364,-0.609939169769,1.930661594627
    ));
#736 = CARTESIAN_POINT('',(4.295884130811,-0.667914701558,1.930661594627
    ));
#737 = CARTESIAN_POINT('',(4.272007931874,-0.725556944848,1.930661594627
    ));
#738 = CARTESIAN_POINT('',(4.248269785554,-0.78286589964,1.930661594627)
  );
#739 = CARTESIAN_POINT('',(4.224669691851,-0.839841565933,1.930661594627
    ));
#740 = CARTESIAN_POINT('',(4.201207650763,-0.896483943727,1.930661594627
    ));
#741 = CARTESIAN_POINT('',(4.177883662292,-0.952793033023,1.930661594627
    ));
#742 = CARTESIAN_POINT('',(4.154697726437,-1.00876883382,1.930661594627)
  );
#743 = CARTESIAN_POINT('',(4.131649843199,-1.064411346118,1.930661594627
    ));
#744 = CARTESIAN_POINT('',(4.108740012577,-1.119720569918,1.930661594627
    ));
#745 = CARTESIAN_POINT('',(3.55151193136,-2.464988160927,1.930661594627)
  );
#746 = CARTESIAN_POINT('',(2.368142926712,-3.509870065855,1.930661601596
    ));
#747 = CARTESIAN_POINT('',(0.659702150751,-3.923262885354,1.930661502657
    ));
#748 = CARTESIAN_POINT('',(-1.17054232476,-3.385171524248,1.930661899515
    ));
#749 = CARTESIAN_POINT('',(-2.536114514567,-2.041943209282,
    1.930661023182));
#750 = CARTESIAN_POINT('',(-3.218001563388,6.15951734062E-13,
    1.930662290581));
#751 = CARTESIAN_POINT('',(-2.536114514567,2.041943209281,1.930661023182
    ));
#752 = CARTESIAN_POINT('',(-1.170542324761,3.385171524249,1.930661899514
    ));
#753 = CARTESIAN_POINT('',(0.659702150752,3.923262885354,1.930661502658)
  );
#754 = CARTESIAN_POINT('',(2.368142926712,3.509870065854,1.930661601596)
  );
#755 = CARTESIAN_POINT('',(3.55151193136,2.464988160927,1.930661594627)
  );
#756 = CARTESIAN_POINT('',(4.108740012577,1.119720569918,1.930661594627)
  );
#757 = CARTESIAN_POINT('',(4.131649843199,1.064411346118,1.930661594627)
  );
#758 = CARTESIAN_POINT('',(4.154697726437,1.00876883382,1.930661594627)
  );
#759 = CARTESIAN_POINT('',(4.177883662292,0.952793033023,1.930661594627)
  );
#760 = CARTESIAN_POINT('',(4.201207650763,0.896483943727,1.930661594627)
  );
#761 = CARTESIAN_POINT('',(4.224669691851,0.839841565933,1.930661594627)
  );
#762 = CARTESIAN_POINT('',(4.248269785554,0.78286589964,1.930661594627)
  );
#763 = CARTESIAN_POINT('',(4.272007931874,0.725556944848,1.930661594627)
  );
#764 = CARTESIAN_POINT('',(4.295884130811,0.667914701558,1.930661594627)
  );
#765 = CARTESIAN_POINT('',(4.319898382364,0.609939169769,1.930661594627)
  );
#766 = CARTESIAN_POINT('',(4.344050686533,0.551630349481,1.930661594627)
  );
#767 = CARTESIAN_POINT('',(4.368341043318,0.492988240695,1.930661594627)
  );
#768 = SURFACE_OF_REVOLUTION('',#769,#774);
#769 = CIRCLE('',#770,0.485412195974);
#770 = AXIS2_PLACEMENT_3D('',#771,#772,#773);
#771 = CARTESIAN_POINT('',(4.414287398851,-1.31069075585,1.6));
#772 = DIRECTION('',(0.382683432365,0.923879532511,0.));
#773 = DIRECTION('',(-0.523404384043,0.216801194476,-0.824041924199));
#774 = AXIS1_PLACEMENT('',#775,#776);
#775 = CARTESIAN_POINT('',(1.25,0.,0.));
#776 = DIRECTION('',(0.,0.,-1.));
#777 = ADVANCED_FACE('',(#778),#800,.F.);
#778 = FACE_BOUND('',#779,.F.);
#779 = EDGE_LOOP('',(#780,#781,#782,#783));
#780 = ORIENTED_EDGE('',*,*,#722,.F.);
#781 = ORIENTED_EDGE('',*,*,#647,.T.);
#782 = ORIENTED_EDGE('',*,*,#712,.T.);
#783 = ORIENTED_EDGE('',*,*,#784,.F.);
#784 = EDGE_CURVE('',#723,#713,#785,.T.);
#785 = B_SPLINE_CURVE_WITH_KNOTS('',5,(#786,#787,#788,#789,#790,#791,
    #792,#793,#794,#795,#796,#797,#798,#799),.UNSPECIFIED.,.F.,.F.,(6,4,
    4,6),(-0.150460971643,-1.699349482392E-07,2.474004384637,
    2.624464954166),.UNSPECIFIED.);
#786 = CARTESIAN_POINT('',(4.028389379453,1.313704158425,1.930661594627)
  );
#787 = CARTESIAN_POINT('',(4.040198971339,1.285193281472,1.930661594627)
  );
#788 = CARTESIAN_POINT('',(4.051861652875,1.257037077477,1.930661594627)
  );
#789 = CARTESIAN_POINT('',(4.063377424063,1.22923554644,1.930661594627)
  );
#790 = CARTESIAN_POINT('',(4.074746284901,1.201788688362,1.930661594627)
  );
#791 = CARTESIAN_POINT('',(4.270489096011,0.72922373811,1.930661594627)
  );
#792 = CARTESIAN_POINT('',(4.367563702078,0.247524287167,1.930661594627)
  );
#793 = CARTESIAN_POINT('',(4.36756434983,-0.247522755157,1.930661594627)
  );
#794 = CARTESIAN_POINT('',(4.270489454492,-0.729222872661,1.930661594627
    ));
#795 = CARTESIAN_POINT('',(4.074746280416,-1.201788699189,1.930661594627
    ));
#796 = CARTESIAN_POINT('',(4.063377417335,-1.229235562681,1.930661594627
    ));
#797 = CARTESIAN_POINT('',(4.051861646148,-1.257037093718,1.930661594627
    ));
#798 = CARTESIAN_POINT('',(4.040198966854,-1.285193292299,1.930661594627
    ));
#799 = CARTESIAN_POINT('',(4.028389379453,-1.313704158425,1.930661594627
    ));
#800 = SURFACE_OF_REVOLUTION('',#801,#806);
#801 = CIRCLE('',#802,0.485412195974);
#802 = AXIS2_PLACEMENT_3D('',#803,#804,#805);
#803 = CARTESIAN_POINT('',(4.414287398851,1.31069075585,1.6));
#804 = DIRECTION('',(-0.382683432365,0.923879532511,0.));
#805 = DIRECTION('',(-0.523404384043,-0.216801194476,-0.824041924199));
#806 = AXIS1_PLACEMENT('',#807,#808);
#807 = CARTESIAN_POINT('',(1.25,0.,0.));
#808 = DIRECTION('',(0.,0.,-1.));
#809 = ADVANCED_FACE('',(#810),#881,.T.);
#810 = FACE_BOUND('',#811,.T.);
#811 = EDGE_LOOP('',(#812,#827,#867,#880));
#812 = ORIENTED_EDGE('',*,*,#813,.T.);
#813 = EDGE_CURVE('',#713,#814,#816,.T.);
#814 = VERTEX_POINT('',#815);
#815 = CARTESIAN_POINT('',(4.160220527411,-1.20545281195,2.135020857149)
  );
#816 = B_SPLINE_CURVE_WITH_KNOTS('',5,(#817,#818,#819,#820,#821,#822,
    #823,#824,#825,#826),.UNSPECIFIED.,.F.,.F.,(6,4,6),(0.,0.5,1.),
  .UNSPECIFIED.);
#817 = CARTESIAN_POINT('',(4.085968234571,-1.174696505219,1.930661594627
    ));
#818 = CARTESIAN_POINT('',(4.099792457984,-1.180422686045,1.946742945711
    ));
#819 = CARTESIAN_POINT('',(4.112493966491,-1.185683823132,1.964468780413
    ));
#820 = CARTESIAN_POINT('',(4.123755497541,-1.190348502026,1.983677472805
    ));
#821 = CARTESIAN_POINT('',(4.133299432345,-1.19430172926,2.004056113451)
  );
#822 = CARTESIAN_POINT('',(4.148681246824,-1.200673085431,2.046390378735
    ));
#823 = CARTESIAN_POINT('',(4.154519320142,-1.203091294577,2.068346536327
    ));
#824 = CARTESIAN_POINT('',(4.158363641376,-1.204683664571,2.090712598256
    ));
#825 = CARTESIAN_POINT('',(4.160220527325,-1.205452811915,2.113054788941
    ));
#826 = CARTESIAN_POINT('',(4.160220527411,-1.20545281195,2.135020857149)
  );
#827 = ORIENTED_EDGE('',*,*,#828,.T.);
#828 = EDGE_CURVE('',#814,#829,#831,.T.);
#829 = VERTEX_POINT('',#830);
#830 = CARTESIAN_POINT('',(4.160220527411,1.20545281195,2.135020857149)
  );
#831 = B_SPLINE_CURVE_WITH_KNOTS('',12,(#832,#833,#834,#835,#836,#837,
    #838,#839,#840,#841,#842,#843,#844,#845,#846,#847,#848,#849,#850,
    #851,#852,#853,#854,#855,#856,#857,#858,#859,#860,#861,#862,#863,
    #864,#865,#866),.UNSPECIFIED.,.F.,.F.,(13,11,11,13),(-0.737875708395
    ,-4.947925115305E-16,17.318029502913,18.055905211308),
  .UNSPECIFIED.);
#832 = CARTESIAN_POINT('',(4.442593336158,-0.523744547427,2.135020857149
    ));
#833 = CARTESIAN_POINT('',(4.418899197873,-0.580947257422,2.135020857149
    ));
#834 = CARTESIAN_POINT('',(4.395234708841,-0.63807838779,2.135020857149)
  );
#835 = CARTESIAN_POINT('',(4.371599869062,-0.695137938531,2.135020857149
    ));
#836 = CARTESIAN_POINT('',(4.347994678535,-0.752125909643,2.135020857149
    ));
#837 = CARTESIAN_POINT('',(4.32441913726,-0.809042301129,2.135020857149)
  );
#838 = CARTESIAN_POINT('',(4.300873245238,-0.865887112986,2.135020857149
    ));
#839 = CARTESIAN_POINT('',(4.277357002469,-0.922660345216,2.135020857149
    ));
#840 = CARTESIAN_POINT('',(4.253870408952,-0.979361997818,2.135020857149
    ));
#841 = CARTESIAN_POINT('',(4.230413464688,-1.035992070792,2.135020857149
    ));
#842 = CARTESIAN_POINT('',(4.206986169676,-1.092550564139,2.135020857149
    ));
#843 = CARTESIAN_POINT('',(4.183588523917,-1.149037477858,2.135020857149
    ));
#844 = CARTESIAN_POINT('',(3.61177090599,-2.52952732626,2.135020857149)
  );
#845 = CARTESIAN_POINT('',(2.397473580719,-3.601570783487,2.135020819723
    ));
#846 = CARTESIAN_POINT('',(0.644651861498,-4.026279926309,2.135021351086
    ));
#847 = CARTESIAN_POINT('',(-1.234906135462,-3.473813323936,
    2.135019219701));
#848 = CARTESIAN_POINT('',(-2.634312668057,-2.095046805733,
    2.135023926195));
#849 = CARTESIAN_POINT('',(-3.335721730313,-3.16902060149E-12,
    2.135017119406));
#850 = CARTESIAN_POINT('',(-2.634312668057,2.095046805739,2.135023926196
    ));
#851 = CARTESIAN_POINT('',(-1.234906135462,3.473813323932,2.1350192197)
  );
#852 = CARTESIAN_POINT('',(0.644651861498,4.026279926311,2.135021351086)
  );
#853 = CARTESIAN_POINT('',(2.397473580719,3.601570783485,2.135020819722)
  );
#854 = CARTESIAN_POINT('',(3.61177090599,2.529527326261,2.135020857149)
  );
#855 = CARTESIAN_POINT('',(4.183588523917,1.149037477858,2.135020857149)
  );
#856 = CARTESIAN_POINT('',(4.206986169676,1.092550564139,2.135020857149)
  );
#857 = CARTESIAN_POINT('',(4.230413464688,1.035992070792,2.135020857149)
  );
#858 = CARTESIAN_POINT('',(4.253870408952,0.979361997818,2.135020857149)
  );
#859 = CARTESIAN_POINT('',(4.277357002469,0.922660345216,2.135020857149)
  );
#860 = CARTESIAN_POINT('',(4.300873245238,0.865887112986,2.135020857149)
  );
#861 = CARTESIAN_POINT('',(4.32441913726,0.809042301128,2.135020857149)
  );
#862 = CARTESIAN_POINT('',(4.347994678535,0.752125909643,2.135020857149)
  );
#863 = CARTESIAN_POINT('',(4.371599869062,0.695137938531,2.135020857149)
  );
#864 = CARTESIAN_POINT('',(4.395234708841,0.63807838779,2.135020857149)
  );
#865 = CARTESIAN_POINT('',(4.418899197873,0.580947257422,2.135020857149)
  );
#866 = CARTESIAN_POINT('',(4.442593336158,0.523744547427,2.135020857149)
  );
#867 = ORIENTED_EDGE('',*,*,#868,.F.);
#868 = EDGE_CURVE('',#723,#829,#869,.T.);
#869 = B_SPLINE_CURVE_WITH_KNOTS('',5,(#870,#871,#872,#873,#874,#875,
    #876,#877,#878,#879),.UNSPECIFIED.,.F.,.F.,(6,4,6),(0.,0.5,1.),
  .UNSPECIFIED.);
#870 = CARTESIAN_POINT('',(4.085968234571,1.174696505219,1.930661594627)
  );
#871 = CARTESIAN_POINT('',(4.099792457984,1.180422686045,1.946742945711)
  );
#872 = CARTESIAN_POINT('',(4.112493966491,1.185683823132,1.964468780413)
  );
#873 = CARTESIAN_POINT('',(4.123755497541,1.190348502026,1.983677472805)
  );
#874 = CARTESIAN_POINT('',(4.133299432345,1.19430172926,2.004056113451)
  );
#875 = CARTESIAN_POINT('',(4.148681246824,1.200673085431,2.046390378735)
  );
#876 = CARTESIAN_POINT('',(4.154519320142,1.203091294577,2.068346536327)
  );
#877 = CARTESIAN_POINT('',(4.158363641376,1.204683664571,2.090712598256)
  );
#878 = CARTESIAN_POINT('',(4.160220527325,1.205452811915,2.113054788941)
  );
#879 = CARTESIAN_POINT('',(4.160220527411,1.20545281195,2.135020857149)
  );
#880 = ORIENTED_EDGE('',*,*,#731,.F.);
#881 = ( BOUNDED_SURFACE() B_SPLINE_SURFACE(2,12,(
    (#882,#883,#884,#885,#886,#887,#888,#889,#890,#891,#892,#893,#894
      ,#895,#896,#897,#898,#899,#900,#901,#902,#903,#904,#905,#906,#907
      ,#908,#909,#910,#911,#912,#913,#914,#915,#916)
    ,(#917,#918,#919,#920,#921,#922,#923,#924,#925,#926,#927,#928,#929
      ,#930,#931,#932,#933,#934,#935,#936,#937,#938,#939,#940,#941,#942
      ,#943,#944,#945,#946,#947,#948,#949,#950,#951)
    ,(#952,#953,#954,#955,#956,#957,#958,#959,#960,#961,#962,#963,#964
      ,#965,#966,#967,#968,#969,#970,#971,#972,#973,#974,#975,#976,#977
      ,#978,#979,#980,#981,#982,#983,#984,#985,#986
)),.UNSPECIFIED.,.F.,.F.,.F.) B_SPLINE_SURFACE_WITH_KNOTS((3,3),(13,11,
    11,13),(0.,17.318029502913),(-0.737875708395,-4.947925115305E-16,
    17.318029502913,18.055905211308),.UNSPECIFIED.) 
GEOMETRIC_REPRESENTATION_ITEM() RATIONAL_B_SPLINE_SURFACE((
    (1.,1.,1.,1.,1.,1.,1.,1.,1.,1.,1.,1.,1.,1.,1.,1.,1.,1.,1.,1.,1.,1.
      ,1.,1.,1.,1.,1.,1.,1.,1.,1.,1.,1.,1.,1.)
    ,(0.93061798229,0.93061798229,0.93061798229,0.93061798229
      ,0.93061798229,0.93061798229,0.93061798229,0.93061798229
      ,0.93061798229,0.93061798229,0.93061798229,0.93061798229
      ,0.93061798229,0.93061801928,0.930617494111,0.930619600647
      ,0.930614949024,0.930621676454,0.930614949024,0.930619600647
      ,0.930617494111,0.93061801928,0.93061798229,0.93061798229
      ,0.93061798229,0.93061798229,0.93061798229,0.93061798229
      ,0.93061798229,0.93061798229,0.93061798229,0.93061798229
      ,0.93061798229,0.93061798229,0.93061798229)
    ,(1.,1.,1.,1.,1.,1.,1.,1.,1.,1.,1.,1.,1.,1.,1.,1.,1.,1.,1.,1.,1.,1.
,1.,1.,1.,1.,1.,1.,1.,1.,1.,1.,1.,1.,1.
))) REPRESENTATION_ITEM('') SURFACE() );
#882 = CARTESIAN_POINT('',(4.368341043318,-0.492988240695,1.930661594627
    ));
#883 = CARTESIAN_POINT('',(4.344050686533,-0.551630349481,1.930661594627
    ));
#884 = CARTESIAN_POINT('',(4.319898382364,-0.609939169769,1.930661594627
    ));
#885 = CARTESIAN_POINT('',(4.295884130811,-0.667914701558,1.930661594627
    ));
#886 = CARTESIAN_POINT('',(4.272007931874,-0.725556944848,1.930661594627
    ));
#887 = CARTESIAN_POINT('',(4.248269785554,-0.78286589964,1.930661594627)
  );
#888 = CARTESIAN_POINT('',(4.224669691851,-0.839841565933,1.930661594627
    ));
#889 = CARTESIAN_POINT('',(4.201207650763,-0.896483943727,1.930661594627
    ));
#890 = CARTESIAN_POINT('',(4.177883662292,-0.952793033023,1.930661594627
    ));
#891 = CARTESIAN_POINT('',(4.154697726437,-1.00876883382,1.930661594627)
  );
#892 = CARTESIAN_POINT('',(4.131649843199,-1.064411346118,1.930661594627
    ));
#893 = CARTESIAN_POINT('',(4.108740012577,-1.119720569918,1.930661594627
    ));
#894 = CARTESIAN_POINT('',(3.55151193136,-2.464988160927,1.930661594627)
  );
#895 = CARTESIAN_POINT('',(2.368142926712,-3.509870065855,1.930661601596
    ));
#896 = CARTESIAN_POINT('',(0.659702150751,-3.923262885354,1.930661502657
    ));
#897 = CARTESIAN_POINT('',(-1.17054232476,-3.385171524248,1.930661899515
    ));
#898 = CARTESIAN_POINT('',(-2.536114514567,-2.041943209282,
    1.930661023182));
#899 = CARTESIAN_POINT('',(-3.218001563388,6.15951734062E-13,
    1.930662290581));
#900 = CARTESIAN_POINT('',(-2.536114514567,2.041943209281,1.930661023182
    ));
#901 = CARTESIAN_POINT('',(-1.170542324761,3.385171524249,1.930661899514
    ));
#902 = CARTESIAN_POINT('',(0.659702150752,3.923262885354,1.930661502658)
  );
#903 = CARTESIAN_POINT('',(2.368142926712,3.509870065854,1.930661601596)
  );
#904 = CARTESIAN_POINT('',(3.55151193136,2.464988160927,1.930661594627)
  );
#905 = CARTESIAN_POINT('',(4.108740012577,1.119720569918,1.930661594627)
  );
#906 = CARTESIAN_POINT('',(4.131649843199,1.064411346118,1.930661594627)
  );
#907 = CARTESIAN_POINT('',(4.154697726437,1.00876883382,1.930661594627)
  );
#908 = CARTESIAN_POINT('',(4.177883662292,0.952793033023,1.930661594627)
  );
#909 = CARTESIAN_POINT('',(4.201207650763,0.896483943727,1.930661594627)
  );
#910 = CARTESIAN_POINT('',(4.224669691851,0.839841565933,1.930661594627)
  );
#911 = CARTESIAN_POINT('',(4.248269785554,0.78286589964,1.930661594627)
  );
#912 = CARTESIAN_POINT('',(4.272007931874,0.725556944848,1.930661594627)
  );
#913 = CARTESIAN_POINT('',(4.295884130811,0.667914701558,1.930661594627)
  );
#914 = CARTESIAN_POINT('',(4.319898382364,0.609939169769,1.930661594627)
  );
#915 = CARTESIAN_POINT('',(4.344050686533,0.551630349481,1.930661594627)
  );
#916 = CARTESIAN_POINT('',(4.368341043318,0.492988240695,1.930661594627)
  );
#917 = CARTESIAN_POINT('',(4.442593336158,-0.523744547427,2.017037309501
    ));
#918 = CARTESIAN_POINT('',(4.418899197873,-0.580947257422,2.017037309501
    ));
#919 = CARTESIAN_POINT('',(4.395234708841,-0.63807838779,2.017037309501)
  );
#920 = CARTESIAN_POINT('',(4.371599869061,-0.695137938531,2.017037309501
    ));
#921 = CARTESIAN_POINT('',(4.347994678534,-0.752125909643,2.017037309501
    ));
#922 = CARTESIAN_POINT('',(4.32441913726,-0.809042301129,2.017037309501)
  );
#923 = CARTESIAN_POINT('',(4.300873245238,-0.865887112986,2.017037309501
    ));
#924 = CARTESIAN_POINT('',(4.277357002469,-0.922660345216,2.017037309501
    ));
#925 = CARTESIAN_POINT('',(4.253870408952,-0.979361997818,2.017037309501
    ));
#926 = CARTESIAN_POINT('',(4.230413464688,-1.035992070792,2.017037309501
    ));
#927 = CARTESIAN_POINT('',(4.206986169676,-1.092550564139,2.017037309501
    ));
#928 = CARTESIAN_POINT('',(4.183588523917,-1.149037477858,2.017037309501
    ));
#929 = CARTESIAN_POINT('',(3.611770905991,-2.529527326261,2.017037309501
    ));
#930 = CARTESIAN_POINT('',(2.397473409613,-3.601570594418,2.017037307084
    ));
#931 = CARTESIAN_POINT('',(0.644651798713,-4.026281720893,2.017037341392
    ));
#932 = CARTESIAN_POINT('',(-1.234902200889,-3.473808210322,
    2.017037203778));
#933 = CARTESIAN_POINT('',(-2.634324724748,-2.095052673194,
    2.017037507657));
#934 = CARTESIAN_POINT('',(-3.335704239193,2.968070234033E-12,
    2.017037068171));
#935 = CARTESIAN_POINT('',(-2.634324724748,2.095052673188,2.017037507657
    ));
#936 = CARTESIAN_POINT('',(-1.23490220089,3.473808210326,2.017037203778)
  );
#937 = CARTESIAN_POINT('',(0.644651798713,4.026281720891,2.017037341392)
  );
#938 = CARTESIAN_POINT('',(2.397473409613,3.601570594419,2.017037307084)
  );
#939 = CARTESIAN_POINT('',(3.611770905991,2.529527326261,2.017037309501)
  );
#940 = CARTESIAN_POINT('',(4.183588523917,1.149037477858,2.017037309501)
  );
#941 = CARTESIAN_POINT('',(4.206986169676,1.092550564139,2.017037309501)
  );
#942 = CARTESIAN_POINT('',(4.230413464688,1.035992070792,2.017037309501)
  );
#943 = CARTESIAN_POINT('',(4.253870408952,0.979361997818,2.017037309501)
  );
#944 = CARTESIAN_POINT('',(4.277357002469,0.922660345216,2.017037309501)
  );
#945 = CARTESIAN_POINT('',(4.300873245238,0.865887112986,2.017037309501)
  );
#946 = CARTESIAN_POINT('',(4.32441913726,0.809042301129,2.017037309501)
  );
#947 = CARTESIAN_POINT('',(4.347994678534,0.752125909643,2.017037309501)
  );
#948 = CARTESIAN_POINT('',(4.371599869061,0.695137938531,2.017037309501)
  );
#949 = CARTESIAN_POINT('',(4.395234708841,0.63807838779,2.017037309501)
  );
#950 = CARTESIAN_POINT('',(4.418899197873,0.580947257422,2.017037309501)
  );
#951 = CARTESIAN_POINT('',(4.442593336158,0.523744547427,2.017037309501)
  );
#952 = CARTESIAN_POINT('',(4.442593336158,-0.523744547427,2.135020857149
    ));
#953 = CARTESIAN_POINT('',(4.418899197873,-0.580947257422,2.135020857149
    ));
#954 = CARTESIAN_POINT('',(4.395234708841,-0.63807838779,2.135020857149)
  );
#955 = CARTESIAN_POINT('',(4.371599869062,-0.695137938531,2.135020857149
    ));
#956 = CARTESIAN_POINT('',(4.347994678535,-0.752125909643,2.135020857149
    ));
#957 = CARTESIAN_POINT('',(4.32441913726,-0.809042301129,2.135020857149)
  );
#958 = CARTESIAN_POINT('',(4.300873245238,-0.865887112986,2.135020857149
    ));
#959 = CARTESIAN_POINT('',(4.277357002469,-0.922660345216,2.135020857149
    ));
#960 = CARTESIAN_POINT('',(4.253870408952,-0.979361997818,2.135020857149
    ));
#961 = CARTESIAN_POINT('',(4.230413464688,-1.035992070792,2.135020857149
    ));
#962 = CARTESIAN_POINT('',(4.206986169676,-1.092550564139,2.135020857149
    ));
#963 = CARTESIAN_POINT('',(4.183588523917,-1.149037477858,2.135020857149
    ));
#964 = CARTESIAN_POINT('',(3.61177090599,-2.52952732626,2.135020857149)
  );
#965 = CARTESIAN_POINT('',(2.397473580719,-3.601570783487,2.135020819723
    ));
#966 = CARTESIAN_POINT('',(0.644651861498,-4.026279926309,2.135021351086
    ));
#967 = CARTESIAN_POINT('',(-1.234906135462,-3.473813323936,
    2.135019219701));
#968 = CARTESIAN_POINT('',(-2.634312668057,-2.095046805733,
    2.135023926195));
#969 = CARTESIAN_POINT('',(-3.335721730313,-3.16902060149E-12,
    2.135017119406));
#970 = CARTESIAN_POINT('',(-2.634312668057,2.095046805739,2.135023926196
    ));
#971 = CARTESIAN_POINT('',(-1.234906135462,3.473813323932,2.1350192197)
  );
#972 = CARTESIAN_POINT('',(0.644651861498,4.026279926311,2.135021351086)
  );
#973 = CARTESIAN_POINT('',(2.397473580719,3.601570783485,2.135020819722)
  );
#974 = CARTESIAN_POINT('',(3.61177090599,2.529527326261,2.135020857149)
  );
#975 = CARTESIAN_POINT('',(4.183588523917,1.149037477858,2.135020857149)
  );
#976 = CARTESIAN_POINT('',(4.206986169676,1.092550564139,2.135020857149)
  );
#977 = CARTESIAN_POINT('',(4.230413464688,1.035992070792,2.135020857149)
  );
#978 = CARTESIAN_POINT('',(4.253870408952,0.979361997818,2.135020857149)
  );
#979 = CARTESIAN_POINT('',(4.277357002469,0.922660345216,2.135020857149)
  );
#980 = CARTESIAN_POINT('',(4.300873245238,0.865887112986,2.135020857149)
  );
#981 = CARTESIAN_POINT('',(4.32441913726,0.809042301128,2.135020857149)
  );
#982 = CARTESIAN_POINT('',(4.347994678535,0.752125909643,2.135020857149)
  );
#983 = CARTESIAN_POINT('',(4.371599869062,0.695137938531,2.135020857149)
  );
#984 = CARTESIAN_POINT('',(4.395234708841,0.63807838779,2.135020857149)
  );
#985 = CARTESIAN_POINT('',(4.418899197873,0.580947257422,2.135020857149)
  );
#986 = CARTESIAN_POINT('',(4.442593336158,0.523744547427,2.135020857149)
  );
#987 = ADVANCED_FACE('',(#988),#1010,.T.);
#988 = FACE_BOUND('',#989,.T.);
#989 = EDGE_LOOP('',(#990,#991,#1008,#1009));
#990 = ORIENTED_EDGE('',*,*,#868,.T.);
#991 = ORIENTED_EDGE('',*,*,#992,.T.);
#992 = EDGE_CURVE('',#829,#814,#993,.T.);
#993 = B_SPLINE_CURVE_WITH_KNOTS('',5,(#994,#995,#996,#997,#998,#999,
    #1000,#1001,#1002,#1003,#1004,#1005,#1006,#1007),.UNSPECIFIED.,.F.,
  .F.,(6,4,4,6),(-0.150460971643,-1.699349482392E-07,2.474004384637,
    2.624464954166),.UNSPECIFIED.);
#994 = CARTESIAN_POINT('',(4.102641670439,1.344460469082,2.135020857149)
  );
#995 = CARTESIAN_POINT('',(4.114157445154,1.316658929638,2.135020857149)
  );
#996 = CARTESIAN_POINT('',(4.125673218125,1.288857394406,2.135020857149)
  );
#997 = CARTESIAN_POINT('',(4.137188989351,1.261055863385,2.135020857149)
  );
#998 = CARTESIAN_POINT('',(4.148704758833,1.233254336576,2.135020857149)
  );
#999 = CARTESIAN_POINT('',(4.349572580446,0.748316518349,2.135020857149)
  );
#1000 = CARTESIAN_POINT('',(4.44918882011,0.254004984338,2.135020857149)
  );
#1001 = CARTESIAN_POINT('',(4.449189507099,-0.254003344051,
    2.135020857149));
#1002 = CARTESIAN_POINT('',(4.349572930008,-0.748315674432,
    2.135020857149));
#1003 = CARTESIAN_POINT('',(4.148704755344,-1.233254344999,
    2.135020857149));
#1004 = CARTESIAN_POINT('',(4.137188984118,-1.26105587602,2.135020857149
    ));
#1005 = CARTESIAN_POINT('',(4.125673212892,-1.288857407041,
    2.135020857149));
#1006 = CARTESIAN_POINT('',(4.114157441665,-1.316658938061,
    2.135020857149));
#1007 = CARTESIAN_POINT('',(4.102641670439,-1.344460469082,
    2.135020857149));
#1008 = ORIENTED_EDGE('',*,*,#813,.F.);
#1009 = ORIENTED_EDGE('',*,*,#784,.F.);
#1010 = ( BOUNDED_SURFACE() B_SPLINE_SURFACE(2,5,(
    (#1011,#1012,#1013,#1014,#1015,#1016,#1017,#1018,#1019,#1020,#1021
      ,#1022,#1023,#1024)
    ,(#1025,#1026,#1027,#1028,#1029,#1030,#1031,#1032,#1033,#1034,#1035
      ,#1036,#1037,#1038)
    ,(#1039,#1040,#1041,#1042,#1043,#1044,#1045,#1046,#1047,#1048,#1049
      ,#1050,#1051,#1052
)),.UNSPECIFIED.,.F.,.F.,.F.) B_SPLINE_SURFACE_WITH_KNOTS((3,3),(6,4,4,6
    ),(0.,2.474004554572),(-0.150460971643,-1.699349482392E-07,
    2.474004384637,2.624464954166),.UNSPECIFIED.) 
GEOMETRIC_REPRESENTATION_ITEM() RATIONAL_B_SPLINE_SURFACE((
    (1.,1.,1.,1.,1.,1.,1.,1.,1.,1.,1.,1.,1.,1.)
    ,(0.93061798229,0.93061798229,0.93061798229,0.93061798229
      ,0.93061798229,0.93061798229,0.93061798229,0.93061798229
      ,0.93061798229,0.93061798229,0.93061798229,0.93061798229
      ,0.93061798229,0.93061798229)
,(1.,1.,1.,1.,1.,1.,1.,1.,1.,1.,1.,1.,1.,1.
))) REPRESENTATION_ITEM('') SURFACE() );
#1011 = CARTESIAN_POINT('',(4.028389379453,1.313704158425,1.930661594627
    ));
#1012 = CARTESIAN_POINT('',(4.040198971339,1.285193281472,1.930661594627
    ));
#1013 = CARTESIAN_POINT('',(4.051861652875,1.257037077477,1.930661594627
    ));
#1014 = CARTESIAN_POINT('',(4.063377424063,1.22923554644,1.930661594627)
  );
#1015 = CARTESIAN_POINT('',(4.074746284901,1.201788688362,1.930661594627
    ));
#1016 = CARTESIAN_POINT('',(4.270489096011,0.72922373811,1.930661594627)
  );
#1017 = CARTESIAN_POINT('',(4.367563702078,0.247524287167,1.930661594627
    ));
#1018 = CARTESIAN_POINT('',(4.36756434983,-0.247522755157,1.930661594627
    ));
#1019 = CARTESIAN_POINT('',(4.270489454492,-0.729222872661,
    1.930661594627));
#1020 = CARTESIAN_POINT('',(4.074746280416,-1.201788699189,
    1.930661594627));
#1021 = CARTESIAN_POINT('',(4.063377417335,-1.229235562681,
    1.930661594627));
#1022 = CARTESIAN_POINT('',(4.051861646148,-1.257037093718,
    1.930661594627));
#1023 = CARTESIAN_POINT('',(4.040198966854,-1.285193292299,
    1.930661594627));
#1024 = CARTESIAN_POINT('',(4.028389379453,-1.313704158425,
    1.930661594627));
#1025 = CARTESIAN_POINT('',(4.102641670439,1.344460469082,2.017037309501
    ));
#1026 = CARTESIAN_POINT('',(4.114157445154,1.316658929638,2.017037309501
    ));
#1027 = CARTESIAN_POINT('',(4.125673218125,1.288857394406,2.017037309501
    ));
#1028 = CARTESIAN_POINT('',(4.137188989351,1.261055863385,2.017037309501
    ));
#1029 = CARTESIAN_POINT('',(4.148704758833,1.233254336576,2.017037309501
    ));
#1030 = CARTESIAN_POINT('',(4.349572580446,0.748316518349,2.017037309501
    ));
#1031 = CARTESIAN_POINT('',(4.44918882011,0.254004984338,2.017037309501)
  );
#1032 = CARTESIAN_POINT('',(4.449189507099,-0.254003344051,
    2.017037309501));
#1033 = CARTESIAN_POINT('',(4.349572930008,-0.748315674432,
    2.017037309501));
#1034 = CARTESIAN_POINT('',(4.148704755344,-1.233254344999,
    2.017037309501));
#1035 = CARTESIAN_POINT('',(4.137188984118,-1.26105587602,2.017037309501
    ));
#1036 = CARTESIAN_POINT('',(4.125673212892,-1.288857407041,
    2.017037309501));
#1037 = CARTESIAN_POINT('',(4.114157441665,-1.316658938061,
    2.017037309501));
#1038 = CARTESIAN_POINT('',(4.102641670439,-1.344460469082,
    2.017037309501));
#1039 = CARTESIAN_POINT('',(4.102641670439,1.344460469082,2.135020857149
    ));
#1040 = CARTESIAN_POINT('',(4.114157445154,1.316658929638,2.135020857149
    ));
#1041 = CARTESIAN_POINT('',(4.125673218125,1.288857394406,2.135020857149
    ));
#1042 = CARTESIAN_POINT('',(4.137188989351,1.261055863385,2.135020857149
    ));
#1043 = CARTESIAN_POINT('',(4.148704758833,1.233254336576,2.135020857149
    ));
#1044 = CARTESIAN_POINT('',(4.349572580446,0.748316518349,2.135020857149
    ));
#1045 = CARTESIAN_POINT('',(4.44918882011,0.254004984338,2.135020857149)
  );
#1046 = CARTESIAN_POINT('',(4.449189507099,-0.254003344051,
    2.135020857149));
#1047 = CARTESIAN_POINT('',(4.349572930008,-0.748315674432,
    2.135020857149));
#1048 = CARTESIAN_POINT('',(4.148704755344,-1.233254344999,
    2.135020857149));
#1049 = CARTESIAN_POINT('',(4.137188984118,-1.26105587602,2.135020857149
    ));
#1050 = CARTESIAN_POINT('',(4.125673212892,-1.288857407041,
    2.135020857149));
#1051 = CARTESIAN_POINT('',(4.114157441665,-1.316658938061,
    2.135020857149));
#1052 = CARTESIAN_POINT('',(4.102641670439,-1.344460469082,
    2.135020857149));
#1053 = ADVANCED_FACE('',(#1054),#1080,.T.);
#1054 = FACE_BOUND('',#1055,.T.);
#1055 = EDGE_LOOP('',(#1056,#1067,#1073,#1074));
#1056 = ORIENTED_EDGE('',*,*,#1057,.T.);
#1057 = EDGE_CURVE('',#1058,#1060,#1062,.T.);
#1058 = VERTEX_POINT('',#1059);
#1059 = CARTESIAN_POINT('',(4.160220527411,-1.20545281195,6.1));
#1060 = VERTEX_POINT('',#1061);
#1061 = CARTESIAN_POINT('',(4.160220527411,1.20545281195,6.1));
#1062 = CIRCLE('',#1063,3.15);
#1063 = AXIS2_PLACEMENT_3D('',#1064,#1065,#1066);
#1064 = CARTESIAN_POINT('',(1.25,0.,6.1));
#1065 = DIRECTION('',(0.,-0.,-1.));
#1066 = DIRECTION('',(0.923879532511,-0.382683432365,0.));
#1067 = ORIENTED_EDGE('',*,*,#1068,.F.);
#1068 = EDGE_CURVE('',#829,#1060,#1069,.T.);
#1069 = LINE('',#1070,#1071);
#1070 = CARTESIAN_POINT('',(4.160220527411,1.20545281195,2.));
#1071 = VECTOR('',#1072,1.);
#1072 = DIRECTION('',(0.,0.,1.));
#1073 = ORIENTED_EDGE('',*,*,#828,.F.);
#1074 = ORIENTED_EDGE('',*,*,#1075,.T.);
#1075 = EDGE_CURVE('',#814,#1058,#1076,.T.);
#1076 = LINE('',#1077,#1078);
#1077 = CARTESIAN_POINT('',(4.160220527411,-1.20545281195,2.));
#1078 = VECTOR('',#1079,1.);
#1079 = DIRECTION('',(0.,0.,1.));
#1080 = CYLINDRICAL_SURFACE('',#1081,3.15);
#1081 = AXIS2_PLACEMENT_3D('',#1082,#1083,#1084);
#1082 = CARTESIAN_POINT('',(1.25,0.,2.));
#1083 = DIRECTION('',(0.,0.,1.));
#1084 = DIRECTION('',(0.923879532511,-0.382683432365,0.));
#1085 = ADVANCED_FACE('',(#1086,#1098),#1190,.T.);
#1086 = FACE_BOUND('',#1087,.T.);
#1087 = EDGE_LOOP('',(#1088,#1095,#1096,#1097));
#1088 = ORIENTED_EDGE('',*,*,#1089,.T.);
#1089 = EDGE_CURVE('',#1060,#1058,#1090,.T.);
#1090 = CIRCLE('',#1091,3.15);
#1091 = AXIS2_PLACEMENT_3D('',#1092,#1093,#1094);
#1092 = CARTESIAN_POINT('',(1.25,0.,6.1));
#1093 = DIRECTION('',(0.,0.,-1.));
#1094 = DIRECTION('',(0.923879532511,0.382683432365,0.));
#1095 = ORIENTED_EDGE('',*,*,#1075,.F.);
#1096 = ORIENTED_EDGE('',*,*,#992,.F.);
#1097 = ORIENTED_EDGE('',*,*,#1068,.T.);
#1098 = FACE_BOUND('',#1099,.T.);
#1099 = EDGE_LOOP('',(#1100,#1110,#1124,#1133,#1147,#1155,#1169,#1178));
#1100 = ORIENTED_EDGE('',*,*,#1101,.T.);
#1101 = EDGE_CURVE('',#1102,#1104,#1106,.T.);
#1102 = VERTEX_POINT('',#1103);
#1103 = CARTESIAN_POINT('',(4.390063693622,-0.25,2.399));
#1104 = VERTEX_POINT('',#1105);
#1105 = CARTESIAN_POINT('',(4.390063693622,-0.25,3.901));
#1106 = LINE('',#1107,#1108);
#1107 = CARTESIAN_POINT('',(4.390063693622,-0.25,2.));
#1108 = VECTOR('',#1109,1.);
#1109 = DIRECTION('',(0.,0.,1.));
#1110 = ORIENTED_EDGE('',*,*,#1111,.F.);
#1111 = EDGE_CURVE('',#1112,#1104,#1114,.T.);
#1112 = VERTEX_POINT('',#1113);
#1113 = CARTESIAN_POINT('',(4.39999984127,-1.E-03,4.15));
#1114 = B_SPLINE_CURVE_WITH_KNOTS('',8,(#1115,#1116,#1117,#1118,#1119,
    #1120,#1121,#1122,#1123),.UNSPECIFIED.,.F.,.F.,(9,9),(0.,1.),
  .PIECEWISE_BEZIER_KNOTS.);
#1115 = CARTESIAN_POINT('',(4.39999984127,-1.000000000001E-03,4.15));
#1116 = CARTESIAN_POINT('',(4.399982832147,-5.457873493797E-02,4.15));
#1117 = CARTESIAN_POINT('',(4.398924962418,-0.105860655764,
    4.136823478699));
#1118 = CARTESIAN_POINT('',(4.396983999654,-0.151858354996,
    4.112452495157));
#1119 = CARTESIAN_POINT('',(4.394628545982,-0.190544274441,
    4.078937530663));
#1120 = CARTESIAN_POINT('',(4.392425632883,-0.220329159971,
    4.038561656652));
#1121 = CARTESIAN_POINT('',(4.390837535903,-0.240281331805,
    3.993723730179));
#1122 = CARTESIAN_POINT('',(4.390063693622,-0.25,3.947017732857));
#1123 = CARTESIAN_POINT('',(4.390063693622,-0.25,3.901));
#1124 = ORIENTED_EDGE('',*,*,#1125,.T.);
#1125 = EDGE_CURVE('',#1112,#1126,#1128,.T.);
#1126 = VERTEX_POINT('',#1127);
#1127 = CARTESIAN_POINT('',(4.39999984127,9.999999999997E-04,4.15));
#1128 = CIRCLE('',#1129,3.15);
#1129 = AXIS2_PLACEMENT_3D('',#1130,#1131,#1132);
#1130 = CARTESIAN_POINT('',(1.25,0.,4.15));
#1131 = DIRECTION('',(0.,-0.,1.));
#1132 = DIRECTION('',(0.923879532511,0.382683432365,0.));
#1133 = ORIENTED_EDGE('',*,*,#1134,.F.);
#1134 = EDGE_CURVE('',#1135,#1126,#1137,.T.);
#1135 = VERTEX_POINT('',#1136);
#1136 = CARTESIAN_POINT('',(4.390063693622,0.25,3.901));
#1137 = B_SPLINE_CURVE_WITH_KNOTS('',8,(#1138,#1139,#1140,#1141,#1142,
    #1143,#1144,#1145,#1146),.UNSPECIFIED.,.F.,.F.,(9,9),(0.,1.),
  .PIECEWISE_BEZIER_KNOTS.);
#1138 = CARTESIAN_POINT('',(4.390063693622,0.25,3.901));
#1139 = CARTESIAN_POINT('',(4.390063693622,0.25,3.94700658647));
#1140 = CARTESIAN_POINT('',(4.390837156831,0.240286057061,3.993714055517
    ));
#1141 = CARTESIAN_POINT('',(4.392425259348,0.220333951949,4.038563137215
    ));
#1142 = CARTESIAN_POINT('',(4.394629002117,0.190540617786,4.078947056242
    ));
#1143 = CARTESIAN_POINT('',(4.39698493313,0.151845982412,4.112464490725)
  );
#1144 = CARTESIAN_POINT('',(4.398925562906,0.105841643592,4.136830953417
    ));
#1145 = CARTESIAN_POINT('',(4.399982836978,5.456351661409E-02,4.15));
#1146 = CARTESIAN_POINT('',(4.39999984127,1.000000000001E-03,4.15));
#1147 = ORIENTED_EDGE('',*,*,#1148,.F.);
#1148 = EDGE_CURVE('',#1149,#1135,#1151,.T.);
#1149 = VERTEX_POINT('',#1150);
#1150 = CARTESIAN_POINT('',(4.390063693622,0.25,2.399));
#1151 = LINE('',#1152,#1153);
#1152 = CARTESIAN_POINT('',(4.390063693622,0.25,2.));
#1153 = VECTOR('',#1154,1.);
#1154 = DIRECTION('',(0.,0.,1.));
#1155 = ORIENTED_EDGE('',*,*,#1156,.T.);
#1156 = EDGE_CURVE('',#1149,#1157,#1159,.T.);
#1157 = VERTEX_POINT('',#1158);
#1158 = CARTESIAN_POINT('',(4.39999984127,9.999999999997E-04,2.15));
#1159 = B_SPLINE_CURVE_WITH_KNOTS('',8,(#1160,#1161,#1162,#1163,#1164,
    #1165,#1166,#1167,#1168),.UNSPECIFIED.,.F.,.F.,(9,9),(0.,1.),
  .PIECEWISE_BEZIER_KNOTS.);
#1160 = CARTESIAN_POINT('',(4.390063693622,0.25,2.399));
#1161 = CARTESIAN_POINT('',(4.390063693622,0.25,2.35299341353));
#1162 = CARTESIAN_POINT('',(4.390837156831,0.240286057061,2.306285944483
    ));
#1163 = CARTESIAN_POINT('',(4.392425259347,0.22033395195,2.261436862787)
  );
#1164 = CARTESIAN_POINT('',(4.394629002117,0.190540617785,2.221052943756
    ));
#1165 = CARTESIAN_POINT('',(4.39698493313,0.151845982412,2.187535509277)
  );
#1166 = CARTESIAN_POINT('',(4.398925562906,0.105841643593,2.163169046583
    ));
#1167 = CARTESIAN_POINT('',(4.399982836978,5.456351661366E-02,2.15));
#1168 = CARTESIAN_POINT('',(4.39999984127,1.000000000001E-03,2.15));
#1169 = ORIENTED_EDGE('',*,*,#1170,.F.);
#1170 = EDGE_CURVE('',#1171,#1157,#1173,.T.);
#1171 = VERTEX_POINT('',#1172);
#1172 = CARTESIAN_POINT('',(4.39999984127,-1.E-03,2.15));
#1173 = CIRCLE('',#1174,3.15);
#1174 = AXIS2_PLACEMENT_3D('',#1175,#1176,#1177);
#1175 = CARTESIAN_POINT('',(1.25,0.,2.15));
#1176 = DIRECTION('',(0.,-0.,1.));
#1177 = DIRECTION('',(0.923879532511,0.382683432365,0.));
#1178 = ORIENTED_EDGE('',*,*,#1179,.T.);
#1179 = EDGE_CURVE('',#1171,#1102,#1180,.T.);
#1180 = B_SPLINE_CURVE_WITH_KNOTS('',8,(#1181,#1182,#1183,#1184,#1185,
    #1186,#1187,#1188,#1189),.UNSPECIFIED.,.F.,.F.,(9,9),(0.,1.),
  .PIECEWISE_BEZIER_KNOTS.);
#1181 = CARTESIAN_POINT('',(4.39999984127,-1.000000000001E-03,2.15));
#1182 = CARTESIAN_POINT('',(4.399982832147,-5.457873493738E-02,2.15));
#1183 = CARTESIAN_POINT('',(4.398924962418,-0.105860655765,
    2.163176521301));
#1184 = CARTESIAN_POINT('',(4.396983999654,-0.151858354994,
    2.187547504842));
#1185 = CARTESIAN_POINT('',(4.394628545982,-0.190544274443,
    2.221062469337));
#1186 = CARTESIAN_POINT('',(4.392425632883,-0.22032915997,2.261438343347
    ));
#1187 = CARTESIAN_POINT('',(4.390837535903,-0.240281331806,
    2.306276269822));
#1188 = CARTESIAN_POINT('',(4.390063693622,-0.25,2.352982267143));
#1189 = CARTESIAN_POINT('',(4.390063693622,-0.25,2.399));
#1190 = CYLINDRICAL_SURFACE('',#1191,3.15);
#1191 = AXIS2_PLACEMENT_3D('',#1192,#1193,#1194);
#1192 = CARTESIAN_POINT('',(1.25,0.,2.));
#1193 = DIRECTION('',(0.,0.,1.));
#1194 = DIRECTION('',(0.923879532511,0.382683432365,-0.));
#1195 = ADVANCED_FACE('',(#1196),#1224,.T.);
#1196 = FACE_BOUND('',#1197,.T.);
#1197 = EDGE_LOOP('',(#1198,#1207,#1216,#1223));
#1198 = ORIENTED_EDGE('',*,*,#1199,.T.);
#1199 = EDGE_CURVE('',#1058,#1200,#1202,.T.);
#1200 = VERTEX_POINT('',#1201);
#1201 = CARTESIAN_POINT('',(3.975444620908,-1.128916125477,6.3));
#1202 = CIRCLE('',#1203,0.2);
#1203 = AXIS2_PLACEMENT_3D('',#1204,#1205,#1206);
#1204 = CARTESIAN_POINT('',(3.975444620908,-1.128916125477,6.1));
#1205 = DIRECTION('',(-0.382683432365,-0.923879532511,0.));
#1206 = DIRECTION('',(0.923879532511,-0.382683432365,0.));
#1207 = ORIENTED_EDGE('',*,*,#1208,.T.);
#1208 = EDGE_CURVE('',#1200,#1209,#1211,.T.);
#1209 = VERTEX_POINT('',#1210);
#1210 = CARTESIAN_POINT('',(3.975444620908,1.128916125477,6.3));
#1211 = CIRCLE('',#1212,2.95);
#1212 = AXIS2_PLACEMENT_3D('',#1213,#1214,#1215);
#1213 = CARTESIAN_POINT('',(1.25,0.,6.3));
#1214 = DIRECTION('',(0.,-0.,-1.));
#1215 = DIRECTION('',(0.923879532511,-0.382683432365,0.));
#1216 = ORIENTED_EDGE('',*,*,#1217,.F.);
#1217 = EDGE_CURVE('',#1060,#1209,#1218,.T.);
#1218 = CIRCLE('',#1219,0.2);
#1219 = AXIS2_PLACEMENT_3D('',#1220,#1221,#1222);
#1220 = CARTESIAN_POINT('',(3.975444620908,1.128916125477,6.1));
#1221 = DIRECTION('',(0.382683432365,-0.923879532511,0.));
#1222 = DIRECTION('',(0.923879532511,0.382683432365,0.));
#1223 = ORIENTED_EDGE('',*,*,#1057,.F.);
#1224 = TOROIDAL_SURFACE('',#1225,2.95,0.2);
#1225 = AXIS2_PLACEMENT_3D('',#1226,#1227,#1228);
#1226 = CARTESIAN_POINT('',(1.25,0.,6.1));
#1227 = DIRECTION('',(0.,0.,1.));
#1228 = DIRECTION('',(0.923879532511,-0.382683432365,0.));
#1229 = ADVANCED_FACE('',(#1230),#1242,.T.);
#1230 = FACE_BOUND('',#1231,.T.);
#1231 = EDGE_LOOP('',(#1232,#1233,#1240,#1241));
#1232 = ORIENTED_EDGE('',*,*,#1217,.T.);
#1233 = ORIENTED_EDGE('',*,*,#1234,.T.);
#1234 = EDGE_CURVE('',#1209,#1200,#1235,.T.);
#1235 = CIRCLE('',#1236,2.95);
#1236 = AXIS2_PLACEMENT_3D('',#1237,#1238,#1239);
#1237 = CARTESIAN_POINT('',(1.25,0.,6.3));
#1238 = DIRECTION('',(0.,0.,-1.));
#1239 = DIRECTION('',(0.923879532511,0.382683432365,0.));
#1240 = ORIENTED_EDGE('',*,*,#1199,.F.);
#1241 = ORIENTED_EDGE('',*,*,#1089,.F.);
#1242 = TOROIDAL_SURFACE('',#1243,2.95,0.2);
#1243 = AXIS2_PLACEMENT_3D('',#1244,#1245,#1246);
#1244 = CARTESIAN_POINT('',(1.25,0.,6.1));
#1245 = DIRECTION('',(0.,0.,1.));
#1246 = DIRECTION('',(0.923879532511,0.382683432365,-0.));
#1247 = ADVANCED_FACE('',(#1248),#1258,.T.);
#1248 = FACE_BOUND('',#1249,.T.);
#1249 = EDGE_LOOP('',(#1250,#1251,#1252,#1253,#1254,#1255,#1256,#1257));
#1250 = ORIENTED_EDGE('',*,*,#1134,.T.);
#1251 = ORIENTED_EDGE('',*,*,#1125,.F.);
#1252 = ORIENTED_EDGE('',*,*,#1111,.T.);
#1253 = ORIENTED_EDGE('',*,*,#1101,.F.);
#1254 = ORIENTED_EDGE('',*,*,#1179,.F.);
#1255 = ORIENTED_EDGE('',*,*,#1170,.T.);
#1256 = ORIENTED_EDGE('',*,*,#1156,.F.);
#1257 = ORIENTED_EDGE('',*,*,#1148,.T.);
#1258 = CYLINDRICAL_SURFACE('',#1259,3.15);
#1259 = AXIS2_PLACEMENT_3D('',#1260,#1261,#1262);
#1260 = CARTESIAN_POINT('',(1.25,0.,2.));
#1261 = DIRECTION('',(0.,0.,1.));
#1262 = DIRECTION('',(0.923879532511,0.382683432365,-0.));
#1263 = ADVANCED_FACE('',(#1264),#1290,.F.);
#1264 = FACE_BOUND('',#1265,.F.);
#1265 = EDGE_LOOP('',(#1266,#1267,#1275,#1284));
#1266 = ORIENTED_EDGE('',*,*,#1208,.T.);
#1267 = ORIENTED_EDGE('',*,*,#1268,.T.);
#1268 = EDGE_CURVE('',#1209,#1269,#1271,.T.);
#1269 = VERTEX_POINT('',#1270);
#1270 = CARTESIAN_POINT('',(3.287154369187,0.843816968365,6.3));
#1271 = LINE('',#1272,#1273);
#1272 = CARTESIAN_POINT('',(3.975444620908,1.128916125477,6.3));
#1273 = VECTOR('',#1274,1.);
#1274 = DIRECTION('',(-0.923879532511,-0.382683432365,0.));
#1275 = ORIENTED_EDGE('',*,*,#1276,.F.);
#1276 = EDGE_CURVE('',#1277,#1269,#1279,.T.);
#1277 = VERTEX_POINT('',#1278);
#1278 = CARTESIAN_POINT('',(3.287154369187,-0.843816968365,6.3));
#1279 = CIRCLE('',#1280,2.205);
#1280 = AXIS2_PLACEMENT_3D('',#1281,#1282,#1283);
#1281 = CARTESIAN_POINT('',(1.25,0.,6.3));
#1282 = DIRECTION('',(0.,-0.,-1.));
#1283 = DIRECTION('',(0.923879532511,-0.382683432365,0.));
#1284 = ORIENTED_EDGE('',*,*,#1285,.F.);
#1285 = EDGE_CURVE('',#1200,#1277,#1286,.T.);
#1286 = LINE('',#1287,#1288);
#1287 = CARTESIAN_POINT('',(3.975444620908,-1.128916125477,6.3));
#1288 = VECTOR('',#1289,1.);
#1289 = DIRECTION('',(-0.923879532511,0.382683432365,0.));
#1290 = PLANE('',#1291);
#1291 = AXIS2_PLACEMENT_3D('',#1292,#1293,#1294);
#1292 = CARTESIAN_POINT('',(1.25,0.,6.3));
#1293 = DIRECTION('',(0.,0.,-1.));
#1294 = DIRECTION('',(0.923879532511,-0.382683432365,0.));
#1295 = ADVANCED_FACE('',(#1296),#1308,.F.);
#1296 = FACE_BOUND('',#1297,.F.);
#1297 = EDGE_LOOP('',(#1298,#1299,#1300,#1307));
#1298 = ORIENTED_EDGE('',*,*,#1234,.T.);
#1299 = ORIENTED_EDGE('',*,*,#1285,.T.);
#1300 = ORIENTED_EDGE('',*,*,#1301,.F.);
#1301 = EDGE_CURVE('',#1269,#1277,#1302,.T.);
#1302 = CIRCLE('',#1303,2.205);
#1303 = AXIS2_PLACEMENT_3D('',#1304,#1305,#1306);
#1304 = CARTESIAN_POINT('',(1.25,0.,6.3));
#1305 = DIRECTION('',(0.,0.,-1.));
#1306 = DIRECTION('',(0.923879532511,0.382683432365,0.));
#1307 = ORIENTED_EDGE('',*,*,#1268,.F.);
#1308 = PLANE('',#1309);
#1309 = AXIS2_PLACEMENT_3D('',#1310,#1311,#1312);
#1310 = CARTESIAN_POINT('',(1.25,0.,6.3));
#1311 = DIRECTION('',(0.,0.,-1.));
#1312 = DIRECTION('',(0.923879532511,0.382683432365,0.));
#1313 = ADVANCED_FACE('',(#1314),#1451,.F.);
#1314 = FACE_BOUND('',#1315,.F.);
#1315 = EDGE_LOOP('',(#1316,#1324,#1325,#1333,#1342,#1350,#1359,#1367,
    #1376,#1384,#1393,#1402,#1410,#1419,#1427,#1436,#1444));
#1316 = ORIENTED_EDGE('',*,*,#1317,.F.);
#1317 = EDGE_CURVE('',#1277,#1318,#1320,.T.);
#1318 = VERTEX_POINT('',#1319);
#1319 = CARTESIAN_POINT('',(3.287154369187,-0.843816968365,6.2));
#1320 = LINE('',#1321,#1322);
#1321 = CARTESIAN_POINT('',(3.287154369187,-0.843816968365,6.3));
#1322 = VECTOR('',#1323,1.);
#1323 = DIRECTION('',(0.,0.,-1.));
#1324 = ORIENTED_EDGE('',*,*,#1276,.T.);
#1325 = ORIENTED_EDGE('',*,*,#1326,.T.);
#1326 = EDGE_CURVE('',#1269,#1327,#1329,.T.);
#1327 = VERTEX_POINT('',#1328);
#1328 = CARTESIAN_POINT('',(3.287154369187,0.843816968365,6.2));
#1329 = LINE('',#1330,#1331);
#1330 = CARTESIAN_POINT('',(3.287154369187,0.843816968365,6.3));
#1331 = VECTOR('',#1332,1.);
#1332 = DIRECTION('',(0.,0.,-1.));
#1333 = ORIENTED_EDGE('',*,*,#1334,.T.);
#1334 = EDGE_CURVE('',#1327,#1335,#1337,.T.);
#1335 = VERTEX_POINT('',#1336);
#1336 = CARTESIAN_POINT('',(1.3,2.204433033685,6.2));
#1337 = CIRCLE('',#1338,2.205);
#1338 = AXIS2_PLACEMENT_3D('',#1339,#1340,#1341);
#1339 = CARTESIAN_POINT('',(1.25,0.,6.2));
#1340 = DIRECTION('',(0.,0.,1.));
#1341 = DIRECTION('',(-1.,1.224646799147E-16,0.));
#1342 = ORIENTED_EDGE('',*,*,#1343,.T.);
#1343 = EDGE_CURVE('',#1335,#1344,#1346,.T.);
#1344 = VERTEX_POINT('',#1345);
#1345 = CARTESIAN_POINT('',(1.3,2.204433033685,6.1));
#1346 = LINE('',#1347,#1348);
#1347 = CARTESIAN_POINT('',(1.3,2.204433033685,6.));
#1348 = VECTOR('',#1349,1.);
#1349 = DIRECTION('',(0.,0.,-1.));
#1350 = ORIENTED_EDGE('',*,*,#1351,.F.);
#1351 = EDGE_CURVE('',#1352,#1344,#1354,.T.);
#1352 = VERTEX_POINT('',#1353);
#1353 = CARTESIAN_POINT('',(1.2,2.204433033685,6.1));
#1354 = CIRCLE('',#1355,2.205);
#1355 = AXIS2_PLACEMENT_3D('',#1356,#1357,#1358);
#1356 = CARTESIAN_POINT('',(1.25,0.,6.1));
#1357 = DIRECTION('',(0.,0.,-1.));
#1358 = DIRECTION('',(-1.,1.224646799147E-16,0.));
#1359 = ORIENTED_EDGE('',*,*,#1360,.F.);
#1360 = EDGE_CURVE('',#1361,#1352,#1363,.T.);
#1361 = VERTEX_POINT('',#1362);
#1362 = CARTESIAN_POINT('',(1.2,2.204433033685,6.2));
#1363 = LINE('',#1364,#1365);
#1364 = CARTESIAN_POINT('',(1.2,2.204433033685,6.));
#1365 = VECTOR('',#1366,1.);
#1366 = DIRECTION('',(0.,0.,-1.));
#1367 = ORIENTED_EDGE('',*,*,#1368,.T.);
#1368 = EDGE_CURVE('',#1361,#1369,#1371,.T.);
#1369 = VERTEX_POINT('',#1370);
#1370 = CARTESIAN_POINT('',(-0.954433033685,5.000000000003E-02,6.2));
#1371 = CIRCLE('',#1372,2.205);
#1372 = AXIS2_PLACEMENT_3D('',#1373,#1374,#1375);
#1373 = CARTESIAN_POINT('',(1.25,0.,6.2));
#1374 = DIRECTION('',(0.,0.,1.));
#1375 = DIRECTION('',(-1.,1.224646799147E-16,0.));
#1376 = ORIENTED_EDGE('',*,*,#1377,.T.);
#1377 = EDGE_CURVE('',#1369,#1378,#1380,.T.);
#1378 = VERTEX_POINT('',#1379);
#1379 = CARTESIAN_POINT('',(-0.954433033685,5.E-02,6.1));
#1380 = LINE('',#1381,#1382);
#1381 = CARTESIAN_POINT('',(-0.954433033685,5.E-02,6.));
#1382 = VECTOR('',#1383,1.);
#1383 = DIRECTION('',(0.,0.,-1.));
#1384 = ORIENTED_EDGE('',*,*,#1385,.F.);
#1385 = EDGE_CURVE('',#1386,#1378,#1388,.T.);
#1386 = VERTEX_POINT('',#1387);
#1387 = CARTESIAN_POINT('',(-0.955,2.70034619212E-16,6.1));
#1388 = CIRCLE('',#1389,2.205);
#1389 = AXIS2_PLACEMENT_3D('',#1390,#1391,#1392);
#1390 = CARTESIAN_POINT('',(1.25,0.,6.1));
#1391 = DIRECTION('',(0.,0.,-1.));
#1392 = DIRECTION('',(-1.,1.224646799147E-16,0.));
#1393 = ORIENTED_EDGE('',*,*,#1394,.F.);
#1394 = EDGE_CURVE('',#1395,#1386,#1397,.T.);
#1395 = VERTEX_POINT('',#1396);
#1396 = CARTESIAN_POINT('',(-0.954433033685,-5.E-02,6.1));
#1397 = CIRCLE('',#1398,2.205);
#1398 = AXIS2_PLACEMENT_3D('',#1399,#1400,#1401);
#1399 = CARTESIAN_POINT('',(1.25,0.,6.1));
#1400 = DIRECTION('',(0.,0.,-1.));
#1401 = DIRECTION('',(-1.,1.224646799147E-16,0.));
#1402 = ORIENTED_EDGE('',*,*,#1403,.F.);
#1403 = EDGE_CURVE('',#1404,#1395,#1406,.T.);
#1404 = VERTEX_POINT('',#1405);
#1405 = CARTESIAN_POINT('',(-0.954433033685,-5.000000000003E-02,6.2));
#1406 = LINE('',#1407,#1408);
#1407 = CARTESIAN_POINT('',(-0.954433033685,-5.E-02,6.));
#1408 = VECTOR('',#1409,1.);
#1409 = DIRECTION('',(0.,0.,-1.));
#1410 = ORIENTED_EDGE('',*,*,#1411,.T.);
#1411 = EDGE_CURVE('',#1404,#1412,#1414,.T.);
#1412 = VERTEX_POINT('',#1413);
#1413 = CARTESIAN_POINT('',(1.2,-2.204433033685,6.2));
#1414 = CIRCLE('',#1415,2.205);
#1415 = AXIS2_PLACEMENT_3D('',#1416,#1417,#1418);
#1416 = CARTESIAN_POINT('',(1.25,0.,6.2));
#1417 = DIRECTION('',(0.,0.,1.));
#1418 = DIRECTION('',(-1.,1.224646799147E-16,0.));
#1419 = ORIENTED_EDGE('',*,*,#1420,.T.);
#1420 = EDGE_CURVE('',#1412,#1421,#1423,.T.);
#1421 = VERTEX_POINT('',#1422);
#1422 = CARTESIAN_POINT('',(1.2,-2.204433033685,6.1));
#1423 = LINE('',#1424,#1425);
#1424 = CARTESIAN_POINT('',(1.2,-2.204433033685,6.));
#1425 = VECTOR('',#1426,1.);
#1426 = DIRECTION('',(0.,0.,-1.));
#1427 = ORIENTED_EDGE('',*,*,#1428,.F.);
#1428 = EDGE_CURVE('',#1429,#1421,#1431,.T.);
#1429 = VERTEX_POINT('',#1430);
#1430 = CARTESIAN_POINT('',(1.3,-2.204433033685,6.1));
#1431 = CIRCLE('',#1432,2.205);
#1432 = AXIS2_PLACEMENT_3D('',#1433,#1434,#1435);
#1433 = CARTESIAN_POINT('',(1.25,0.,6.1));
#1434 = DIRECTION('',(0.,0.,-1.));
#1435 = DIRECTION('',(-1.,1.224646799147E-16,0.));
#1436 = ORIENTED_EDGE('',*,*,#1437,.F.);
#1437 = EDGE_CURVE('',#1438,#1429,#1440,.T.);
#1438 = VERTEX_POINT('',#1439);
#1439 = CARTESIAN_POINT('',(1.3,-2.204433033685,6.2));
#1440 = LINE('',#1441,#1442);
#1441 = CARTESIAN_POINT('',(1.3,-2.204433033685,6.));
#1442 = VECTOR('',#1443,1.);
#1443 = DIRECTION('',(0.,0.,-1.));
#1444 = ORIENTED_EDGE('',*,*,#1445,.T.);
#1445 = EDGE_CURVE('',#1438,#1318,#1446,.T.);
#1446 = CIRCLE('',#1447,2.205);
#1447 = AXIS2_PLACEMENT_3D('',#1448,#1449,#1450);
#1448 = CARTESIAN_POINT('',(1.25,0.,6.2));
#1449 = DIRECTION('',(0.,0.,1.));
#1450 = DIRECTION('',(-1.,1.224646799147E-16,0.));
#1451 = CYLINDRICAL_SURFACE('',#1452,2.205);
#1452 = AXIS2_PLACEMENT_3D('',#1453,#1454,#1455);
#1453 = CARTESIAN_POINT('',(1.25,0.,6.3));
#1454 = DIRECTION('',(0.,0.,-1.));
#1455 = DIRECTION('',(0.923879532511,-0.382683432365,0.));
#1456 = ADVANCED_FACE('',(#1457),#1503,.F.);
#1457 = FACE_BOUND('',#1458,.F.);
#1458 = EDGE_LOOP('',(#1459,#1460,#1461,#1462,#1471,#1479,#1488,#1496));
#1459 = ORIENTED_EDGE('',*,*,#1326,.F.);
#1460 = ORIENTED_EDGE('',*,*,#1301,.T.);
#1461 = ORIENTED_EDGE('',*,*,#1317,.T.);
#1462 = ORIENTED_EDGE('',*,*,#1463,.T.);
#1463 = EDGE_CURVE('',#1318,#1464,#1466,.T.);
#1464 = VERTEX_POINT('',#1465);
#1465 = CARTESIAN_POINT('',(3.454433033685,-5.000000000005E-02,6.2));
#1466 = CIRCLE('',#1467,2.205);
#1467 = AXIS2_PLACEMENT_3D('',#1468,#1469,#1470);
#1468 = CARTESIAN_POINT('',(1.25,0.,6.2));
#1469 = DIRECTION('',(0.,0.,1.));
#1470 = DIRECTION('',(-1.,1.224646799147E-16,0.));
#1471 = ORIENTED_EDGE('',*,*,#1472,.T.);
#1472 = EDGE_CURVE('',#1464,#1473,#1475,.T.);
#1473 = VERTEX_POINT('',#1474);
#1474 = CARTESIAN_POINT('',(3.454433033685,-5.E-02,6.1));
#1475 = LINE('',#1476,#1477);
#1476 = CARTESIAN_POINT('',(3.454433033685,-5.E-02,6.));
#1477 = VECTOR('',#1478,1.);
#1478 = DIRECTION('',(0.,0.,-1.));
#1479 = ORIENTED_EDGE('',*,*,#1480,.F.);
#1480 = EDGE_CURVE('',#1481,#1473,#1483,.T.);
#1481 = VERTEX_POINT('',#1482);
#1482 = CARTESIAN_POINT('',(3.454433033685,5.E-02,6.1));
#1483 = CIRCLE('',#1484,2.205);
#1484 = AXIS2_PLACEMENT_3D('',#1485,#1486,#1487);
#1485 = CARTESIAN_POINT('',(1.25,0.,6.1));
#1486 = DIRECTION('',(0.,0.,-1.));
#1487 = DIRECTION('',(-1.,1.224646799147E-16,0.));
#1488 = ORIENTED_EDGE('',*,*,#1489,.F.);
#1489 = EDGE_CURVE('',#1490,#1481,#1492,.T.);
#1490 = VERTEX_POINT('',#1491);
#1491 = CARTESIAN_POINT('',(3.454433033685,5.000000000005E-02,6.2));
#1492 = LINE('',#1493,#1494);
#1493 = CARTESIAN_POINT('',(3.454433033685,5.E-02,6.));
#1494 = VECTOR('',#1495,1.);
#1495 = DIRECTION('',(0.,0.,-1.));
#1496 = ORIENTED_EDGE('',*,*,#1497,.T.);
#1497 = EDGE_CURVE('',#1490,#1327,#1498,.T.);
#1498 = CIRCLE('',#1499,2.205);
#1499 = AXIS2_PLACEMENT_3D('',#1500,#1501,#1502);
#1500 = CARTESIAN_POINT('',(1.25,0.,6.2));
#1501 = DIRECTION('',(0.,0.,1.));
#1502 = DIRECTION('',(-1.,1.224646799147E-16,0.));
#1503 = CYLINDRICAL_SURFACE('',#1504,2.205);
#1504 = AXIS2_PLACEMENT_3D('',#1505,#1506,#1507);
#1505 = CARTESIAN_POINT('',(1.25,0.,6.3));
#1506 = DIRECTION('',(0.,0.,-1.));
#1507 = DIRECTION('',(0.923879532511,0.382683432365,0.));
#1508 = ADVANCED_FACE('',(#1509),#1527,.T.);
#1509 = FACE_BOUND('',#1510,.T.);
#1510 = EDGE_LOOP('',(#1511,#1519,#1520,#1521));
#1511 = ORIENTED_EDGE('',*,*,#1512,.F.);
#1512 = EDGE_CURVE('',#1438,#1513,#1515,.T.);
#1513 = VERTEX_POINT('',#1514);
#1514 = CARTESIAN_POINT('',(1.3,-5.E-02,6.2));
#1515 = LINE('',#1516,#1517);
#1516 = CARTESIAN_POINT('',(1.3,-6.35,6.2));
#1517 = VECTOR('',#1518,1.);
#1518 = DIRECTION('',(1.224646799147E-16,1.,0.));
#1519 = ORIENTED_EDGE('',*,*,#1445,.T.);
#1520 = ORIENTED_EDGE('',*,*,#1463,.T.);
#1521 = ORIENTED_EDGE('',*,*,#1522,.F.);
#1522 = EDGE_CURVE('',#1513,#1464,#1523,.T.);
#1523 = LINE('',#1524,#1525);
#1524 = CARTESIAN_POINT('',(1.3,-5.E-02,6.2));
#1525 = VECTOR('',#1526,1.);
#1526 = DIRECTION('',(1.,-1.224646799147E-16,0.));
#1527 = PLANE('',#1528);
#1528 = AXIS2_PLACEMENT_3D('',#1529,#1530,#1531);
#1529 = CARTESIAN_POINT('',(1.25,-1.425463059326E-16,6.2));
#1530 = DIRECTION('',(1.203998759507E-48,-1.2517178869E-32,1.));
#1531 = DIRECTION('',(-1.224646799147E-16,-1.,-1.2517178869E-32));
#1532 = ADVANCED_FACE('',(#1533),#1551,.F.);
#1533 = FACE_BOUND('',#1534,.F.);
#1534 = EDGE_LOOP('',(#1535,#1536,#1537,#1545));
#1535 = ORIENTED_EDGE('',*,*,#1512,.F.);
#1536 = ORIENTED_EDGE('',*,*,#1437,.T.);
#1537 = ORIENTED_EDGE('',*,*,#1538,.T.);
#1538 = EDGE_CURVE('',#1429,#1539,#1541,.T.);
#1539 = VERTEX_POINT('',#1540);
#1540 = CARTESIAN_POINT('',(1.3,-5.E-02,6.1));
#1541 = LINE('',#1542,#1543);
#1542 = CARTESIAN_POINT('',(1.3,-6.35,6.1));
#1543 = VECTOR('',#1544,1.);
#1544 = DIRECTION('',(1.224646799147E-16,1.,0.));
#1545 = ORIENTED_EDGE('',*,*,#1546,.F.);
#1546 = EDGE_CURVE('',#1513,#1539,#1547,.T.);
#1547 = LINE('',#1548,#1549);
#1548 = CARTESIAN_POINT('',(1.3,-5.E-02,6.2));
#1549 = VECTOR('',#1550,1.);
#1550 = DIRECTION('',(-1.203998759507E-48,1.2517178869E-32,-1.));
#1551 = PLANE('',#1552);
#1552 = AXIS2_PLACEMENT_3D('',#1553,#1554,#1555);
#1553 = CARTESIAN_POINT('',(1.3,-6.35,6.2));
#1554 = DIRECTION('',(1.,-1.224646799147E-16,-2.736911063134E-48));
#1555 = DIRECTION('',(1.224646799147E-16,1.,0.));
#1556 = ADVANCED_FACE('',(#1557),#1575,.T.);
#1557 = FACE_BOUND('',#1558,.T.);
#1558 = EDGE_LOOP('',(#1559,#1560,#1561,#1569));
#1559 = ORIENTED_EDGE('',*,*,#1497,.T.);
#1560 = ORIENTED_EDGE('',*,*,#1334,.T.);
#1561 = ORIENTED_EDGE('',*,*,#1562,.F.);
#1562 = EDGE_CURVE('',#1563,#1335,#1565,.T.);
#1563 = VERTEX_POINT('',#1564);
#1564 = CARTESIAN_POINT('',(1.3,5.E-02,6.2));
#1565 = LINE('',#1566,#1567);
#1566 = CARTESIAN_POINT('',(1.3,5.E-02,6.2));
#1567 = VECTOR('',#1568,1.);
#1568 = DIRECTION('',(1.224646799147E-16,1.,0.));
#1569 = ORIENTED_EDGE('',*,*,#1570,.F.);
#1570 = EDGE_CURVE('',#1490,#1563,#1571,.T.);
#1571 = LINE('',#1572,#1573);
#1572 = CARTESIAN_POINT('',(7.6,5.E-02,6.2));
#1573 = VECTOR('',#1574,1.);
#1574 = DIRECTION('',(-1.,1.224646799147E-16,0.));
#1575 = PLANE('',#1576);
#1576 = AXIS2_PLACEMENT_3D('',#1577,#1578,#1579);
#1577 = CARTESIAN_POINT('',(1.25,-1.425463059326E-16,6.2));
#1578 = DIRECTION('',(1.203998759507E-48,-1.2517178869E-32,1.));
#1579 = DIRECTION('',(-1.224646799147E-16,-1.,-1.2517178869E-32));
#1580 = ADVANCED_FACE('',(#1581),#1637,.T.);
#1581 = FACE_BOUND('',#1582,.T.);
#1582 = EDGE_LOOP('',(#1583,#1591,#1597,#1598,#1599,#1605,#1606,#1614,
    #1620,#1621,#1629,#1635,#1636));
#1583 = ORIENTED_EDGE('',*,*,#1584,.T.);
#1584 = EDGE_CURVE('',#1395,#1585,#1587,.T.);
#1585 = VERTEX_POINT('',#1586);
#1586 = CARTESIAN_POINT('',(1.2,-5.E-02,6.1));
#1587 = LINE('',#1588,#1589);
#1588 = CARTESIAN_POINT('',(-5.1,-5.E-02,6.1));
#1589 = VECTOR('',#1590,1.);
#1590 = DIRECTION('',(1.,-1.059435039531E-16,0.));
#1591 = ORIENTED_EDGE('',*,*,#1592,.T.);
#1592 = EDGE_CURVE('',#1585,#1421,#1593,.T.);
#1593 = LINE('',#1594,#1595);
#1594 = CARTESIAN_POINT('',(1.2,-5.E-02,6.1));
#1595 = VECTOR('',#1596,1.);
#1596 = DIRECTION('',(-1.224646799147E-16,-1.,0.));
#1597 = ORIENTED_EDGE('',*,*,#1428,.F.);
#1598 = ORIENTED_EDGE('',*,*,#1538,.T.);
#1599 = ORIENTED_EDGE('',*,*,#1600,.T.);
#1600 = EDGE_CURVE('',#1539,#1473,#1601,.T.);
#1601 = LINE('',#1602,#1603);
#1602 = CARTESIAN_POINT('',(1.3,-5.E-02,6.1));
#1603 = VECTOR('',#1604,1.);
#1604 = DIRECTION('',(1.,-1.224646799147E-16,0.));
#1605 = ORIENTED_EDGE('',*,*,#1480,.F.);
#1606 = ORIENTED_EDGE('',*,*,#1607,.T.);
#1607 = EDGE_CURVE('',#1481,#1608,#1610,.T.);
#1608 = VERTEX_POINT('',#1609);
#1609 = CARTESIAN_POINT('',(1.3,5.E-02,6.1));
#1610 = LINE('',#1611,#1612);
#1611 = CARTESIAN_POINT('',(7.6,5.E-02,6.1));
#1612 = VECTOR('',#1613,1.);
#1613 = DIRECTION('',(-1.,1.224646799147E-16,0.));
#1614 = ORIENTED_EDGE('',*,*,#1615,.T.);
#1615 = EDGE_CURVE('',#1608,#1344,#1616,.T.);
#1616 = LINE('',#1617,#1618);
#1617 = CARTESIAN_POINT('',(1.3,5.E-02,6.1));
#1618 = VECTOR('',#1619,1.);
#1619 = DIRECTION('',(1.224646799147E-16,1.,0.));
#1620 = ORIENTED_EDGE('',*,*,#1351,.F.);
#1621 = ORIENTED_EDGE('',*,*,#1622,.T.);
#1622 = EDGE_CURVE('',#1352,#1623,#1625,.T.);
#1623 = VERTEX_POINT('',#1624);
#1624 = CARTESIAN_POINT('',(1.2,5.E-02,6.1));
#1625 = LINE('',#1626,#1627);
#1626 = CARTESIAN_POINT('',(1.2,6.35,6.1));
#1627 = VECTOR('',#1628,1.);
#1628 = DIRECTION('',(-1.224646799147E-16,-1.,0.));
#1629 = ORIENTED_EDGE('',*,*,#1630,.T.);
#1630 = EDGE_CURVE('',#1623,#1378,#1631,.T.);
#1631 = LINE('',#1632,#1633);
#1632 = CARTESIAN_POINT('',(1.2,5.E-02,6.1));
#1633 = VECTOR('',#1634,1.);
#1634 = DIRECTION('',(-1.,1.224646799147E-16,0.));
#1635 = ORIENTED_EDGE('',*,*,#1385,.F.);
#1636 = ORIENTED_EDGE('',*,*,#1394,.F.);
#1637 = PLANE('',#1638);
#1638 = AXIS2_PLACEMENT_3D('',#1639,#1640,#1641);
#1639 = CARTESIAN_POINT('',(1.25,-2.622574073918E-17,6.1));
#1640 = DIRECTION('',(3.196558030834E-32,8.145581993865E-32,1.));
#1641 = DIRECTION('',(-1.224646799147E-16,-1.,8.145581993865E-32));
#1642 = ADVANCED_FACE('',(#1643),#1654,.F.);
#1643 = FACE_BOUND('',#1644,.F.);
#1644 = EDGE_LOOP('',(#1645,#1646,#1652,#1653));
#1645 = ORIENTED_EDGE('',*,*,#1562,.F.);
#1646 = ORIENTED_EDGE('',*,*,#1647,.T.);
#1647 = EDGE_CURVE('',#1563,#1608,#1648,.T.);
#1648 = LINE('',#1649,#1650);
#1649 = CARTESIAN_POINT('',(1.3,5.E-02,6.2));
#1650 = VECTOR('',#1651,1.);
#1651 = DIRECTION('',(-1.203998759507E-48,1.2517178869E-32,-1.));
#1652 = ORIENTED_EDGE('',*,*,#1615,.T.);
#1653 = ORIENTED_EDGE('',*,*,#1343,.F.);
#1654 = PLANE('',#1655);
#1655 = AXIS2_PLACEMENT_3D('',#1656,#1657,#1658);
#1656 = CARTESIAN_POINT('',(1.3,5.E-02,6.2));
#1657 = DIRECTION('',(1.,-1.224646799147E-16,-2.736911063134E-48));
#1658 = DIRECTION('',(1.224646799147E-16,1.,0.));
#1659 = ADVANCED_FACE('',(#1660),#1678,.F.);
#1660 = FACE_BOUND('',#1661,.F.);
#1661 = EDGE_LOOP('',(#1662,#1670,#1676,#1677));
#1662 = ORIENTED_EDGE('',*,*,#1663,.F.);
#1663 = EDGE_CURVE('',#1664,#1412,#1666,.T.);
#1664 = VERTEX_POINT('',#1665);
#1665 = CARTESIAN_POINT('',(1.2,-5.E-02,6.2));
#1666 = LINE('',#1667,#1668);
#1667 = CARTESIAN_POINT('',(1.2,-5.E-02,6.2));
#1668 = VECTOR('',#1669,1.);
#1669 = DIRECTION('',(-1.224646799147E-16,-1.,0.));
#1670 = ORIENTED_EDGE('',*,*,#1671,.T.);
#1671 = EDGE_CURVE('',#1664,#1585,#1672,.T.);
#1672 = LINE('',#1673,#1674);
#1673 = CARTESIAN_POINT('',(1.2,-5.E-02,6.2));
#1674 = VECTOR('',#1675,1.);
#1675 = DIRECTION('',(-1.203998759507E-48,1.2517178869E-32,-1.));
#1676 = ORIENTED_EDGE('',*,*,#1592,.T.);
#1677 = ORIENTED_EDGE('',*,*,#1420,.F.);
#1678 = PLANE('',#1679);
#1679 = AXIS2_PLACEMENT_3D('',#1680,#1681,#1682);
#1680 = CARTESIAN_POINT('',(1.2,-5.E-02,6.2));
#1681 = DIRECTION('',(-1.,1.224646799147E-16,2.736911063134E-48));
#1682 = DIRECTION('',(-1.224646799147E-16,-1.,0.));
#1683 = ADVANCED_FACE('',(#1684),#1694,.T.);
#1684 = FACE_BOUND('',#1685,.T.);
#1685 = EDGE_LOOP('',(#1686,#1692,#1693));
#1686 = ORIENTED_EDGE('',*,*,#1687,.F.);
#1687 = EDGE_CURVE('',#1404,#1664,#1688,.T.);
#1688 = LINE('',#1689,#1690);
#1689 = CARTESIAN_POINT('',(-5.1,-5.E-02,6.2));
#1690 = VECTOR('',#1691,1.);
#1691 = DIRECTION('',(1.,-1.059435039531E-16,0.));
#1692 = ORIENTED_EDGE('',*,*,#1411,.T.);
#1693 = ORIENTED_EDGE('',*,*,#1663,.F.);
#1694 = PLANE('',#1695);
#1695 = AXIS2_PLACEMENT_3D('',#1696,#1697,#1698);
#1696 = CARTESIAN_POINT('',(1.25,-1.425463059326E-16,6.2));
#1697 = DIRECTION('',(1.203998759507E-48,-1.2517178869E-32,1.));
#1698 = DIRECTION('',(-1.224646799147E-16,-1.,-1.2517178869E-32));
#1699 = ADVANCED_FACE('',(#1700),#1718,.F.);
#1700 = FACE_BOUND('',#1701,.F.);
#1701 = EDGE_LOOP('',(#1702,#1710,#1711,#1712));
#1702 = ORIENTED_EDGE('',*,*,#1703,.F.);
#1703 = EDGE_CURVE('',#1361,#1704,#1706,.T.);
#1704 = VERTEX_POINT('',#1705);
#1705 = CARTESIAN_POINT('',(1.2,5.E-02,6.2));
#1706 = LINE('',#1707,#1708);
#1707 = CARTESIAN_POINT('',(1.2,6.35,6.2));
#1708 = VECTOR('',#1709,1.);
#1709 = DIRECTION('',(-1.224646799147E-16,-1.,0.));
#1710 = ORIENTED_EDGE('',*,*,#1360,.T.);
#1711 = ORIENTED_EDGE('',*,*,#1622,.T.);
#1712 = ORIENTED_EDGE('',*,*,#1713,.F.);
#1713 = EDGE_CURVE('',#1704,#1623,#1714,.T.);
#1714 = LINE('',#1715,#1716);
#1715 = CARTESIAN_POINT('',(1.2,5.E-02,6.2));
#1716 = VECTOR('',#1717,1.);
#1717 = DIRECTION('',(-1.203998759507E-48,1.2517178869E-32,-1.));
#1718 = PLANE('',#1719);
#1719 = AXIS2_PLACEMENT_3D('',#1720,#1721,#1722);
#1720 = CARTESIAN_POINT('',(1.2,6.35,6.2));
#1721 = DIRECTION('',(-1.,1.224646799147E-16,2.736911063134E-48));
#1722 = DIRECTION('',(-1.224646799147E-16,-1.,0.));
#1723 = ADVANCED_FACE('',(#1724),#1730,.F.);
#1724 = FACE_BOUND('',#1725,.F.);
#1725 = EDGE_LOOP('',(#1726,#1727,#1728,#1729));
#1726 = ORIENTED_EDGE('',*,*,#1687,.F.);
#1727 = ORIENTED_EDGE('',*,*,#1403,.T.);
#1728 = ORIENTED_EDGE('',*,*,#1584,.T.);
#1729 = ORIENTED_EDGE('',*,*,#1671,.F.);
#1730 = PLANE('',#1731);
#1731 = AXIS2_PLACEMENT_3D('',#1732,#1733,#1734);
#1732 = CARTESIAN_POINT('',(-5.1,-5.E-02,6.2));
#1733 = DIRECTION('',(-1.059435039531E-16,-1.,-1.2517178869E-32));
#1734 = DIRECTION('',(1.,-1.059435039531E-16,0.));
#1735 = ADVANCED_FACE('',(#1736),#1746,.T.);
#1736 = FACE_BOUND('',#1737,.T.);
#1737 = EDGE_LOOP('',(#1738,#1739,#1745));
#1738 = ORIENTED_EDGE('',*,*,#1368,.T.);
#1739 = ORIENTED_EDGE('',*,*,#1740,.F.);
#1740 = EDGE_CURVE('',#1704,#1369,#1741,.T.);
#1741 = LINE('',#1742,#1743);
#1742 = CARTESIAN_POINT('',(1.2,5.E-02,6.2));
#1743 = VECTOR('',#1744,1.);
#1744 = DIRECTION('',(-1.,1.224646799147E-16,0.));
#1745 = ORIENTED_EDGE('',*,*,#1703,.F.);
#1746 = PLANE('',#1747);
#1747 = AXIS2_PLACEMENT_3D('',#1748,#1749,#1750);
#1748 = CARTESIAN_POINT('',(1.25,-1.425463059326E-16,6.2));
#1749 = DIRECTION('',(1.203998759507E-48,-1.2517178869E-32,1.));
#1750 = DIRECTION('',(-1.224646799147E-16,-1.,-1.2517178869E-32));
#1751 = ADVANCED_FACE('',(#1752),#1758,.F.);
#1752 = FACE_BOUND('',#1753,.F.);
#1753 = EDGE_LOOP('',(#1754,#1755,#1756,#1757));
#1754 = ORIENTED_EDGE('',*,*,#1740,.F.);
#1755 = ORIENTED_EDGE('',*,*,#1713,.T.);
#1756 = ORIENTED_EDGE('',*,*,#1630,.T.);
#1757 = ORIENTED_EDGE('',*,*,#1377,.F.);
#1758 = PLANE('',#1759);
#1759 = AXIS2_PLACEMENT_3D('',#1760,#1761,#1762);
#1760 = CARTESIAN_POINT('',(1.2,5.E-02,6.2));
#1761 = DIRECTION('',(1.224646799147E-16,1.,1.2517178869E-32));
#1762 = DIRECTION('',(-1.,1.224646799147E-16,0.));
#1763 = ADVANCED_FACE('',(#1764),#1770,.F.);
#1764 = FACE_BOUND('',#1765,.F.);
#1765 = EDGE_LOOP('',(#1766,#1767,#1768,#1769));
#1766 = ORIENTED_EDGE('',*,*,#1570,.F.);
#1767 = ORIENTED_EDGE('',*,*,#1489,.T.);
#1768 = ORIENTED_EDGE('',*,*,#1607,.T.);
#1769 = ORIENTED_EDGE('',*,*,#1647,.F.);
#1770 = PLANE('',#1771);
#1771 = AXIS2_PLACEMENT_3D('',#1772,#1773,#1774);
#1772 = CARTESIAN_POINT('',(7.6,5.E-02,6.2));
#1773 = DIRECTION('',(1.224646799147E-16,1.,1.2517178869E-32));
#1774 = DIRECTION('',(-1.,1.224646799147E-16,0.));
#1775 = ADVANCED_FACE('',(#1776),#1782,.F.);
#1776 = FACE_BOUND('',#1777,.F.);
#1777 = EDGE_LOOP('',(#1778,#1779,#1780,#1781));
#1778 = ORIENTED_EDGE('',*,*,#1522,.F.);
#1779 = ORIENTED_EDGE('',*,*,#1546,.T.);
#1780 = ORIENTED_EDGE('',*,*,#1600,.T.);
#1781 = ORIENTED_EDGE('',*,*,#1472,.F.);
#1782 = PLANE('',#1783);
#1783 = AXIS2_PLACEMENT_3D('',#1784,#1785,#1786);
#1784 = CARTESIAN_POINT('',(1.3,-5.E-02,6.2));
#1785 = DIRECTION('',(-1.224646799147E-16,-1.,-1.2517178869E-32));
#1786 = DIRECTION('',(1.,-1.224646799147E-16,0.));
#1787 = ORIENTED_CLOSED_SHELL('',*,#1788,.F.);
#1788 = CLOSED_SHELL('',(#1789,#1822,#1854,#1871,#1898));
#1789 = ADVANCED_FACE('',(#1790),#1817,.T.);
#1790 = FACE_BOUND('',#1791,.T.);
#1791 = EDGE_LOOP('',(#1792,#1803,#1811));
#1792 = ORIENTED_EDGE('',*,*,#1793,.T.);
#1793 = EDGE_CURVE('',#1794,#1796,#1798,.T.);
#1794 = VERTEX_POINT('',#1795);
#1795 = CARTESIAN_POINT('',(3.287154369187,0.843816968365,5.9));
#1796 = VERTEX_POINT('',#1797);
#1797 = CARTESIAN_POINT('',(3.287154369187,-0.843816968365,5.9));
#1798 = CIRCLE('',#1799,2.205);
#1799 = AXIS2_PLACEMENT_3D('',#1800,#1801,#1802);
#1800 = CARTESIAN_POINT('',(1.25,0.,5.9));
#1801 = DIRECTION('',(0.,0.,-1.));
#1802 = DIRECTION('',(0.923879532511,0.382683432365,0.));
#1803 = ORIENTED_EDGE('',*,*,#1804,.T.);
#1804 = EDGE_CURVE('',#1796,#1805,#1807,.T.);
#1805 = VERTEX_POINT('',#1806);
#1806 = CARTESIAN_POINT('',(1.25,0.,5.9));
#1807 = LINE('',#1808,#1809);
#1808 = CARTESIAN_POINT('',(3.287154369187,-0.843816968365,5.9));
#1809 = VECTOR('',#1810,1.);
#1810 = DIRECTION('',(-0.923879532511,0.382683432365,0.));
#1811 = ORIENTED_EDGE('',*,*,#1812,.F.);
#1812 = EDGE_CURVE('',#1794,#1805,#1813,.T.);
#1813 = LINE('',#1814,#1815);
#1814 = CARTESIAN_POINT('',(3.287154369187,0.843816968365,5.9));
#1815 = VECTOR('',#1816,1.);
#1816 = DIRECTION('',(-0.923879532511,-0.382683432365,0.));
#1817 = PLANE('',#1818);
#1818 = AXIS2_PLACEMENT_3D('',#1819,#1820,#1821);
#1819 = CARTESIAN_POINT('',(1.25,0.,5.9));
#1820 = DIRECTION('',(0.,0.,-1.));
#1821 = DIRECTION('',(0.923879532511,0.382683432365,0.));
#1822 = ADVANCED_FACE('',(#1823),#1849,.T.);
#1823 = FACE_BOUND('',#1824,.T.);
#1824 = EDGE_LOOP('',(#1825,#1833,#1842,#1848));
#1825 = ORIENTED_EDGE('',*,*,#1826,.F.);
#1826 = EDGE_CURVE('',#1827,#1794,#1829,.T.);
#1827 = VERTEX_POINT('',#1828);
#1828 = CARTESIAN_POINT('',(3.287154369187,0.843816968365,6.));
#1829 = LINE('',#1830,#1831);
#1830 = CARTESIAN_POINT('',(3.287154369187,0.843816968365,6.3));
#1831 = VECTOR('',#1832,1.);
#1832 = DIRECTION('',(0.,0.,-1.));
#1833 = ORIENTED_EDGE('',*,*,#1834,.F.);
#1834 = EDGE_CURVE('',#1835,#1827,#1837,.T.);
#1835 = VERTEX_POINT('',#1836);
#1836 = CARTESIAN_POINT('',(3.287154369187,-0.843816968365,6.));
#1837 = CIRCLE('',#1838,2.205);
#1838 = AXIS2_PLACEMENT_3D('',#1839,#1840,#1841);
#1839 = CARTESIAN_POINT('',(1.25,0.,6.));
#1840 = DIRECTION('',(0.,0.,1.));
#1841 = DIRECTION('',(-1.,1.224646799147E-16,0.));
#1842 = ORIENTED_EDGE('',*,*,#1843,.T.);
#1843 = EDGE_CURVE('',#1835,#1796,#1844,.T.);
#1844 = LINE('',#1845,#1846);
#1845 = CARTESIAN_POINT('',(3.287154369187,-0.843816968365,6.3));
#1846 = VECTOR('',#1847,1.);
#1847 = DIRECTION('',(0.,0.,-1.));
#1848 = ORIENTED_EDGE('',*,*,#1793,.F.);
#1849 = CYLINDRICAL_SURFACE('',#1850,2.205);
#1850 = AXIS2_PLACEMENT_3D('',#1851,#1852,#1853);
#1851 = CARTESIAN_POINT('',(1.25,0.,6.3));
#1852 = DIRECTION('',(0.,0.,-1.));
#1853 = DIRECTION('',(0.923879532511,0.382683432365,0.));
#1854 = ADVANCED_FACE('',(#1855),#1866,.T.);
#1855 = FACE_BOUND('',#1856,.T.);
#1856 = EDGE_LOOP('',(#1857,#1864,#1865));
#1857 = ORIENTED_EDGE('',*,*,#1858,.T.);
#1858 = EDGE_CURVE('',#1796,#1794,#1859,.T.);
#1859 = CIRCLE('',#1860,2.205);
#1860 = AXIS2_PLACEMENT_3D('',#1861,#1862,#1863);
#1861 = CARTESIAN_POINT('',(1.25,0.,5.9));
#1862 = DIRECTION('',(0.,-0.,-1.));
#1863 = DIRECTION('',(0.923879532511,-0.382683432365,0.));
#1864 = ORIENTED_EDGE('',*,*,#1812,.T.);
#1865 = ORIENTED_EDGE('',*,*,#1804,.F.);
#1866 = PLANE('',#1867);
#1867 = AXIS2_PLACEMENT_3D('',#1868,#1869,#1870);
#1868 = CARTESIAN_POINT('',(1.25,0.,5.9));
#1869 = DIRECTION('',(0.,0.,-1.));
#1870 = DIRECTION('',(0.923879532511,-0.382683432365,0.));
#1871 = ADVANCED_FACE('',(#1872),#1893,.T.);
#1872 = FACE_BOUND('',#1873,.T.);
#1873 = EDGE_LOOP('',(#1874,#1875,#1884,#1891,#1892));
#1874 = ORIENTED_EDGE('',*,*,#1843,.F.);
#1875 = ORIENTED_EDGE('',*,*,#1876,.F.);
#1876 = EDGE_CURVE('',#1877,#1835,#1879,.T.);
#1877 = VERTEX_POINT('',#1878);
#1878 = CARTESIAN_POINT('',(-0.955,2.70034619212E-16,6.));
#1879 = CIRCLE('',#1880,2.205);
#1880 = AXIS2_PLACEMENT_3D('',#1881,#1882,#1883);
#1881 = CARTESIAN_POINT('',(1.25,0.,6.));
#1882 = DIRECTION('',(0.,0.,1.));
#1883 = DIRECTION('',(-1.,1.224646799147E-16,0.));
#1884 = ORIENTED_EDGE('',*,*,#1885,.F.);
#1885 = EDGE_CURVE('',#1827,#1877,#1886,.T.);
#1886 = CIRCLE('',#1887,2.205);
#1887 = AXIS2_PLACEMENT_3D('',#1888,#1889,#1890);
#1888 = CARTESIAN_POINT('',(1.25,0.,6.));
#1889 = DIRECTION('',(0.,0.,1.));
#1890 = DIRECTION('',(-1.,1.224646799147E-16,0.));
#1891 = ORIENTED_EDGE('',*,*,#1826,.T.);
#1892 = ORIENTED_EDGE('',*,*,#1858,.F.);
#1893 = CYLINDRICAL_SURFACE('',#1894,2.205);
#1894 = AXIS2_PLACEMENT_3D('',#1895,#1896,#1897);
#1895 = CARTESIAN_POINT('',(1.25,0.,6.3));
#1896 = DIRECTION('',(0.,0.,-1.));
#1897 = DIRECTION('',(0.923879532511,-0.382683432365,0.));
#1898 = ADVANCED_FACE('',(#1899),#1904,.T.);
#1899 = FACE_BOUND('',#1900,.T.);
#1900 = EDGE_LOOP('',(#1901,#1902,#1903));
#1901 = ORIENTED_EDGE('',*,*,#1876,.T.);
#1902 = ORIENTED_EDGE('',*,*,#1834,.T.);
#1903 = ORIENTED_EDGE('',*,*,#1885,.T.);
#1904 = PLANE('',#1905);
#1905 = AXIS2_PLACEMENT_3D('',#1906,#1907,#1908);
#1906 = CARTESIAN_POINT('',(1.25,-1.425463059326E-16,6.));
#1907 = DIRECTION('',(1.203998759507E-48,-1.2517178869E-32,1.));
#1908 = DIRECTION('',(-1.224646799147E-16,-1.,-1.2517178869E-32));
#1909 = ( GEOMETRIC_REPRESENTATION_CONTEXT(3) 
GLOBAL_UNCERTAINTY_ASSIGNED_CONTEXT((#1913)) 
GLOBAL_UNIT_ASSIGNED_CONTEXT((#1910,#1911,#1912)) REPRESENTATION_CONTEXT
('Context #1','3D Context with UNIT and UNCERTAINTY') );
#1910 = ( LENGTH_UNIT() NAMED_UNIT(*) SI_UNIT(.MILLI.,.METRE.) );
#1911 = ( NAMED_UNIT(*) PLANE_ANGLE_UNIT() SI_UNIT($,.RADIAN.) );
#1912 = ( NAMED_UNIT(*) SI_UNIT($,.STERADIAN.) SOLID_ANGLE_UNIT() );
#1913 = UNCERTAINTY_MEASURE_WITH_UNIT(LENGTH_MEASURE(1.E-06),#1910,
  'distance_accuracy_value','confusion accuracy');
#1914 = CONTEXT_DEPENDENT_SHAPE_REPRESENTATION(#1915,#1917);
#1915 = ( REPRESENTATION_RELATIONSHIP('','',#84,#10) 
REPRESENTATION_RELATIONSHIP_WITH_TRANSFORMATION(#1916) 
SHAPE_REPRESENTATION_RELATIONSHIP() );
#1916 = ITEM_DEFINED_TRANSFORMATION('','',#11,#15);
#1917 = PRODUCT_DEFINITION_SHAPE('Placement','Placement of an item',
  #1918);
#1918 = NEXT_ASSEMBLY_USAGE_OCCURRENCE('1','C2','',#5,#79,$);
#1919 = PRODUCT_RELATED_PRODUCT_CATEGORY('part',$,(#81));
#1920 = CONTEXT_DEPENDENT_SHAPE_REPRESENTATION(#1921,#1923);
#1921 = ( REPRESENTATION_RELATIONSHIP('','',#84,#10) 
REPRESENTATION_RELATIONSHIP_WITH_TRANSFORMATION(#1922) 
SHAPE_REPRESENTATION_RELATIONSHIP() );
#1922 = ITEM_DEFINED_TRANSFORMATION('','',#11,#19);
#1923 = PRODUCT_DEFINITION_SHAPE('Placement','Placement of an item',
  #1924);
#1924 = NEXT_ASSEMBLY_USAGE_OCCURRENCE('2','C5','',#5,#79,$);
#1925 = SHAPE_DEFINITION_REPRESENTATION(#1926,#1932);
#1926 = PRODUCT_DEFINITION_SHAPE('','',#1927);
#1927 = PRODUCT_DEFINITION('design','',#1928,#1931);
#1928 = PRODUCT_DEFINITION_FORMATION('','',#1929);
#1929 = PRODUCT('PinHeader_1x03_P2.54mm_Vertical',
  'PinHeader_1x03_P2.54mm_Vertical','',(#1930));
#1930 = PRODUCT_CONTEXT('',#2,'mechanical');
#1931 = PRODUCT_DEFINITION_CONTEXT('part definition',#2,'design');
#1932 = ADVANCED_BREP_SHAPE_REPRESENTATION('',(#11,#1933),#4039);
#1933 = MANIFOLD_SOLID_BREP('',#1934);
#1934 = CLOSED_SHELL('',(#1935,#1975,#2006,#2037,#2284,#2531,#2548,#2565
    ,#2582,#2599,#2616,#2633,#2650,#2667,#2684,#2701,#2718,#2735,#2752,
    #2769,#2786,#2803,#2815,#2846,#2870,#2894,#2911,#2942,#2966,#2990,
    #3007,#3038,#3062,#3086,#3103,#3134,#3158,#3182,#3199,#3230,#3254,
    #3278,#3295,#3326,#3350,#3374,#3391,#3422,#3446,#3470,#3487,#3518,
    #3542,#3566,#3583,#3614,#3638,#3662,#3679,#3710,#3734,#3758,#3775,
    #3806,#3830,#3854,#3871,#3902,#3926,#3950,#3967,#3979,#3991,#4003,
    #4015,#4027));
#1935 = ADVANCED_FACE('',(#1936),#1970,.F.);
#1936 = FACE_BOUND('',#1937,.F.);
#1937 = EDGE_LOOP('',(#1938,#1948,#1956,#1964));
#1938 = ORIENTED_EDGE('',*,*,#1939,.T.);
#1939 = EDGE_CURVE('',#1940,#1942,#1944,.T.);
#1940 = VERTEX_POINT('',#1941);
#1941 = CARTESIAN_POINT('',(-1.016,1.27,0.));
#1942 = VERTEX_POINT('',#1943);
#1943 = CARTESIAN_POINT('',(-1.016,1.27,2.54));
#1944 = LINE('',#1945,#1946);
#1945 = CARTESIAN_POINT('',(-1.016,1.27,0.));
#1946 = VECTOR('',#1947,1.);
#1947 = DIRECTION('',(0.,0.,1.));
#1948 = ORIENTED_EDGE('',*,*,#1949,.T.);
#1949 = EDGE_CURVE('',#1942,#1950,#1952,.T.);
#1950 = VERTEX_POINT('',#1951);
#1951 = CARTESIAN_POINT('',(-1.27,1.016,2.54));
#1952 = LINE('',#1953,#1954);
#1953 = CARTESIAN_POINT('',(-1.016,1.27,2.54));
#1954 = VECTOR('',#1955,1.);
#1955 = DIRECTION('',(-0.707106781187,-0.707106781187,0.));
#1956 = ORIENTED_EDGE('',*,*,#1957,.F.);
#1957 = EDGE_CURVE('',#1958,#1950,#1960,.T.);
#1958 = VERTEX_POINT('',#1959);
#1959 = CARTESIAN_POINT('',(-1.27,1.016,0.));
#1960 = LINE('',#1961,#1962);
#1961 = CARTESIAN_POINT('',(-1.27,1.016,0.));
#1962 = VECTOR('',#1963,1.);
#1963 = DIRECTION('',(0.,0.,1.));
#1964 = ORIENTED_EDGE('',*,*,#1965,.F.);
#1965 = EDGE_CURVE('',#1940,#1958,#1966,.T.);
#1966 = LINE('',#1967,#1968);
#1967 = CARTESIAN_POINT('',(-1.016,1.27,0.));
#1968 = VECTOR('',#1969,1.);
#1969 = DIRECTION('',(-0.707106781187,-0.707106781187,0.));
#1970 = PLANE('',#1971);
#1971 = AXIS2_PLACEMENT_3D('',#1972,#1973,#1974);
#1972 = CARTESIAN_POINT('',(-1.016,1.27,0.));
#1973 = DIRECTION('',(0.707106781187,-0.707106781187,0.));
#1974 = DIRECTION('',(-0.707106781187,-0.707106781187,0.));
#1975 = ADVANCED_FACE('',(#1976),#2001,.F.);
#1976 = FACE_BOUND('',#1977,.F.);
#1977 = EDGE_LOOP('',(#1978,#1988,#1994,#1995));
#1978 = ORIENTED_EDGE('',*,*,#1979,.T.);
#1979 = EDGE_CURVE('',#1980,#1982,#1984,.T.);
#1980 = VERTEX_POINT('',#1981);
#1981 = CARTESIAN_POINT('',(1.016,1.27,0.));
#1982 = VERTEX_POINT('',#1983);
#1983 = CARTESIAN_POINT('',(1.016,1.27,2.54));
#1984 = LINE('',#1985,#1986);
#1985 = CARTESIAN_POINT('',(1.016,1.27,0.));
#1986 = VECTOR('',#1987,1.);
#1987 = DIRECTION('',(0.,0.,1.));
#1988 = ORIENTED_EDGE('',*,*,#1989,.T.);
#1989 = EDGE_CURVE('',#1982,#1942,#1990,.T.);
#1990 = LINE('',#1991,#1992);
#1991 = CARTESIAN_POINT('',(1.016,1.27,2.54));
#1992 = VECTOR('',#1993,1.);
#1993 = DIRECTION('',(-1.,0.,0.));
#1994 = ORIENTED_EDGE('',*,*,#1939,.F.);
#1995 = ORIENTED_EDGE('',*,*,#1996,.F.);
#1996 = EDGE_CURVE('',#1980,#1940,#1997,.T.);
#1997 = LINE('',#1998,#1999);
#1998 = CARTESIAN_POINT('',(1.016,1.27,0.));
#1999 = VECTOR('',#2000,1.);
#2000 = DIRECTION('',(-1.,0.,0.));
#2001 = PLANE('',#2002);
#2002 = AXIS2_PLACEMENT_3D('',#2003,#2004,#2005);
#2003 = CARTESIAN_POINT('',(1.016,1.27,0.));
#2004 = DIRECTION('',(0.,-1.,0.));
#2005 = DIRECTION('',(-1.,0.,0.));
#2006 = ADVANCED_FACE('',(#2007),#2032,.F.);
#2007 = FACE_BOUND('',#2008,.F.);
#2008 = EDGE_LOOP('',(#2009,#2010,#2018,#2026));
#2009 = ORIENTED_EDGE('',*,*,#1957,.T.);
#2010 = ORIENTED_EDGE('',*,*,#2011,.T.);
#2011 = EDGE_CURVE('',#1950,#2012,#2014,.T.);
#2012 = VERTEX_POINT('',#2013);
#2013 = CARTESIAN_POINT('',(-1.27,-1.016,2.54));
#2014 = LINE('',#2015,#2016);
#2015 = CARTESIAN_POINT('',(-1.27,1.016,2.54));
#2016 = VECTOR('',#2017,1.);
#2017 = DIRECTION('',(0.,-1.,0.));
#2018 = ORIENTED_EDGE('',*,*,#2019,.F.);
#2019 = EDGE_CURVE('',#2020,#2012,#2022,.T.);
#2020 = VERTEX_POINT('',#2021);
#2021 = CARTESIAN_POINT('',(-1.27,-1.016,0.));
#2022 = LINE('',#2023,#2024);
#2023 = CARTESIAN_POINT('',(-1.27,-1.016,0.));
#2024 = VECTOR('',#2025,1.);
#2025 = DIRECTION('',(0.,0.,1.));
#2026 = ORIENTED_EDGE('',*,*,#2027,.F.);
#2027 = EDGE_CURVE('',#1958,#2020,#2028,.T.);
#2028 = LINE('',#2029,#2030);
#2029 = CARTESIAN_POINT('',(-1.27,1.016,0.));
#2030 = VECTOR('',#2031,1.);
#2031 = DIRECTION('',(0.,-1.,0.));
#2032 = PLANE('',#2033);
#2033 = AXIS2_PLACEMENT_3D('',#2034,#2035,#2036);
#2034 = CARTESIAN_POINT('',(-1.27,1.016,0.));
#2035 = DIRECTION('',(1.,0.,0.));
#2036 = DIRECTION('',(0.,-1.,0.));
#2037 = ADVANCED_FACE('',(#2038,#2177,#2211,#2245),#2279,.F.);
#2038 = FACE_BOUND('',#2039,.F.);
#2039 = EDGE_LOOP('',(#2040,#2041,#2042,#2050,#2058,#2066,#2074,#2082,
    #2090,#2098,#2106,#2114,#2122,#2130,#2138,#2146,#2154,#2162,#2170,
    #2176));
#2040 = ORIENTED_EDGE('',*,*,#1965,.T.);
#2041 = ORIENTED_EDGE('',*,*,#2027,.T.);
#2042 = ORIENTED_EDGE('',*,*,#2043,.T.);
#2043 = EDGE_CURVE('',#2020,#2044,#2046,.T.);
#2044 = VERTEX_POINT('',#2045);
#2045 = CARTESIAN_POINT('',(-1.016,-1.27,0.));
#2046 = LINE('',#2047,#2048);
#2047 = CARTESIAN_POINT('',(-1.27,-1.016,0.));
#2048 = VECTOR('',#2049,1.);
#2049 = DIRECTION('',(0.707106781187,-0.707106781187,0.));
#2050 = ORIENTED_EDGE('',*,*,#2051,.T.);
#2051 = EDGE_CURVE('',#2044,#2052,#2054,.T.);
#2052 = VERTEX_POINT('',#2053);
#2053 = CARTESIAN_POINT('',(-1.27,-1.524,0.));
#2054 = LINE('',#2055,#2056);
#2055 = CARTESIAN_POINT('',(-1.016,-1.27,0.));
#2056 = VECTOR('',#2057,1.);
#2057 = DIRECTION('',(-0.707106781187,-0.707106781187,0.));
#2058 = ORIENTED_EDGE('',*,*,#2059,.T.);
#2059 = EDGE_CURVE('',#2052,#2060,#2062,.T.);
#2060 = VERTEX_POINT('',#2061);
#2061 = CARTESIAN_POINT('',(-1.27,-3.556,0.));
#2062 = LINE('',#2063,#2064);
#2063 = CARTESIAN_POINT('',(-1.27,-1.524,0.));
#2064 = VECTOR('',#2065,1.);
#2065 = DIRECTION('',(0.,-1.,0.));
#2066 = ORIENTED_EDGE('',*,*,#2067,.T.);
#2067 = EDGE_CURVE('',#2060,#2068,#2070,.T.);
#2068 = VERTEX_POINT('',#2069);
#2069 = CARTESIAN_POINT('',(-1.016,-3.81,0.));
#2070 = LINE('',#2071,#2072);
#2071 = CARTESIAN_POINT('',(-1.27,-3.556,0.));
#2072 = VECTOR('',#2073,1.);
#2073 = DIRECTION('',(0.707106781187,-0.707106781187,0.));
#2074 = ORIENTED_EDGE('',*,*,#2075,.T.);
#2075 = EDGE_CURVE('',#2068,#2076,#2078,.T.);
#2076 = VERTEX_POINT('',#2077);
#2077 = CARTESIAN_POINT('',(-1.27,-4.064,0.));
#2078 = LINE('',#2079,#2080);
#2079 = CARTESIAN_POINT('',(-1.016,-3.81,0.));
#2080 = VECTOR('',#2081,1.);
#2081 = DIRECTION('',(-0.707106781187,-0.707106781187,0.));
#2082 = ORIENTED_EDGE('',*,*,#2083,.T.);
#2083 = EDGE_CURVE('',#2076,#2084,#2086,.T.);
#2084 = VERTEX_POINT('',#2085);
#2085 = CARTESIAN_POINT('',(-1.27,-6.096,0.));
#2086 = LINE('',#2087,#2088);
#2087 = CARTESIAN_POINT('',(-1.27,-4.064,0.));
#2088 = VECTOR('',#2089,1.);
#2089 = DIRECTION('',(0.,-1.,0.));
#2090 = ORIENTED_EDGE('',*,*,#2091,.T.);
#2091 = EDGE_CURVE('',#2084,#2092,#2094,.T.);
#2092 = VERTEX_POINT('',#2093);
#2093 = CARTESIAN_POINT('',(-1.016,-6.35,0.));
#2094 = LINE('',#2095,#2096);
#2095 = CARTESIAN_POINT('',(-1.27,-6.096,0.));
#2096 = VECTOR('',#2097,1.);
#2097 = DIRECTION('',(0.707106781187,-0.707106781187,0.));
#2098 = ORIENTED_EDGE('',*,*,#2099,.T.);
#2099 = EDGE_CURVE('',#2092,#2100,#2102,.T.);
#2100 = VERTEX_POINT('',#2101);
#2101 = CARTESIAN_POINT('',(1.016,-6.35,0.));
#2102 = LINE('',#2103,#2104);
#2103 = CARTESIAN_POINT('',(-1.016,-6.35,0.));
#2104 = VECTOR('',#2105,1.);
#2105 = DIRECTION('',(1.,0.,0.));
#2106 = ORIENTED_EDGE('',*,*,#2107,.T.);
#2107 = EDGE_CURVE('',#2100,#2108,#2110,.T.);
#2108 = VERTEX_POINT('',#2109);
#2109 = CARTESIAN_POINT('',(1.27,-6.096,0.));
#2110 = LINE('',#2111,#2112);
#2111 = CARTESIAN_POINT('',(1.016,-6.35,0.));
#2112 = VECTOR('',#2113,1.);
#2113 = DIRECTION('',(0.707106781187,0.707106781187,0.));
#2114 = ORIENTED_EDGE('',*,*,#2115,.T.);
#2115 = EDGE_CURVE('',#2108,#2116,#2118,.T.);
#2116 = VERTEX_POINT('',#2117);
#2117 = CARTESIAN_POINT('',(1.27,-4.064,0.));
#2118 = LINE('',#2119,#2120);
#2119 = CARTESIAN_POINT('',(1.27,-6.096,0.));
#2120 = VECTOR('',#2121,1.);
#2121 = DIRECTION('',(0.,1.,0.));
#2122 = ORIENTED_EDGE('',*,*,#2123,.T.);
#2123 = EDGE_CURVE('',#2116,#2124,#2126,.T.);
#2124 = VERTEX_POINT('',#2125);
#2125 = CARTESIAN_POINT('',(1.016,-3.81,0.));
#2126 = LINE('',#2127,#2128);
#2127 = CARTESIAN_POINT('',(1.27,-4.064,0.));
#2128 = VECTOR('',#2129,1.);
#2129 = DIRECTION('',(-0.707106781187,0.707106781187,0.));
#2130 = ORIENTED_EDGE('',*,*,#2131,.T.);
#2131 = EDGE_CURVE('',#2124,#2132,#2134,.T.);
#2132 = VERTEX_POINT('',#2133);
#2133 = CARTESIAN_POINT('',(1.27,-3.556,0.));
#2134 = LINE('',#2135,#2136);
#2135 = CARTESIAN_POINT('',(1.016,-3.81,0.));
#2136 = VECTOR('',#2137,1.);
#2137 = DIRECTION('',(0.707106781187,0.707106781187,0.));
#2138 = ORIENTED_EDGE('',*,*,#2139,.T.);
#2139 = EDGE_CURVE('',#2132,#2140,#2142,.T.);
#2140 = VERTEX_POINT('',#2141);
#2141 = CARTESIAN_POINT('',(1.27,-1.524,0.));
#2142 = LINE('',#2143,#2144);
#2143 = CARTESIAN_POINT('',(1.27,-3.556,0.));
#2144 = VECTOR('',#2145,1.);
#2145 = DIRECTION('',(0.,1.,0.));
#2146 = ORIENTED_EDGE('',*,*,#2147,.T.);
#2147 = EDGE_CURVE('',#2140,#2148,#2150,.T.);
#2148 = VERTEX_POINT('',#2149);
#2149 = CARTESIAN_POINT('',(1.016,-1.27,0.));
#2150 = LINE('',#2151,#2152);
#2151 = CARTESIAN_POINT('',(1.27,-1.524,0.));
#2152 = VECTOR('',#2153,1.);
#2153 = DIRECTION('',(-0.707106781187,0.707106781187,0.));
#2154 = ORIENTED_EDGE('',*,*,#2155,.T.);
#2155 = EDGE_CURVE('',#2148,#2156,#2158,.T.);
#2156 = VERTEX_POINT('',#2157);
#2157 = CARTESIAN_POINT('',(1.27,-1.016,0.));
#2158 = LINE('',#2159,#2160);
#2159 = CARTESIAN_POINT('',(1.016,-1.27,0.));
#2160 = VECTOR('',#2161,1.);
#2161 = DIRECTION('',(0.707106781187,0.707106781187,0.));
#2162 = ORIENTED_EDGE('',*,*,#2163,.T.);
#2163 = EDGE_CURVE('',#2156,#2164,#2166,.T.);
#2164 = VERTEX_POINT('',#2165);
#2165 = CARTESIAN_POINT('',(1.27,1.016,0.));
#2166 = LINE('',#2167,#2168);
#2167 = CARTESIAN_POINT('',(1.27,-1.016,0.));
#2168 = VECTOR('',#2169,1.);
#2169 = DIRECTION('',(0.,1.,0.));
#2170 = ORIENTED_EDGE('',*,*,#2171,.T.);
#2171 = EDGE_CURVE('',#2164,#1980,#2172,.T.);
#2172 = LINE('',#2173,#2174);
#2173 = CARTESIAN_POINT('',(1.27,1.016,0.));
#2174 = VECTOR('',#2175,1.);
#2175 = DIRECTION('',(-0.707106781187,0.707106781187,0.));
#2176 = ORIENTED_EDGE('',*,*,#1996,.T.);
#2177 = FACE_BOUND('',#2178,.F.);
#2178 = EDGE_LOOP('',(#2179,#2189,#2197,#2205));
#2179 = ORIENTED_EDGE('',*,*,#2180,.F.);
#2180 = EDGE_CURVE('',#2181,#2183,#2185,.T.);
#2181 = VERTEX_POINT('',#2182);
#2182 = CARTESIAN_POINT('',(0.32,-0.32,0.));
#2183 = VERTEX_POINT('',#2184);
#2184 = CARTESIAN_POINT('',(0.32,0.32,0.));
#2185 = LINE('',#2186,#2187);
#2186 = CARTESIAN_POINT('',(0.32,-1.43,0.));
#2187 = VECTOR('',#2188,1.);
#2188 = DIRECTION('',(0.,1.,0.));
#2189 = ORIENTED_EDGE('',*,*,#2190,.T.);
#2190 = EDGE_CURVE('',#2181,#2191,#2193,.T.);
#2191 = VERTEX_POINT('',#2192);
#2192 = CARTESIAN_POINT('',(-0.32,-0.32,0.));
#2193 = LINE('',#2194,#2195);
#2194 = CARTESIAN_POINT('',(-0.16,-0.32,0.));
#2195 = VECTOR('',#2196,1.);
#2196 = DIRECTION('',(-1.,0.,0.));
#2197 = ORIENTED_EDGE('',*,*,#2198,.T.);
#2198 = EDGE_CURVE('',#2191,#2199,#2201,.T.);
#2199 = VERTEX_POINT('',#2200);
#2200 = CARTESIAN_POINT('',(-0.32,0.32,0.));
#2201 = LINE('',#2202,#2203);
#2202 = CARTESIAN_POINT('',(-0.32,-1.43,0.));
#2203 = VECTOR('',#2204,1.);
#2204 = DIRECTION('',(0.,1.,0.));
#2205 = ORIENTED_EDGE('',*,*,#2206,.F.);
#2206 = EDGE_CURVE('',#2183,#2199,#2207,.T.);
#2207 = LINE('',#2208,#2209);
#2208 = CARTESIAN_POINT('',(-0.16,0.32,0.));
#2209 = VECTOR('',#2210,1.);
#2210 = DIRECTION('',(-1.,0.,0.));
#2211 = FACE_BOUND('',#2212,.F.);
#2212 = EDGE_LOOP('',(#2213,#2223,#2231,#2239));
#2213 = ORIENTED_EDGE('',*,*,#2214,.T.);
#2214 = EDGE_CURVE('',#2215,#2217,#2219,.T.);
#2215 = VERTEX_POINT('',#2216);
#2216 = CARTESIAN_POINT('',(0.32,-2.86,0.));
#2217 = VERTEX_POINT('',#2218);
#2218 = CARTESIAN_POINT('',(-0.32,-2.86,0.));
#2219 = LINE('',#2220,#2221);
#2220 = CARTESIAN_POINT('',(-0.16,-2.86,0.));
#2221 = VECTOR('',#2222,1.);
#2222 = DIRECTION('',(-1.,0.,0.));
#2223 = ORIENTED_EDGE('',*,*,#2224,.T.);
#2224 = EDGE_CURVE('',#2217,#2225,#2227,.T.);
#2225 = VERTEX_POINT('',#2226);
#2226 = CARTESIAN_POINT('',(-0.32,-2.22,0.));
#2227 = LINE('',#2228,#2229);
#2228 = CARTESIAN_POINT('',(-0.32,-2.7,0.));
#2229 = VECTOR('',#2230,1.);
#2230 = DIRECTION('',(0.,1.,0.));
#2231 = ORIENTED_EDGE('',*,*,#2232,.F.);
#2232 = EDGE_CURVE('',#2233,#2225,#2235,.T.);
#2233 = VERTEX_POINT('',#2234);
#2234 = CARTESIAN_POINT('',(0.32,-2.22,0.));
#2235 = LINE('',#2236,#2237);
#2236 = CARTESIAN_POINT('',(-0.16,-2.22,0.));
#2237 = VECTOR('',#2238,1.);
#2238 = DIRECTION('',(-1.,0.,0.));
#2239 = ORIENTED_EDGE('',*,*,#2240,.F.);
#2240 = EDGE_CURVE('',#2215,#2233,#2241,.T.);
#2241 = LINE('',#2242,#2243);
#2242 = CARTESIAN_POINT('',(0.32,-2.7,0.));
#2243 = VECTOR('',#2244,1.);
#2244 = DIRECTION('',(0.,1.,0.));
#2245 = FACE_BOUND('',#2246,.F.);
#2246 = EDGE_LOOP('',(#2247,#2257,#2265,#2273));
#2247 = ORIENTED_EDGE('',*,*,#2248,.F.);
#2248 = EDGE_CURVE('',#2249,#2251,#2253,.T.);
#2249 = VERTEX_POINT('',#2250);
#2250 = CARTESIAN_POINT('',(0.32,-4.76,0.));
#2251 = VERTEX_POINT('',#2252);
#2252 = CARTESIAN_POINT('',(-0.32,-4.76,0.));
#2253 = LINE('',#2254,#2255);
#2254 = CARTESIAN_POINT('',(-0.16,-4.76,0.));
#2255 = VECTOR('',#2256,1.);
#2256 = DIRECTION('',(-1.,0.,0.));
#2257 = ORIENTED_EDGE('',*,*,#2258,.F.);
#2258 = EDGE_CURVE('',#2259,#2249,#2261,.T.);
#2259 = VERTEX_POINT('',#2260);
#2260 = CARTESIAN_POINT('',(0.32,-5.4,0.));
#2261 = LINE('',#2262,#2263);
#2262 = CARTESIAN_POINT('',(0.32,-3.97,0.));
#2263 = VECTOR('',#2264,1.);
#2264 = DIRECTION('',(0.,1.,0.));
#2265 = ORIENTED_EDGE('',*,*,#2266,.T.);
#2266 = EDGE_CURVE('',#2259,#2267,#2269,.T.);
#2267 = VERTEX_POINT('',#2268);
#2268 = CARTESIAN_POINT('',(-0.32,-5.4,0.));
#2269 = LINE('',#2270,#2271);
#2270 = CARTESIAN_POINT('',(-0.16,-5.4,0.));
#2271 = VECTOR('',#2272,1.);
#2272 = DIRECTION('',(-1.,0.,0.));
#2273 = ORIENTED_EDGE('',*,*,#2274,.T.);
#2274 = EDGE_CURVE('',#2267,#2251,#2275,.T.);
#2275 = LINE('',#2276,#2277);
#2276 = CARTESIAN_POINT('',(-0.32,-3.97,0.));
#2277 = VECTOR('',#2278,1.);
#2278 = DIRECTION('',(0.,1.,0.));
#2279 = PLANE('',#2280);
#2280 = AXIS2_PLACEMENT_3D('',#2281,#2282,#2283);
#2281 = CARTESIAN_POINT('',(5.398204781459E-17,-2.54,0.));
#2282 = DIRECTION('',(0.,0.,1.));
#2283 = DIRECTION('',(1.,0.,-0.));
#2284 = ADVANCED_FACE('',(#2285,#2424,#2458,#2492),#2526,.T.);
#2285 = FACE_BOUND('',#2286,.T.);
#2286 = EDGE_LOOP('',(#2287,#2288,#2289,#2297,#2305,#2313,#2321,#2329,
    #2337,#2345,#2353,#2361,#2369,#2377,#2385,#2393,#2401,#2409,#2417,
    #2423));
#2287 = ORIENTED_EDGE('',*,*,#1949,.T.);
#2288 = ORIENTED_EDGE('',*,*,#2011,.T.);
#2289 = ORIENTED_EDGE('',*,*,#2290,.T.);
#2290 = EDGE_CURVE('',#2012,#2291,#2293,.T.);
#2291 = VERTEX_POINT('',#2292);
#2292 = CARTESIAN_POINT('',(-1.016,-1.27,2.54));
#2293 = LINE('',#2294,#2295);
#2294 = CARTESIAN_POINT('',(-1.27,-1.016,2.54));
#2295 = VECTOR('',#2296,1.);
#2296 = DIRECTION('',(0.707106781187,-0.707106781187,0.));
#2297 = ORIENTED_EDGE('',*,*,#2298,.T.);
#2298 = EDGE_CURVE('',#2291,#2299,#2301,.T.);
#2299 = VERTEX_POINT('',#2300);
#2300 = CARTESIAN_POINT('',(-1.27,-1.524,2.54));
#2301 = LINE('',#2302,#2303);
#2302 = CARTESIAN_POINT('',(-1.016,-1.27,2.54));
#2303 = VECTOR('',#2304,1.);
#2304 = DIRECTION('',(-0.707106781187,-0.707106781187,0.));
#2305 = ORIENTED_EDGE('',*,*,#2306,.T.);
#2306 = EDGE_CURVE('',#2299,#2307,#2309,.T.);
#2307 = VERTEX_POINT('',#2308);
#2308 = CARTESIAN_POINT('',(-1.27,-3.556,2.54));
#2309 = LINE('',#2310,#2311);
#2310 = CARTESIAN_POINT('',(-1.27,-1.524,2.54));
#2311 = VECTOR('',#2312,1.);
#2312 = DIRECTION('',(0.,-1.,0.));
#2313 = ORIENTED_EDGE('',*,*,#2314,.T.);
#2314 = EDGE_CURVE('',#2307,#2315,#2317,.T.);
#2315 = VERTEX_POINT('',#2316);
#2316 = CARTESIAN_POINT('',(-1.016,-3.81,2.54));
#2317 = LINE('',#2318,#2319);
#2318 = CARTESIAN_POINT('',(-1.27,-3.556,2.54));
#2319 = VECTOR('',#2320,1.);
#2320 = DIRECTION('',(0.707106781187,-0.707106781187,0.));
#2321 = ORIENTED_EDGE('',*,*,#2322,.T.);
#2322 = EDGE_CURVE('',#2315,#2323,#2325,.T.);
#2323 = VERTEX_POINT('',#2324);
#2324 = CARTESIAN_POINT('',(-1.27,-4.064,2.54));
#2325 = LINE('',#2326,#2327);
#2326 = CARTESIAN_POINT('',(-1.016,-3.81,2.54));
#2327 = VECTOR('',#2328,1.);
#2328 = DIRECTION('',(-0.707106781187,-0.707106781187,0.));
#2329 = ORIENTED_EDGE('',*,*,#2330,.T.);
#2330 = EDGE_CURVE('',#2323,#2331,#2333,.T.);
#2331 = VERTEX_POINT('',#2332);
#2332 = CARTESIAN_POINT('',(-1.27,-6.096,2.54));
#2333 = LINE('',#2334,#2335);
#2334 = CARTESIAN_POINT('',(-1.27,-4.064,2.54));
#2335 = VECTOR('',#2336,1.);
#2336 = DIRECTION('',(0.,-1.,0.));
#2337 = ORIENTED_EDGE('',*,*,#2338,.T.);
#2338 = EDGE_CURVE('',#2331,#2339,#2341,.T.);
#2339 = VERTEX_POINT('',#2340);
#2340 = CARTESIAN_POINT('',(-1.016,-6.35,2.54));
#2341 = LINE('',#2342,#2343);
#2342 = CARTESIAN_POINT('',(-1.27,-6.096,2.54));
#2343 = VECTOR('',#2344,1.);
#2344 = DIRECTION('',(0.707106781187,-0.707106781187,0.));
#2345 = ORIENTED_EDGE('',*,*,#2346,.T.);
#2346 = EDGE_CURVE('',#2339,#2347,#2349,.T.);
#2347 = VERTEX_POINT('',#2348);
#2348 = CARTESIAN_POINT('',(1.016,-6.35,2.54));
#2349 = LINE('',#2350,#2351);
#2350 = CARTESIAN_POINT('',(-1.016,-6.35,2.54));
#2351 = VECTOR('',#2352,1.);
#2352 = DIRECTION('',(1.,0.,0.));
#2353 = ORIENTED_EDGE('',*,*,#2354,.T.);
#2354 = EDGE_CURVE('',#2347,#2355,#2357,.T.);
#2355 = VERTEX_POINT('',#2356);
#2356 = CARTESIAN_POINT('',(1.27,-6.096,2.54));
#2357 = LINE('',#2358,#2359);
#2358 = CARTESIAN_POINT('',(1.016,-6.35,2.54));
#2359 = VECTOR('',#2360,1.);
#2360 = DIRECTION('',(0.707106781187,0.707106781187,0.));
#2361 = ORIENTED_EDGE('',*,*,#2362,.T.);
#2362 = EDGE_CURVE('',#2355,#2363,#2365,.T.);
#2363 = VERTEX_POINT('',#2364);
#2364 = CARTESIAN_POINT('',(1.27,-4.064,2.54));
#2365 = LINE('',#2366,#2367);
#2366 = CARTESIAN_POINT('',(1.27,-6.096,2.54));
#2367 = VECTOR('',#2368,1.);
#2368 = DIRECTION('',(0.,1.,0.));
#2369 = ORIENTED_EDGE('',*,*,#2370,.T.);
#2370 = EDGE_CURVE('',#2363,#2371,#2373,.T.);
#2371 = VERTEX_POINT('',#2372);
#2372 = CARTESIAN_POINT('',(1.016,-3.81,2.54));
#2373 = LINE('',#2374,#2375);
#2374 = CARTESIAN_POINT('',(1.27,-4.064,2.54));
#2375 = VECTOR('',#2376,1.);
#2376 = DIRECTION('',(-0.707106781187,0.707106781187,0.));
#2377 = ORIENTED_EDGE('',*,*,#2378,.T.);
#2378 = EDGE_CURVE('',#2371,#2379,#2381,.T.);
#2379 = VERTEX_POINT('',#2380);
#2380 = CARTESIAN_POINT('',(1.27,-3.556,2.54));
#2381 = LINE('',#2382,#2383);
#2382 = CARTESIAN_POINT('',(1.016,-3.81,2.54));
#2383 = VECTOR('',#2384,1.);
#2384 = DIRECTION('',(0.707106781187,0.707106781187,0.));
#2385 = ORIENTED_EDGE('',*,*,#2386,.T.);
#2386 = EDGE_CURVE('',#2379,#2387,#2389,.T.);
#2387 = VERTEX_POINT('',#2388);
#2388 = CARTESIAN_POINT('',(1.27,-1.524,2.54));
#2389 = LINE('',#2390,#2391);
#2390 = CARTESIAN_POINT('',(1.27,-3.556,2.54));
#2391 = VECTOR('',#2392,1.);
#2392 = DIRECTION('',(0.,1.,0.));
#2393 = ORIENTED_EDGE('',*,*,#2394,.T.);
#2394 = EDGE_CURVE('',#2387,#2395,#2397,.T.);
#2395 = VERTEX_POINT('',#2396);
#2396 = CARTESIAN_POINT('',(1.016,-1.27,2.54));
#2397 = LINE('',#2398,#2399);
#2398 = CARTESIAN_POINT('',(1.27,-1.524,2.54));
#2399 = VECTOR('',#2400,1.);
#2400 = DIRECTION('',(-0.707106781187,0.707106781187,0.));
#2401 = ORIENTED_EDGE('',*,*,#2402,.T.);
#2402 = EDGE_CURVE('',#2395,#2403,#2405,.T.);
#2403 = VERTEX_POINT('',#2404);
#2404 = CARTESIAN_POINT('',(1.27,-1.016,2.54));
#2405 = LINE('',#2406,#2407);
#2406 = CARTESIAN_POINT('',(1.016,-1.27,2.54));
#2407 = VECTOR('',#2408,1.);
#2408 = DIRECTION('',(0.707106781187,0.707106781187,0.));
#2409 = ORIENTED_EDGE('',*,*,#2410,.T.);
#2410 = EDGE_CURVE('',#2403,#2411,#2413,.T.);
#2411 = VERTEX_POINT('',#2412);
#2412 = CARTESIAN_POINT('',(1.27,1.016,2.54));
#2413 = LINE('',#2414,#2415);
#2414 = CARTESIAN_POINT('',(1.27,-1.016,2.54));
#2415 = VECTOR('',#2416,1.);
#2416 = DIRECTION('',(0.,1.,0.));
#2417 = ORIENTED_EDGE('',*,*,#2418,.T.);
#2418 = EDGE_CURVE('',#2411,#1982,#2419,.T.);
#2419 = LINE('',#2420,#2421);
#2420 = CARTESIAN_POINT('',(1.27,1.016,2.54));
#2421 = VECTOR('',#2422,1.);
#2422 = DIRECTION('',(-0.707106781187,0.707106781187,0.));
#2423 = ORIENTED_EDGE('',*,*,#1989,.T.);
#2424 = FACE_BOUND('',#2425,.T.);
#2425 = EDGE_LOOP('',(#2426,#2436,#2444,#2452));
#2426 = ORIENTED_EDGE('',*,*,#2427,.F.);
#2427 = EDGE_CURVE('',#2428,#2430,#2432,.T.);
#2428 = VERTEX_POINT('',#2429);
#2429 = CARTESIAN_POINT('',(0.32,-0.32,2.54));
#2430 = VERTEX_POINT('',#2431);
#2431 = CARTESIAN_POINT('',(0.32,0.32,2.54));
#2432 = LINE('',#2433,#2434);
#2433 = CARTESIAN_POINT('',(0.32,-1.43,2.54));
#2434 = VECTOR('',#2435,1.);
#2435 = DIRECTION('',(0.,1.,0.));
#2436 = ORIENTED_EDGE('',*,*,#2437,.T.);
#2437 = EDGE_CURVE('',#2428,#2438,#2440,.T.);
#2438 = VERTEX_POINT('',#2439);
#2439 = CARTESIAN_POINT('',(-0.32,-0.32,2.54));
#2440 = LINE('',#2441,#2442);
#2441 = CARTESIAN_POINT('',(-0.16,-0.32,2.54));
#2442 = VECTOR('',#2443,1.);
#2443 = DIRECTION('',(-1.,0.,0.));
#2444 = ORIENTED_EDGE('',*,*,#2445,.T.);
#2445 = EDGE_CURVE('',#2438,#2446,#2448,.T.);
#2446 = VERTEX_POINT('',#2447);
#2447 = CARTESIAN_POINT('',(-0.32,0.32,2.54));
#2448 = LINE('',#2449,#2450);
#2449 = CARTESIAN_POINT('',(-0.32,-1.43,2.54));
#2450 = VECTOR('',#2451,1.);
#2451 = DIRECTION('',(0.,1.,0.));
#2452 = ORIENTED_EDGE('',*,*,#2453,.F.);
#2453 = EDGE_CURVE('',#2430,#2446,#2454,.T.);
#2454 = LINE('',#2455,#2456);
#2455 = CARTESIAN_POINT('',(-0.16,0.32,2.54));
#2456 = VECTOR('',#2457,1.);
#2457 = DIRECTION('',(-1.,0.,0.));
#2458 = FACE_BOUND('',#2459,.T.);
#2459 = EDGE_LOOP('',(#2460,#2470,#2478,#2486));
#2460 = ORIENTED_EDGE('',*,*,#2461,.T.);
#2461 = EDGE_CURVE('',#2462,#2464,#2466,.T.);
#2462 = VERTEX_POINT('',#2463);
#2463 = CARTESIAN_POINT('',(0.32,-2.86,2.54));
#2464 = VERTEX_POINT('',#2465);
#2465 = CARTESIAN_POINT('',(-0.32,-2.86,2.54));
#2466 = LINE('',#2467,#2468);
#2467 = CARTESIAN_POINT('',(-0.16,-2.86,2.54));
#2468 = VECTOR('',#2469,1.);
#2469 = DIRECTION('',(-1.,0.,0.));
#2470 = ORIENTED_EDGE('',*,*,#2471,.T.);
#2471 = EDGE_CURVE('',#2464,#2472,#2474,.T.);
#2472 = VERTEX_POINT('',#2473);
#2473 = CARTESIAN_POINT('',(-0.32,-2.22,2.54));
#2474 = LINE('',#2475,#2476);
#2475 = CARTESIAN_POINT('',(-0.32,-2.7,2.54));
#2476 = VECTOR('',#2477,1.);
#2477 = DIRECTION('',(0.,1.,0.));
#2478 = ORIENTED_EDGE('',*,*,#2479,.F.);
#2479 = EDGE_CURVE('',#2480,#2472,#2482,.T.);
#2480 = VERTEX_POINT('',#2481);
#2481 = CARTESIAN_POINT('',(0.32,-2.22,2.54));
#2482 = LINE('',#2483,#2484);
#2483 = CARTESIAN_POINT('',(-0.16,-2.22,2.54));
#2484 = VECTOR('',#2485,1.);
#2485 = DIRECTION('',(-1.,0.,0.));
#2486 = ORIENTED_EDGE('',*,*,#2487,.F.);
#2487 = EDGE_CURVE('',#2462,#2480,#2488,.T.);
#2488 = LINE('',#2489,#2490);
#2489 = CARTESIAN_POINT('',(0.32,-2.7,2.54));
#2490 = VECTOR('',#2491,1.);
#2491 = DIRECTION('',(0.,1.,0.));
#2492 = FACE_BOUND('',#2493,.T.);
#2493 = EDGE_LOOP('',(#2494,#2504,#2512,#2520));
#2494 = ORIENTED_EDGE('',*,*,#2495,.F.);
#2495 = EDGE_CURVE('',#2496,#2498,#2500,.T.);
#2496 = VERTEX_POINT('',#2497);
#2497 = CARTESIAN_POINT('',(0.32,-4.76,2.54));
#2498 = VERTEX_POINT('',#2499);
#2499 = CARTESIAN_POINT('',(-0.32,-4.76,2.54));
#2500 = LINE('',#2501,#2502);
#2501 = CARTESIAN_POINT('',(-0.16,-4.76,2.54));
#2502 = VECTOR('',#2503,1.);
#2503 = DIRECTION('',(-1.,0.,0.));
#2504 = ORIENTED_EDGE('',*,*,#2505,.F.);
#2505 = EDGE_CURVE('',#2506,#2496,#2508,.T.);
#2506 = VERTEX_POINT('',#2507);
#2507 = CARTESIAN_POINT('',(0.32,-5.4,2.54));
#2508 = LINE('',#2509,#2510);
#2509 = CARTESIAN_POINT('',(0.32,-3.97,2.54));
#2510 = VECTOR('',#2511,1.);
#2511 = DIRECTION('',(0.,1.,0.));
#2512 = ORIENTED_EDGE('',*,*,#2513,.T.);
#2513 = EDGE_CURVE('',#2506,#2514,#2516,.T.);
#2514 = VERTEX_POINT('',#2515);
#2515 = CARTESIAN_POINT('',(-0.32,-5.4,2.54));
#2516 = LINE('',#2517,#2518);
#2517 = CARTESIAN_POINT('',(-0.16,-5.4,2.54));
#2518 = VECTOR('',#2519,1.);
#2519 = DIRECTION('',(-1.,0.,0.));
#2520 = ORIENTED_EDGE('',*,*,#2521,.T.);
#2521 = EDGE_CURVE('',#2514,#2498,#2522,.T.);
#2522 = LINE('',#2523,#2524);
#2523 = CARTESIAN_POINT('',(-0.32,-3.97,2.54));
#2524 = VECTOR('',#2525,1.);
#2525 = DIRECTION('',(0.,1.,0.));
#2526 = PLANE('',#2527);
#2527 = AXIS2_PLACEMENT_3D('',#2528,#2529,#2530);
#2528 = CARTESIAN_POINT('',(5.398204781459E-17,-2.54,2.54));
#2529 = DIRECTION('',(0.,0.,1.));
#2530 = DIRECTION('',(1.,0.,-0.));
#2531 = ADVANCED_FACE('',(#2532),#2543,.F.);
#2532 = FACE_BOUND('',#2533,.F.);
#2533 = EDGE_LOOP('',(#2534,#2540,#2541,#2542));
#2534 = ORIENTED_EDGE('',*,*,#2535,.T.);
#2535 = EDGE_CURVE('',#2164,#2411,#2536,.T.);
#2536 = LINE('',#2537,#2538);
#2537 = CARTESIAN_POINT('',(1.27,1.016,0.));
#2538 = VECTOR('',#2539,1.);
#2539 = DIRECTION('',(0.,0.,1.));
#2540 = ORIENTED_EDGE('',*,*,#2418,.T.);
#2541 = ORIENTED_EDGE('',*,*,#1979,.F.);
#2542 = ORIENTED_EDGE('',*,*,#2171,.F.);
#2543 = PLANE('',#2544);
#2544 = AXIS2_PLACEMENT_3D('',#2545,#2546,#2547);
#2545 = CARTESIAN_POINT('',(1.27,1.016,0.));
#2546 = DIRECTION('',(-0.707106781187,-0.707106781187,0.));
#2547 = DIRECTION('',(-0.707106781187,0.707106781187,0.));
#2548 = ADVANCED_FACE('',(#2549),#2560,.F.);
#2549 = FACE_BOUND('',#2550,.F.);
#2550 = EDGE_LOOP('',(#2551,#2552,#2553,#2559));
#2551 = ORIENTED_EDGE('',*,*,#2019,.T.);
#2552 = ORIENTED_EDGE('',*,*,#2290,.T.);
#2553 = ORIENTED_EDGE('',*,*,#2554,.F.);
#2554 = EDGE_CURVE('',#2044,#2291,#2555,.T.);
#2555 = LINE('',#2556,#2557);
#2556 = CARTESIAN_POINT('',(-1.016,-1.27,0.));
#2557 = VECTOR('',#2558,1.);
#2558 = DIRECTION('',(0.,0.,1.));
#2559 = ORIENTED_EDGE('',*,*,#2043,.F.);
#2560 = PLANE('',#2561);
#2561 = AXIS2_PLACEMENT_3D('',#2562,#2563,#2564);
#2562 = CARTESIAN_POINT('',(-1.27,-1.016,0.));
#2563 = DIRECTION('',(0.707106781187,0.707106781187,0.));
#2564 = DIRECTION('',(0.707106781187,-0.707106781187,0.));
#2565 = ADVANCED_FACE('',(#2566),#2577,.F.);
#2566 = FACE_BOUND('',#2567,.F.);
#2567 = EDGE_LOOP('',(#2568,#2574,#2575,#2576));
#2568 = ORIENTED_EDGE('',*,*,#2569,.T.);
#2569 = EDGE_CURVE('',#2156,#2403,#2570,.T.);
#2570 = LINE('',#2571,#2572);
#2571 = CARTESIAN_POINT('',(1.27,-1.016,0.));
#2572 = VECTOR('',#2573,1.);
#2573 = DIRECTION('',(0.,0.,1.));
#2574 = ORIENTED_EDGE('',*,*,#2410,.T.);
#2575 = ORIENTED_EDGE('',*,*,#2535,.F.);
#2576 = ORIENTED_EDGE('',*,*,#2163,.F.);
#2577 = PLANE('',#2578);
#2578 = AXIS2_PLACEMENT_3D('',#2579,#2580,#2581);
#2579 = CARTESIAN_POINT('',(1.27,-1.016,0.));
#2580 = DIRECTION('',(-1.,0.,0.));
#2581 = DIRECTION('',(0.,1.,0.));
#2582 = ADVANCED_FACE('',(#2583),#2594,.F.);
#2583 = FACE_BOUND('',#2584,.F.);
#2584 = EDGE_LOOP('',(#2585,#2586,#2587,#2593));
#2585 = ORIENTED_EDGE('',*,*,#2554,.T.);
#2586 = ORIENTED_EDGE('',*,*,#2298,.T.);
#2587 = ORIENTED_EDGE('',*,*,#2588,.F.);
#2588 = EDGE_CURVE('',#2052,#2299,#2589,.T.);
#2589 = LINE('',#2590,#2591);
#2590 = CARTESIAN_POINT('',(-1.27,-1.524,0.));
#2591 = VECTOR('',#2592,1.);
#2592 = DIRECTION('',(0.,0.,1.));
#2593 = ORIENTED_EDGE('',*,*,#2051,.F.);
#2594 = PLANE('',#2595);
#2595 = AXIS2_PLACEMENT_3D('',#2596,#2597,#2598);
#2596 = CARTESIAN_POINT('',(-1.016,-1.27,0.));
#2597 = DIRECTION('',(0.707106781187,-0.707106781187,0.));
#2598 = DIRECTION('',(-0.707106781187,-0.707106781187,0.));
#2599 = ADVANCED_FACE('',(#2600),#2611,.F.);
#2600 = FACE_BOUND('',#2601,.F.);
#2601 = EDGE_LOOP('',(#2602,#2608,#2609,#2610));
#2602 = ORIENTED_EDGE('',*,*,#2603,.T.);
#2603 = EDGE_CURVE('',#2148,#2395,#2604,.T.);
#2604 = LINE('',#2605,#2606);
#2605 = CARTESIAN_POINT('',(1.016,-1.27,0.));
#2606 = VECTOR('',#2607,1.);
#2607 = DIRECTION('',(0.,0.,1.));
#2608 = ORIENTED_EDGE('',*,*,#2402,.T.);
#2609 = ORIENTED_EDGE('',*,*,#2569,.F.);
#2610 = ORIENTED_EDGE('',*,*,#2155,.F.);
#2611 = PLANE('',#2612);
#2612 = AXIS2_PLACEMENT_3D('',#2613,#2614,#2615);
#2613 = CARTESIAN_POINT('',(1.016,-1.27,0.));
#2614 = DIRECTION('',(-0.707106781187,0.707106781187,0.));
#2615 = DIRECTION('',(0.707106781187,0.707106781187,0.));
#2616 = ADVANCED_FACE('',(#2617),#2628,.F.);
#2617 = FACE_BOUND('',#2618,.F.);
#2618 = EDGE_LOOP('',(#2619,#2620,#2621,#2627));
#2619 = ORIENTED_EDGE('',*,*,#2588,.T.);
#2620 = ORIENTED_EDGE('',*,*,#2306,.T.);
#2621 = ORIENTED_EDGE('',*,*,#2622,.F.);
#2622 = EDGE_CURVE('',#2060,#2307,#2623,.T.);
#2623 = LINE('',#2624,#2625);
#2624 = CARTESIAN_POINT('',(-1.27,-3.556,0.));
#2625 = VECTOR('',#2626,1.);
#2626 = DIRECTION('',(0.,0.,1.));
#2627 = ORIENTED_EDGE('',*,*,#2059,.F.);
#2628 = PLANE('',#2629);
#2629 = AXIS2_PLACEMENT_3D('',#2630,#2631,#2632);
#2630 = CARTESIAN_POINT('',(-1.27,-1.524,0.));
#2631 = DIRECTION('',(1.,0.,0.));
#2632 = DIRECTION('',(0.,-1.,0.));
#2633 = ADVANCED_FACE('',(#2634),#2645,.F.);
#2634 = FACE_BOUND('',#2635,.F.);
#2635 = EDGE_LOOP('',(#2636,#2642,#2643,#2644));
#2636 = ORIENTED_EDGE('',*,*,#2637,.T.);
#2637 = EDGE_CURVE('',#2140,#2387,#2638,.T.);
#2638 = LINE('',#2639,#2640);
#2639 = CARTESIAN_POINT('',(1.27,-1.524,0.));
#2640 = VECTOR('',#2641,1.);
#2641 = DIRECTION('',(0.,0.,1.));
#2642 = ORIENTED_EDGE('',*,*,#2394,.T.);
#2643 = ORIENTED_EDGE('',*,*,#2603,.F.);
#2644 = ORIENTED_EDGE('',*,*,#2147,.F.);
#2645 = PLANE('',#2646);
#2646 = AXIS2_PLACEMENT_3D('',#2647,#2648,#2649);
#2647 = CARTESIAN_POINT('',(1.27,-1.524,0.));
#2648 = DIRECTION('',(-0.707106781187,-0.707106781187,0.));
#2649 = DIRECTION('',(-0.707106781187,0.707106781187,0.));
#2650 = ADVANCED_FACE('',(#2651),#2662,.F.);
#2651 = FACE_BOUND('',#2652,.F.);
#2652 = EDGE_LOOP('',(#2653,#2654,#2655,#2661));
#2653 = ORIENTED_EDGE('',*,*,#2622,.T.);
#2654 = ORIENTED_EDGE('',*,*,#2314,.T.);
#2655 = ORIENTED_EDGE('',*,*,#2656,.F.);
#2656 = EDGE_CURVE('',#2068,#2315,#2657,.T.);
#2657 = LINE('',#2658,#2659);
#2658 = CARTESIAN_POINT('',(-1.016,-3.81,0.));
#2659 = VECTOR('',#2660,1.);
#2660 = DIRECTION('',(0.,0.,1.));
#2661 = ORIENTED_EDGE('',*,*,#2067,.F.);
#2662 = PLANE('',#2663);
#2663 = AXIS2_PLACEMENT_3D('',#2664,#2665,#2666);
#2664 = CARTESIAN_POINT('',(-1.27,-3.556,0.));
#2665 = DIRECTION('',(0.707106781187,0.707106781187,0.));
#2666 = DIRECTION('',(0.707106781187,-0.707106781187,0.));
#2667 = ADVANCED_FACE('',(#2668),#2679,.F.);
#2668 = FACE_BOUND('',#2669,.F.);
#2669 = EDGE_LOOP('',(#2670,#2676,#2677,#2678));
#2670 = ORIENTED_EDGE('',*,*,#2671,.T.);
#2671 = EDGE_CURVE('',#2132,#2379,#2672,.T.);
#2672 = LINE('',#2673,#2674);
#2673 = CARTESIAN_POINT('',(1.27,-3.556,0.));
#2674 = VECTOR('',#2675,1.);
#2675 = DIRECTION('',(0.,0.,1.));
#2676 = ORIENTED_EDGE('',*,*,#2386,.T.);
#2677 = ORIENTED_EDGE('',*,*,#2637,.F.);
#2678 = ORIENTED_EDGE('',*,*,#2139,.F.);
#2679 = PLANE('',#2680);
#2680 = AXIS2_PLACEMENT_3D('',#2681,#2682,#2683);
#2681 = CARTESIAN_POINT('',(1.27,-3.556,0.));
#2682 = DIRECTION('',(-1.,0.,0.));
#2683 = DIRECTION('',(0.,1.,0.));
#2684 = ADVANCED_FACE('',(#2685),#2696,.F.);
#2685 = FACE_BOUND('',#2686,.F.);
#2686 = EDGE_LOOP('',(#2687,#2688,#2689,#2695));
#2687 = ORIENTED_EDGE('',*,*,#2656,.T.);
#2688 = ORIENTED_EDGE('',*,*,#2322,.T.);
#2689 = ORIENTED_EDGE('',*,*,#2690,.F.);
#2690 = EDGE_CURVE('',#2076,#2323,#2691,.T.);
#2691 = LINE('',#2692,#2693);
#2692 = CARTESIAN_POINT('',(-1.27,-4.064,0.));
#2693 = VECTOR('',#2694,1.);
#2694 = DIRECTION('',(0.,0.,1.));
#2695 = ORIENTED_EDGE('',*,*,#2075,.F.);
#2696 = PLANE('',#2697);
#2697 = AXIS2_PLACEMENT_3D('',#2698,#2699,#2700);
#2698 = CARTESIAN_POINT('',(-1.016,-3.81,0.));
#2699 = DIRECTION('',(0.707106781187,-0.707106781187,0.));
#2700 = DIRECTION('',(-0.707106781187,-0.707106781187,0.));
#2701 = ADVANCED_FACE('',(#2702),#2713,.F.);
#2702 = FACE_BOUND('',#2703,.F.);
#2703 = EDGE_LOOP('',(#2704,#2710,#2711,#2712));
#2704 = ORIENTED_EDGE('',*,*,#2705,.T.);
#2705 = EDGE_CURVE('',#2124,#2371,#2706,.T.);
#2706 = LINE('',#2707,#2708);
#2707 = CARTESIAN_POINT('',(1.016,-3.81,0.));
#2708 = VECTOR('',#2709,1.);
#2709 = DIRECTION('',(0.,0.,1.));
#2710 = ORIENTED_EDGE('',*,*,#2378,.T.);
#2711 = ORIENTED_EDGE('',*,*,#2671,.F.);
#2712 = ORIENTED_EDGE('',*,*,#2131,.F.);
#2713 = PLANE('',#2714);
#2714 = AXIS2_PLACEMENT_3D('',#2715,#2716,#2717);
#2715 = CARTESIAN_POINT('',(1.016,-3.81,0.));
#2716 = DIRECTION('',(-0.707106781187,0.707106781187,0.));
#2717 = DIRECTION('',(0.707106781187,0.707106781187,0.));
#2718 = ADVANCED_FACE('',(#2719),#2730,.F.);
#2719 = FACE_BOUND('',#2720,.F.);
#2720 = EDGE_LOOP('',(#2721,#2722,#2723,#2729));
#2721 = ORIENTED_EDGE('',*,*,#2690,.T.);
#2722 = ORIENTED_EDGE('',*,*,#2330,.T.);
#2723 = ORIENTED_EDGE('',*,*,#2724,.F.);
#2724 = EDGE_CURVE('',#2084,#2331,#2725,.T.);
#2725 = LINE('',#2726,#2727);
#2726 = CARTESIAN_POINT('',(-1.27,-6.096,0.));
#2727 = VECTOR('',#2728,1.);
#2728 = DIRECTION('',(0.,0.,1.));
#2729 = ORIENTED_EDGE('',*,*,#2083,.F.);
#2730 = PLANE('',#2731);
#2731 = AXIS2_PLACEMENT_3D('',#2732,#2733,#2734);
#2732 = CARTESIAN_POINT('',(-1.27,-4.064,0.));
#2733 = DIRECTION('',(1.,0.,0.));
#2734 = DIRECTION('',(0.,-1.,0.));
#2735 = ADVANCED_FACE('',(#2736),#2747,.F.);
#2736 = FACE_BOUND('',#2737,.F.);
#2737 = EDGE_LOOP('',(#2738,#2744,#2745,#2746));
#2738 = ORIENTED_EDGE('',*,*,#2739,.T.);
#2739 = EDGE_CURVE('',#2116,#2363,#2740,.T.);
#2740 = LINE('',#2741,#2742);
#2741 = CARTESIAN_POINT('',(1.27,-4.064,0.));
#2742 = VECTOR('',#2743,1.);
#2743 = DIRECTION('',(0.,0.,1.));
#2744 = ORIENTED_EDGE('',*,*,#2370,.T.);
#2745 = ORIENTED_EDGE('',*,*,#2705,.F.);
#2746 = ORIENTED_EDGE('',*,*,#2123,.F.);
#2747 = PLANE('',#2748);
#2748 = AXIS2_PLACEMENT_3D('',#2749,#2750,#2751);
#2749 = CARTESIAN_POINT('',(1.27,-4.064,0.));
#2750 = DIRECTION('',(-0.707106781187,-0.707106781187,0.));
#2751 = DIRECTION('',(-0.707106781187,0.707106781187,0.));
#2752 = ADVANCED_FACE('',(#2753),#2764,.F.);
#2753 = FACE_BOUND('',#2754,.F.);
#2754 = EDGE_LOOP('',(#2755,#2756,#2757,#2763));
#2755 = ORIENTED_EDGE('',*,*,#2724,.T.);
#2756 = ORIENTED_EDGE('',*,*,#2338,.T.);
#2757 = ORIENTED_EDGE('',*,*,#2758,.F.);
#2758 = EDGE_CURVE('',#2092,#2339,#2759,.T.);
#2759 = LINE('',#2760,#2761);
#2760 = CARTESIAN_POINT('',(-1.016,-6.35,0.));
#2761 = VECTOR('',#2762,1.);
#2762 = DIRECTION('',(0.,0.,1.));
#2763 = ORIENTED_EDGE('',*,*,#2091,.F.);
#2764 = PLANE('',#2765);
#2765 = AXIS2_PLACEMENT_3D('',#2766,#2767,#2768);
#2766 = CARTESIAN_POINT('',(-1.27,-6.096,0.));
#2767 = DIRECTION('',(0.707106781187,0.707106781187,0.));
#2768 = DIRECTION('',(0.707106781187,-0.707106781187,0.));
#2769 = ADVANCED_FACE('',(#2770),#2781,.F.);
#2770 = FACE_BOUND('',#2771,.F.);
#2771 = EDGE_LOOP('',(#2772,#2778,#2779,#2780));
#2772 = ORIENTED_EDGE('',*,*,#2773,.T.);
#2773 = EDGE_CURVE('',#2108,#2355,#2774,.T.);
#2774 = LINE('',#2775,#2776);
#2775 = CARTESIAN_POINT('',(1.27,-6.096,0.));
#2776 = VECTOR('',#2777,1.);
#2777 = DIRECTION('',(0.,0.,1.));
#2778 = ORIENTED_EDGE('',*,*,#2362,.T.);
#2779 = ORIENTED_EDGE('',*,*,#2739,.F.);
#2780 = ORIENTED_EDGE('',*,*,#2115,.F.);
#2781 = PLANE('',#2782);
#2782 = AXIS2_PLACEMENT_3D('',#2783,#2784,#2785);
#2783 = CARTESIAN_POINT('',(1.27,-6.096,0.));
#2784 = DIRECTION('',(-1.,0.,0.));
#2785 = DIRECTION('',(0.,1.,0.));
#2786 = ADVANCED_FACE('',(#2787),#2798,.F.);
#2787 = FACE_BOUND('',#2788,.F.);
#2788 = EDGE_LOOP('',(#2789,#2790,#2791,#2797));
#2789 = ORIENTED_EDGE('',*,*,#2758,.T.);
#2790 = ORIENTED_EDGE('',*,*,#2346,.T.);
#2791 = ORIENTED_EDGE('',*,*,#2792,.F.);
#2792 = EDGE_CURVE('',#2100,#2347,#2793,.T.);
#2793 = LINE('',#2794,#2795);
#2794 = CARTESIAN_POINT('',(1.016,-6.35,0.));
#2795 = VECTOR('',#2796,1.);
#2796 = DIRECTION('',(0.,0.,1.));
#2797 = ORIENTED_EDGE('',*,*,#2099,.F.);
#2798 = PLANE('',#2799);
#2799 = AXIS2_PLACEMENT_3D('',#2800,#2801,#2802);
#2800 = CARTESIAN_POINT('',(-1.016,-6.35,0.));
#2801 = DIRECTION('',(0.,1.,0.));
#2802 = DIRECTION('',(1.,0.,0.));
#2803 = ADVANCED_FACE('',(#2804),#2810,.F.);
#2804 = FACE_BOUND('',#2805,.F.);
#2805 = EDGE_LOOP('',(#2806,#2807,#2808,#2809));
#2806 = ORIENTED_EDGE('',*,*,#2792,.T.);
#2807 = ORIENTED_EDGE('',*,*,#2354,.T.);
#2808 = ORIENTED_EDGE('',*,*,#2773,.F.);
#2809 = ORIENTED_EDGE('',*,*,#2107,.F.);
#2810 = PLANE('',#2811);
#2811 = AXIS2_PLACEMENT_3D('',#2812,#2813,#2814);
#2812 = CARTESIAN_POINT('',(1.016,-6.35,0.));
#2813 = DIRECTION('',(-0.707106781187,0.707106781187,0.));
#2814 = DIRECTION('',(0.707106781187,0.707106781187,0.));
#2815 = ADVANCED_FACE('',(#2816),#2841,.T.);
#2816 = FACE_BOUND('',#2817,.T.);
#2817 = EDGE_LOOP('',(#2818,#2826,#2834,#2840));
#2818 = ORIENTED_EDGE('',*,*,#2819,.F.);
#2819 = EDGE_CURVE('',#2820,#2181,#2822,.T.);
#2820 = VERTEX_POINT('',#2821);
#2821 = CARTESIAN_POINT('',(0.32,-0.32,-2.84));
#2822 = LINE('',#2823,#2824);
#2823 = CARTESIAN_POINT('',(0.32,-0.32,-3.));
#2824 = VECTOR('',#2825,1.);
#2825 = DIRECTION('',(0.,0.,1.));
#2826 = ORIENTED_EDGE('',*,*,#2827,.T.);
#2827 = EDGE_CURVE('',#2820,#2828,#2830,.T.);
#2828 = VERTEX_POINT('',#2829);
#2829 = CARTESIAN_POINT('',(0.32,0.32,-2.84));
#2830 = LINE('',#2831,#2832);
#2831 = CARTESIAN_POINT('',(0.32,-0.32,-2.84));
#2832 = VECTOR('',#2833,1.);
#2833 = DIRECTION('',(0.,1.,0.));
#2834 = ORIENTED_EDGE('',*,*,#2835,.T.);
#2835 = EDGE_CURVE('',#2828,#2183,#2836,.T.);
#2836 = LINE('',#2837,#2838);
#2837 = CARTESIAN_POINT('',(0.32,0.32,-3.));
#2838 = VECTOR('',#2839,1.);
#2839 = DIRECTION('',(0.,0.,1.));
#2840 = ORIENTED_EDGE('',*,*,#2180,.F.);
#2841 = PLANE('',#2842);
#2842 = AXIS2_PLACEMENT_3D('',#2843,#2844,#2845);
#2843 = CARTESIAN_POINT('',(0.32,-0.32,-3.));
#2844 = DIRECTION('',(1.,0.,0.));
#2845 = DIRECTION('',(0.,0.,1.));
#2846 = ADVANCED_FACE('',(#2847),#2865,.T.);
#2847 = FACE_BOUND('',#2848,.T.);
#2848 = EDGE_LOOP('',(#2849,#2850,#2858,#2864));
#2849 = ORIENTED_EDGE('',*,*,#2835,.F.);
#2850 = ORIENTED_EDGE('',*,*,#2851,.F.);
#2851 = EDGE_CURVE('',#2852,#2828,#2854,.T.);
#2852 = VERTEX_POINT('',#2853);
#2853 = CARTESIAN_POINT('',(-0.32,0.32,-2.84));
#2854 = LINE('',#2855,#2856);
#2855 = CARTESIAN_POINT('',(-0.32,0.32,-2.84));
#2856 = VECTOR('',#2857,1.);
#2857 = DIRECTION('',(1.,0.,0.));
#2858 = ORIENTED_EDGE('',*,*,#2859,.T.);
#2859 = EDGE_CURVE('',#2852,#2199,#2860,.T.);
#2860 = LINE('',#2861,#2862);
#2861 = CARTESIAN_POINT('',(-0.32,0.32,-3.));
#2862 = VECTOR('',#2863,1.);
#2863 = DIRECTION('',(0.,0.,1.));
#2864 = ORIENTED_EDGE('',*,*,#2206,.F.);
#2865 = PLANE('',#2866);
#2866 = AXIS2_PLACEMENT_3D('',#2867,#2868,#2869);
#2867 = CARTESIAN_POINT('',(-0.32,0.32,-3.));
#2868 = DIRECTION('',(0.,1.,0.));
#2869 = DIRECTION('',(0.,-0.,1.));
#2870 = ADVANCED_FACE('',(#2871),#2889,.F.);
#2871 = FACE_BOUND('',#2872,.F.);
#2872 = EDGE_LOOP('',(#2873,#2881,#2887,#2888));
#2873 = ORIENTED_EDGE('',*,*,#2874,.F.);
#2874 = EDGE_CURVE('',#2875,#2191,#2877,.T.);
#2875 = VERTEX_POINT('',#2876);
#2876 = CARTESIAN_POINT('',(-0.32,-0.32,-2.84));
#2877 = LINE('',#2878,#2879);
#2878 = CARTESIAN_POINT('',(-0.32,-0.32,-3.));
#2879 = VECTOR('',#2880,1.);
#2880 = DIRECTION('',(0.,0.,1.));
#2881 = ORIENTED_EDGE('',*,*,#2882,.T.);
#2882 = EDGE_CURVE('',#2875,#2852,#2883,.T.);
#2883 = LINE('',#2884,#2885);
#2884 = CARTESIAN_POINT('',(-0.32,-0.32,-2.84));
#2885 = VECTOR('',#2886,1.);
#2886 = DIRECTION('',(0.,1.,0.));
#2887 = ORIENTED_EDGE('',*,*,#2859,.T.);
#2888 = ORIENTED_EDGE('',*,*,#2198,.F.);
#2889 = PLANE('',#2890);
#2890 = AXIS2_PLACEMENT_3D('',#2891,#2892,#2893);
#2891 = CARTESIAN_POINT('',(-0.32,-0.32,-3.));
#2892 = DIRECTION('',(1.,0.,0.));
#2893 = DIRECTION('',(0.,0.,1.));
#2894 = ADVANCED_FACE('',(#2895),#2906,.F.);
#2895 = FACE_BOUND('',#2896,.F.);
#2896 = EDGE_LOOP('',(#2897,#2898,#2904,#2905));
#2897 = ORIENTED_EDGE('',*,*,#2819,.F.);
#2898 = ORIENTED_EDGE('',*,*,#2899,.F.);
#2899 = EDGE_CURVE('',#2875,#2820,#2900,.T.);
#2900 = LINE('',#2901,#2902);
#2901 = CARTESIAN_POINT('',(-0.32,-0.32,-2.84));
#2902 = VECTOR('',#2903,1.);
#2903 = DIRECTION('',(1.,0.,0.));
#2904 = ORIENTED_EDGE('',*,*,#2874,.T.);
#2905 = ORIENTED_EDGE('',*,*,#2190,.F.);
#2906 = PLANE('',#2907);
#2907 = AXIS2_PLACEMENT_3D('',#2908,#2909,#2910);
#2908 = CARTESIAN_POINT('',(-0.32,-0.32,-3.));
#2909 = DIRECTION('',(0.,1.,0.));
#2910 = DIRECTION('',(0.,-0.,1.));
#2911 = ADVANCED_FACE('',(#2912),#2937,.F.);
#2912 = FACE_BOUND('',#2913,.F.);
#2913 = EDGE_LOOP('',(#2914,#2922,#2930,#2936));
#2914 = ORIENTED_EDGE('',*,*,#2915,.F.);
#2915 = EDGE_CURVE('',#2916,#2215,#2918,.T.);
#2916 = VERTEX_POINT('',#2917);
#2917 = CARTESIAN_POINT('',(0.32,-2.86,-2.84));
#2918 = LINE('',#2919,#2920);
#2919 = CARTESIAN_POINT('',(0.32,-2.86,-3.));
#2920 = VECTOR('',#2921,1.);
#2921 = DIRECTION('',(0.,0.,1.));
#2922 = ORIENTED_EDGE('',*,*,#2923,.F.);
#2923 = EDGE_CURVE('',#2924,#2916,#2926,.T.);
#2924 = VERTEX_POINT('',#2925);
#2925 = CARTESIAN_POINT('',(-0.32,-2.86,-2.84));
#2926 = LINE('',#2927,#2928);
#2927 = CARTESIAN_POINT('',(-0.32,-2.86,-2.84));
#2928 = VECTOR('',#2929,1.);
#2929 = DIRECTION('',(1.,0.,0.));
#2930 = ORIENTED_EDGE('',*,*,#2931,.T.);
#2931 = EDGE_CURVE('',#2924,#2217,#2932,.T.);
#2932 = LINE('',#2933,#2934);
#2933 = CARTESIAN_POINT('',(-0.32,-2.86,-3.));
#2934 = VECTOR('',#2935,1.);
#2935 = DIRECTION('',(0.,0.,1.));
#2936 = ORIENTED_EDGE('',*,*,#2214,.F.);
#2937 = PLANE('',#2938);
#2938 = AXIS2_PLACEMENT_3D('',#2939,#2940,#2941);
#2939 = CARTESIAN_POINT('',(-0.32,-2.86,-3.));
#2940 = DIRECTION('',(0.,1.,0.));
#2941 = DIRECTION('',(0.,-0.,1.));
#2942 = ADVANCED_FACE('',(#2943),#2961,.T.);
#2943 = FACE_BOUND('',#2944,.T.);
#2944 = EDGE_LOOP('',(#2945,#2946,#2954,#2960));
#2945 = ORIENTED_EDGE('',*,*,#2915,.F.);
#2946 = ORIENTED_EDGE('',*,*,#2947,.T.);
#2947 = EDGE_CURVE('',#2916,#2948,#2950,.T.);
#2948 = VERTEX_POINT('',#2949);
#2949 = CARTESIAN_POINT('',(0.32,-2.22,-2.84));
#2950 = LINE('',#2951,#2952);
#2951 = CARTESIAN_POINT('',(0.32,-2.86,-2.84));
#2952 = VECTOR('',#2953,1.);
#2953 = DIRECTION('',(0.,1.,0.));
#2954 = ORIENTED_EDGE('',*,*,#2955,.T.);
#2955 = EDGE_CURVE('',#2948,#2233,#2956,.T.);
#2956 = LINE('',#2957,#2958);
#2957 = CARTESIAN_POINT('',(0.32,-2.22,-3.));
#2958 = VECTOR('',#2959,1.);
#2959 = DIRECTION('',(0.,0.,1.));
#2960 = ORIENTED_EDGE('',*,*,#2240,.F.);
#2961 = PLANE('',#2962);
#2962 = AXIS2_PLACEMENT_3D('',#2963,#2964,#2965);
#2963 = CARTESIAN_POINT('',(0.32,-2.86,-3.));
#2964 = DIRECTION('',(1.,0.,0.));
#2965 = DIRECTION('',(0.,0.,1.));
#2966 = ADVANCED_FACE('',(#2967),#2985,.T.);
#2967 = FACE_BOUND('',#2968,.T.);
#2968 = EDGE_LOOP('',(#2969,#2970,#2978,#2984));
#2969 = ORIENTED_EDGE('',*,*,#2955,.F.);
#2970 = ORIENTED_EDGE('',*,*,#2971,.F.);
#2971 = EDGE_CURVE('',#2972,#2948,#2974,.T.);
#2972 = VERTEX_POINT('',#2973);
#2973 = CARTESIAN_POINT('',(-0.32,-2.22,-2.84));
#2974 = LINE('',#2975,#2976);
#2975 = CARTESIAN_POINT('',(-0.32,-2.22,-2.84));
#2976 = VECTOR('',#2977,1.);
#2977 = DIRECTION('',(1.,0.,0.));
#2978 = ORIENTED_EDGE('',*,*,#2979,.T.);
#2979 = EDGE_CURVE('',#2972,#2225,#2980,.T.);
#2980 = LINE('',#2981,#2982);
#2981 = CARTESIAN_POINT('',(-0.32,-2.22,-3.));
#2982 = VECTOR('',#2983,1.);
#2983 = DIRECTION('',(0.,0.,1.));
#2984 = ORIENTED_EDGE('',*,*,#2232,.F.);
#2985 = PLANE('',#2986);
#2986 = AXIS2_PLACEMENT_3D('',#2987,#2988,#2989);
#2987 = CARTESIAN_POINT('',(-0.32,-2.22,-3.));
#2988 = DIRECTION('',(0.,1.,0.));
#2989 = DIRECTION('',(0.,-0.,1.));
#2990 = ADVANCED_FACE('',(#2991),#3002,.F.);
#2991 = FACE_BOUND('',#2992,.F.);
#2992 = EDGE_LOOP('',(#2993,#2994,#3000,#3001));
#2993 = ORIENTED_EDGE('',*,*,#2931,.F.);
#2994 = ORIENTED_EDGE('',*,*,#2995,.T.);
#2995 = EDGE_CURVE('',#2924,#2972,#2996,.T.);
#2996 = LINE('',#2997,#2998);
#2997 = CARTESIAN_POINT('',(-0.32,-2.86,-2.84));
#2998 = VECTOR('',#2999,1.);
#2999 = DIRECTION('',(0.,1.,0.));
#3000 = ORIENTED_EDGE('',*,*,#2979,.T.);
#3001 = ORIENTED_EDGE('',*,*,#2224,.F.);
#3002 = PLANE('',#3003);
#3003 = AXIS2_PLACEMENT_3D('',#3004,#3005,#3006);
#3004 = CARTESIAN_POINT('',(-0.32,-2.86,-3.));
#3005 = DIRECTION('',(1.,0.,0.));
#3006 = DIRECTION('',(0.,0.,1.));
#3007 = ADVANCED_FACE('',(#3008),#3033,.T.);
#3008 = FACE_BOUND('',#3009,.T.);
#3009 = EDGE_LOOP('',(#3010,#3018,#3026,#3032));
#3010 = ORIENTED_EDGE('',*,*,#3011,.F.);
#3011 = EDGE_CURVE('',#3012,#2249,#3014,.T.);
#3012 = VERTEX_POINT('',#3013);
#3013 = CARTESIAN_POINT('',(0.32,-4.76,-2.84));
#3014 = LINE('',#3015,#3016);
#3015 = CARTESIAN_POINT('',(0.32,-4.76,-3.));
#3016 = VECTOR('',#3017,1.);
#3017 = DIRECTION('',(0.,0.,1.));
#3018 = ORIENTED_EDGE('',*,*,#3019,.F.);
#3019 = EDGE_CURVE('',#3020,#3012,#3022,.T.);
#3020 = VERTEX_POINT('',#3021);
#3021 = CARTESIAN_POINT('',(-0.32,-4.76,-2.84));
#3022 = LINE('',#3023,#3024);
#3023 = CARTESIAN_POINT('',(-0.32,-4.76,-2.84));
#3024 = VECTOR('',#3025,1.);
#3025 = DIRECTION('',(1.,0.,0.));
#3026 = ORIENTED_EDGE('',*,*,#3027,.T.);
#3027 = EDGE_CURVE('',#3020,#2251,#3028,.T.);
#3028 = LINE('',#3029,#3030);
#3029 = CARTESIAN_POINT('',(-0.32,-4.76,-3.));
#3030 = VECTOR('',#3031,1.);
#3031 = DIRECTION('',(0.,0.,1.));
#3032 = ORIENTED_EDGE('',*,*,#2248,.F.);
#3033 = PLANE('',#3034);
#3034 = AXIS2_PLACEMENT_3D('',#3035,#3036,#3037);
#3035 = CARTESIAN_POINT('',(-0.32,-4.76,-3.));
#3036 = DIRECTION('',(0.,1.,0.));
#3037 = DIRECTION('',(0.,-0.,1.));
#3038 = ADVANCED_FACE('',(#3039),#3057,.F.);
#3039 = FACE_BOUND('',#3040,.F.);
#3040 = EDGE_LOOP('',(#3041,#3049,#3055,#3056));
#3041 = ORIENTED_EDGE('',*,*,#3042,.F.);
#3042 = EDGE_CURVE('',#3043,#2267,#3045,.T.);
#3043 = VERTEX_POINT('',#3044);
#3044 = CARTESIAN_POINT('',(-0.32,-5.4,-2.84));
#3045 = LINE('',#3046,#3047);
#3046 = CARTESIAN_POINT('',(-0.32,-5.4,-3.));
#3047 = VECTOR('',#3048,1.);
#3048 = DIRECTION('',(0.,0.,1.));
#3049 = ORIENTED_EDGE('',*,*,#3050,.T.);
#3050 = EDGE_CURVE('',#3043,#3020,#3051,.T.);
#3051 = LINE('',#3052,#3053);
#3052 = CARTESIAN_POINT('',(-0.32,-5.4,-2.84));
#3053 = VECTOR('',#3054,1.);
#3054 = DIRECTION('',(0.,1.,0.));
#3055 = ORIENTED_EDGE('',*,*,#3027,.T.);
#3056 = ORIENTED_EDGE('',*,*,#2274,.F.);
#3057 = PLANE('',#3058);
#3058 = AXIS2_PLACEMENT_3D('',#3059,#3060,#3061);
#3059 = CARTESIAN_POINT('',(-0.32,-5.4,-3.));
#3060 = DIRECTION('',(1.,0.,0.));
#3061 = DIRECTION('',(0.,0.,1.));
#3062 = ADVANCED_FACE('',(#3063),#3081,.F.);
#3063 = FACE_BOUND('',#3064,.F.);
#3064 = EDGE_LOOP('',(#3065,#3073,#3079,#3080));
#3065 = ORIENTED_EDGE('',*,*,#3066,.F.);
#3066 = EDGE_CURVE('',#3067,#2259,#3069,.T.);
#3067 = VERTEX_POINT('',#3068);
#3068 = CARTESIAN_POINT('',(0.32,-5.4,-2.84));
#3069 = LINE('',#3070,#3071);
#3070 = CARTESIAN_POINT('',(0.32,-5.4,-3.));
#3071 = VECTOR('',#3072,1.);
#3072 = DIRECTION('',(0.,0.,1.));
#3073 = ORIENTED_EDGE('',*,*,#3074,.F.);
#3074 = EDGE_CURVE('',#3043,#3067,#3075,.T.);
#3075 = LINE('',#3076,#3077);
#3076 = CARTESIAN_POINT('',(-0.32,-5.4,-2.84));
#3077 = VECTOR('',#3078,1.);
#3078 = DIRECTION('',(1.,0.,0.));
#3079 = ORIENTED_EDGE('',*,*,#3042,.T.);
#3080 = ORIENTED_EDGE('',*,*,#2266,.F.);
#3081 = PLANE('',#3082);
#3082 = AXIS2_PLACEMENT_3D('',#3083,#3084,#3085);
#3083 = CARTESIAN_POINT('',(-0.32,-5.4,-3.));
#3084 = DIRECTION('',(0.,1.,0.));
#3085 = DIRECTION('',(0.,-0.,1.));
#3086 = ADVANCED_FACE('',(#3087),#3098,.T.);
#3087 = FACE_BOUND('',#3088,.T.);
#3088 = EDGE_LOOP('',(#3089,#3090,#3096,#3097));
#3089 = ORIENTED_EDGE('',*,*,#3066,.F.);
#3090 = ORIENTED_EDGE('',*,*,#3091,.T.);
#3091 = EDGE_CURVE('',#3067,#3012,#3092,.T.);
#3092 = LINE('',#3093,#3094);
#3093 = CARTESIAN_POINT('',(0.32,-5.4,-2.84));
#3094 = VECTOR('',#3095,1.);
#3095 = DIRECTION('',(0.,1.,0.));
#3096 = ORIENTED_EDGE('',*,*,#3011,.T.);
#3097 = ORIENTED_EDGE('',*,*,#2258,.F.);
#3098 = PLANE('',#3099);
#3099 = AXIS2_PLACEMENT_3D('',#3100,#3101,#3102);
#3100 = CARTESIAN_POINT('',(0.32,-5.4,-3.));
#3101 = DIRECTION('',(1.,0.,0.));
#3102 = DIRECTION('',(0.,0.,1.));
#3103 = ADVANCED_FACE('',(#3104),#3129,.T.);
#3104 = FACE_BOUND('',#3105,.T.);
#3105 = EDGE_LOOP('',(#3106,#3114,#3115,#3123));
#3106 = ORIENTED_EDGE('',*,*,#3107,.F.);
#3107 = EDGE_CURVE('',#2428,#3108,#3110,.T.);
#3108 = VERTEX_POINT('',#3109);
#3109 = CARTESIAN_POINT('',(0.32,-0.32,8.38));
#3110 = LINE('',#3111,#3112);
#3111 = CARTESIAN_POINT('',(0.32,-0.32,-3.));
#3112 = VECTOR('',#3113,1.);
#3113 = DIRECTION('',(0.,0.,1.));
#3114 = ORIENTED_EDGE('',*,*,#2427,.T.);
#3115 = ORIENTED_EDGE('',*,*,#3116,.T.);
#3116 = EDGE_CURVE('',#2430,#3117,#3119,.T.);
#3117 = VERTEX_POINT('',#3118);
#3118 = CARTESIAN_POINT('',(0.32,0.32,8.38));
#3119 = LINE('',#3120,#3121);
#3120 = CARTESIAN_POINT('',(0.32,0.32,-3.));
#3121 = VECTOR('',#3122,1.);
#3122 = DIRECTION('',(0.,0.,1.));
#3123 = ORIENTED_EDGE('',*,*,#3124,.F.);
#3124 = EDGE_CURVE('',#3108,#3117,#3125,.T.);
#3125 = LINE('',#3126,#3127);
#3126 = CARTESIAN_POINT('',(0.32,-0.32,8.38));
#3127 = VECTOR('',#3128,1.);
#3128 = DIRECTION('',(0.,1.,0.));
#3129 = PLANE('',#3130);
#3130 = AXIS2_PLACEMENT_3D('',#3131,#3132,#3133);
#3131 = CARTESIAN_POINT('',(0.32,-0.32,-3.));
#3132 = DIRECTION('',(1.,0.,0.));
#3133 = DIRECTION('',(0.,0.,1.));
#3134 = ADVANCED_FACE('',(#3135),#3153,.T.);
#3135 = FACE_BOUND('',#3136,.T.);
#3136 = EDGE_LOOP('',(#3137,#3138,#3139,#3147));
#3137 = ORIENTED_EDGE('',*,*,#3116,.F.);
#3138 = ORIENTED_EDGE('',*,*,#2453,.T.);
#3139 = ORIENTED_EDGE('',*,*,#3140,.T.);
#3140 = EDGE_CURVE('',#2446,#3141,#3143,.T.);
#3141 = VERTEX_POINT('',#3142);
#3142 = CARTESIAN_POINT('',(-0.32,0.32,8.38));
#3143 = LINE('',#3144,#3145);
#3144 = CARTESIAN_POINT('',(-0.32,0.32,-3.));
#3145 = VECTOR('',#3146,1.);
#3146 = DIRECTION('',(0.,0.,1.));
#3147 = ORIENTED_EDGE('',*,*,#3148,.T.);
#3148 = EDGE_CURVE('',#3141,#3117,#3149,.T.);
#3149 = LINE('',#3150,#3151);
#3150 = CARTESIAN_POINT('',(-0.32,0.32,8.38));
#3151 = VECTOR('',#3152,1.);
#3152 = DIRECTION('',(1.,0.,0.));
#3153 = PLANE('',#3154);
#3154 = AXIS2_PLACEMENT_3D('',#3155,#3156,#3157);
#3155 = CARTESIAN_POINT('',(-0.32,0.32,-3.));
#3156 = DIRECTION('',(0.,1.,0.));
#3157 = DIRECTION('',(0.,-0.,1.));
#3158 = ADVANCED_FACE('',(#3159),#3177,.F.);
#3159 = FACE_BOUND('',#3160,.F.);
#3160 = EDGE_LOOP('',(#3161,#3169,#3170,#3171));
#3161 = ORIENTED_EDGE('',*,*,#3162,.F.);
#3162 = EDGE_CURVE('',#2438,#3163,#3165,.T.);
#3163 = VERTEX_POINT('',#3164);
#3164 = CARTESIAN_POINT('',(-0.32,-0.32,8.38));
#3165 = LINE('',#3166,#3167);
#3166 = CARTESIAN_POINT('',(-0.32,-0.32,-3.));
#3167 = VECTOR('',#3168,1.);
#3168 = DIRECTION('',(0.,0.,1.));
#3169 = ORIENTED_EDGE('',*,*,#2445,.T.);
#3170 = ORIENTED_EDGE('',*,*,#3140,.T.);
#3171 = ORIENTED_EDGE('',*,*,#3172,.F.);
#3172 = EDGE_CURVE('',#3163,#3141,#3173,.T.);
#3173 = LINE('',#3174,#3175);
#3174 = CARTESIAN_POINT('',(-0.32,-0.32,8.38));
#3175 = VECTOR('',#3176,1.);
#3176 = DIRECTION('',(0.,1.,0.));
#3177 = PLANE('',#3178);
#3178 = AXIS2_PLACEMENT_3D('',#3179,#3180,#3181);
#3179 = CARTESIAN_POINT('',(-0.32,-0.32,-3.));
#3180 = DIRECTION('',(1.,0.,0.));
#3181 = DIRECTION('',(0.,0.,1.));
#3182 = ADVANCED_FACE('',(#3183),#3194,.F.);
#3183 = FACE_BOUND('',#3184,.F.);
#3184 = EDGE_LOOP('',(#3185,#3186,#3187,#3188));
#3185 = ORIENTED_EDGE('',*,*,#3107,.F.);
#3186 = ORIENTED_EDGE('',*,*,#2437,.T.);
#3187 = ORIENTED_EDGE('',*,*,#3162,.T.);
#3188 = ORIENTED_EDGE('',*,*,#3189,.T.);
#3189 = EDGE_CURVE('',#3163,#3108,#3190,.T.);
#3190 = LINE('',#3191,#3192);
#3191 = CARTESIAN_POINT('',(-0.32,-0.32,8.38));
#3192 = VECTOR('',#3193,1.);
#3193 = DIRECTION('',(1.,0.,0.));
#3194 = PLANE('',#3195);
#3195 = AXIS2_PLACEMENT_3D('',#3196,#3197,#3198);
#3196 = CARTESIAN_POINT('',(-0.32,-0.32,-3.));
#3197 = DIRECTION('',(0.,1.,0.));
#3198 = DIRECTION('',(0.,-0.,1.));
#3199 = ADVANCED_FACE('',(#3200),#3225,.F.);
#3200 = FACE_BOUND('',#3201,.F.);
#3201 = EDGE_LOOP('',(#3202,#3210,#3211,#3219));
#3202 = ORIENTED_EDGE('',*,*,#3203,.F.);
#3203 = EDGE_CURVE('',#2462,#3204,#3206,.T.);
#3204 = VERTEX_POINT('',#3205);
#3205 = CARTESIAN_POINT('',(0.32,-2.86,8.38));
#3206 = LINE('',#3207,#3208);
#3207 = CARTESIAN_POINT('',(0.32,-2.86,-3.));
#3208 = VECTOR('',#3209,1.);
#3209 = DIRECTION('',(0.,0.,1.));
#3210 = ORIENTED_EDGE('',*,*,#2461,.T.);
#3211 = ORIENTED_EDGE('',*,*,#3212,.T.);
#3212 = EDGE_CURVE('',#2464,#3213,#3215,.T.);
#3213 = VERTEX_POINT('',#3214);
#3214 = CARTESIAN_POINT('',(-0.32,-2.86,8.38));
#3215 = LINE('',#3216,#3217);
#3216 = CARTESIAN_POINT('',(-0.32,-2.86,-3.));
#3217 = VECTOR('',#3218,1.);
#3218 = DIRECTION('',(0.,0.,1.));
#3219 = ORIENTED_EDGE('',*,*,#3220,.T.);
#3220 = EDGE_CURVE('',#3213,#3204,#3221,.T.);
#3221 = LINE('',#3222,#3223);
#3222 = CARTESIAN_POINT('',(-0.32,-2.86,8.38));
#3223 = VECTOR('',#3224,1.);
#3224 = DIRECTION('',(1.,0.,0.));
#3225 = PLANE('',#3226);
#3226 = AXIS2_PLACEMENT_3D('',#3227,#3228,#3229);
#3227 = CARTESIAN_POINT('',(-0.32,-2.86,-3.));
#3228 = DIRECTION('',(0.,1.,0.));
#3229 = DIRECTION('',(0.,-0.,1.));
#3230 = ADVANCED_FACE('',(#3231),#3249,.T.);
#3231 = FACE_BOUND('',#3232,.T.);
#3232 = EDGE_LOOP('',(#3233,#3234,#3235,#3243));
#3233 = ORIENTED_EDGE('',*,*,#3203,.F.);
#3234 = ORIENTED_EDGE('',*,*,#2487,.T.);
#3235 = ORIENTED_EDGE('',*,*,#3236,.T.);
#3236 = EDGE_CURVE('',#2480,#3237,#3239,.T.);
#3237 = VERTEX_POINT('',#3238);
#3238 = CARTESIAN_POINT('',(0.32,-2.22,8.38));
#3239 = LINE('',#3240,#3241);
#3240 = CARTESIAN_POINT('',(0.32,-2.22,-3.));
#3241 = VECTOR('',#3242,1.);
#3242 = DIRECTION('',(0.,0.,1.));
#3243 = ORIENTED_EDGE('',*,*,#3244,.F.);
#3244 = EDGE_CURVE('',#3204,#3237,#3245,.T.);
#3245 = LINE('',#3246,#3247);
#3246 = CARTESIAN_POINT('',(0.32,-2.86,8.38));
#3247 = VECTOR('',#3248,1.);
#3248 = DIRECTION('',(0.,1.,0.));
#3249 = PLANE('',#3250);
#3250 = AXIS2_PLACEMENT_3D('',#3251,#3252,#3253);
#3251 = CARTESIAN_POINT('',(0.32,-2.86,-3.));
#3252 = DIRECTION('',(1.,0.,0.));
#3253 = DIRECTION('',(0.,0.,1.));
#3254 = ADVANCED_FACE('',(#3255),#3273,.T.);
#3255 = FACE_BOUND('',#3256,.T.);
#3256 = EDGE_LOOP('',(#3257,#3258,#3259,#3267));
#3257 = ORIENTED_EDGE('',*,*,#3236,.F.);
#3258 = ORIENTED_EDGE('',*,*,#2479,.T.);
#3259 = ORIENTED_EDGE('',*,*,#3260,.T.);
#3260 = EDGE_CURVE('',#2472,#3261,#3263,.T.);
#3261 = VERTEX_POINT('',#3262);
#3262 = CARTESIAN_POINT('',(-0.32,-2.22,8.38));
#3263 = LINE('',#3264,#3265);
#3264 = CARTESIAN_POINT('',(-0.32,-2.22,-3.));
#3265 = VECTOR('',#3266,1.);
#3266 = DIRECTION('',(0.,0.,1.));
#3267 = ORIENTED_EDGE('',*,*,#3268,.T.);
#3268 = EDGE_CURVE('',#3261,#3237,#3269,.T.);
#3269 = LINE('',#3270,#3271);
#3270 = CARTESIAN_POINT('',(-0.32,-2.22,8.38));
#3271 = VECTOR('',#3272,1.);
#3272 = DIRECTION('',(1.,0.,0.));
#3273 = PLANE('',#3274);
#3274 = AXIS2_PLACEMENT_3D('',#3275,#3276,#3277);
#3275 = CARTESIAN_POINT('',(-0.32,-2.22,-3.));
#3276 = DIRECTION('',(0.,1.,0.));
#3277 = DIRECTION('',(0.,-0.,1.));
#3278 = ADVANCED_FACE('',(#3279),#3290,.F.);
#3279 = FACE_BOUND('',#3280,.F.);
#3280 = EDGE_LOOP('',(#3281,#3282,#3283,#3284));
#3281 = ORIENTED_EDGE('',*,*,#3212,.F.);
#3282 = ORIENTED_EDGE('',*,*,#2471,.T.);
#3283 = ORIENTED_EDGE('',*,*,#3260,.T.);
#3284 = ORIENTED_EDGE('',*,*,#3285,.F.);
#3285 = EDGE_CURVE('',#3213,#3261,#3286,.T.);
#3286 = LINE('',#3287,#3288);
#3287 = CARTESIAN_POINT('',(-0.32,-2.86,8.38));
#3288 = VECTOR('',#3289,1.);
#3289 = DIRECTION('',(0.,1.,0.));
#3290 = PLANE('',#3291);
#3291 = AXIS2_PLACEMENT_3D('',#3292,#3293,#3294);
#3292 = CARTESIAN_POINT('',(-0.32,-2.86,-3.));
#3293 = DIRECTION('',(1.,0.,0.));
#3294 = DIRECTION('',(0.,0.,1.));
#3295 = ADVANCED_FACE('',(#3296),#3321,.T.);
#3296 = FACE_BOUND('',#3297,.T.);
#3297 = EDGE_LOOP('',(#3298,#3306,#3307,#3315));
#3298 = ORIENTED_EDGE('',*,*,#3299,.F.);
#3299 = EDGE_CURVE('',#2496,#3300,#3302,.T.);
#3300 = VERTEX_POINT('',#3301);
#3301 = CARTESIAN_POINT('',(0.32,-4.76,8.38));
#3302 = LINE('',#3303,#3304);
#3303 = CARTESIAN_POINT('',(0.32,-4.76,-3.));
#3304 = VECTOR('',#3305,1.);
#3305 = DIRECTION('',(0.,0.,1.));
#3306 = ORIENTED_EDGE('',*,*,#2495,.T.);
#3307 = ORIENTED_EDGE('',*,*,#3308,.T.);
#3308 = EDGE_CURVE('',#2498,#3309,#3311,.T.);
#3309 = VERTEX_POINT('',#3310);
#3310 = CARTESIAN_POINT('',(-0.32,-4.76,8.38));
#3311 = LINE('',#3312,#3313);
#3312 = CARTESIAN_POINT('',(-0.32,-4.76,-3.));
#3313 = VECTOR('',#3314,1.);
#3314 = DIRECTION('',(0.,0.,1.));
#3315 = ORIENTED_EDGE('',*,*,#3316,.T.);
#3316 = EDGE_CURVE('',#3309,#3300,#3317,.T.);
#3317 = LINE('',#3318,#3319);
#3318 = CARTESIAN_POINT('',(-0.32,-4.76,8.38));
#3319 = VECTOR('',#3320,1.);
#3320 = DIRECTION('',(1.,0.,0.));
#3321 = PLANE('',#3322);
#3322 = AXIS2_PLACEMENT_3D('',#3323,#3324,#3325);
#3323 = CARTESIAN_POINT('',(-0.32,-4.76,-3.));
#3324 = DIRECTION('',(0.,1.,0.));
#3325 = DIRECTION('',(0.,-0.,1.));
#3326 = ADVANCED_FACE('',(#3327),#3345,.F.);
#3327 = FACE_BOUND('',#3328,.F.);
#3328 = EDGE_LOOP('',(#3329,#3337,#3338,#3339));
#3329 = ORIENTED_EDGE('',*,*,#3330,.F.);
#3330 = EDGE_CURVE('',#2514,#3331,#3333,.T.);
#3331 = VERTEX_POINT('',#3332);
#3332 = CARTESIAN_POINT('',(-0.32,-5.4,8.38));
#3333 = LINE('',#3334,#3335);
#3334 = CARTESIAN_POINT('',(-0.32,-5.4,-3.));
#3335 = VECTOR('',#3336,1.);
#3336 = DIRECTION('',(0.,0.,1.));
#3337 = ORIENTED_EDGE('',*,*,#2521,.T.);
#3338 = ORIENTED_EDGE('',*,*,#3308,.T.);
#3339 = ORIENTED_EDGE('',*,*,#3340,.F.);
#3340 = EDGE_CURVE('',#3331,#3309,#3341,.T.);
#3341 = LINE('',#3342,#3343);
#3342 = CARTESIAN_POINT('',(-0.32,-5.4,8.38));
#3343 = VECTOR('',#3344,1.);
#3344 = DIRECTION('',(0.,1.,0.));
#3345 = PLANE('',#3346);
#3346 = AXIS2_PLACEMENT_3D('',#3347,#3348,#3349);
#3347 = CARTESIAN_POINT('',(-0.32,-5.4,-3.));
#3348 = DIRECTION('',(1.,0.,0.));
#3349 = DIRECTION('',(0.,0.,1.));
#3350 = ADVANCED_FACE('',(#3351),#3369,.F.);
#3351 = FACE_BOUND('',#3352,.F.);
#3352 = EDGE_LOOP('',(#3353,#3361,#3362,#3363));
#3353 = ORIENTED_EDGE('',*,*,#3354,.F.);
#3354 = EDGE_CURVE('',#2506,#3355,#3357,.T.);
#3355 = VERTEX_POINT('',#3356);
#3356 = CARTESIAN_POINT('',(0.32,-5.4,8.38));
#3357 = LINE('',#3358,#3359);
#3358 = CARTESIAN_POINT('',(0.32,-5.4,-3.));
#3359 = VECTOR('',#3360,1.);
#3360 = DIRECTION('',(0.,0.,1.));
#3361 = ORIENTED_EDGE('',*,*,#2513,.T.);
#3362 = ORIENTED_EDGE('',*,*,#3330,.T.);
#3363 = ORIENTED_EDGE('',*,*,#3364,.T.);
#3364 = EDGE_CURVE('',#3331,#3355,#3365,.T.);
#3365 = LINE('',#3366,#3367);
#3366 = CARTESIAN_POINT('',(-0.32,-5.4,8.38));
#3367 = VECTOR('',#3368,1.);
#3368 = DIRECTION('',(1.,0.,0.));
#3369 = PLANE('',#3370);
#3370 = AXIS2_PLACEMENT_3D('',#3371,#3372,#3373);
#3371 = CARTESIAN_POINT('',(-0.32,-5.4,-3.));
#3372 = DIRECTION('',(0.,1.,0.));
#3373 = DIRECTION('',(0.,-0.,1.));
#3374 = ADVANCED_FACE('',(#3375),#3386,.T.);
#3375 = FACE_BOUND('',#3376,.T.);
#3376 = EDGE_LOOP('',(#3377,#3378,#3379,#3380));
#3377 = ORIENTED_EDGE('',*,*,#3354,.F.);
#3378 = ORIENTED_EDGE('',*,*,#2505,.T.);
#3379 = ORIENTED_EDGE('',*,*,#3299,.T.);
#3380 = ORIENTED_EDGE('',*,*,#3381,.F.);
#3381 = EDGE_CURVE('',#3355,#3300,#3382,.T.);
#3382 = LINE('',#3383,#3384);
#3383 = CARTESIAN_POINT('',(0.32,-5.4,8.38));
#3384 = VECTOR('',#3385,1.);
#3385 = DIRECTION('',(0.,1.,0.));
#3386 = PLANE('',#3387);
#3387 = AXIS2_PLACEMENT_3D('',#3388,#3389,#3390);
#3388 = CARTESIAN_POINT('',(0.32,-5.4,-3.));
#3389 = DIRECTION('',(1.,0.,0.));
#3390 = DIRECTION('',(0.,0.,1.));
#3391 = ADVANCED_FACE('',(#3392),#3417,.F.);
#3392 = FACE_BOUND('',#3393,.F.);
#3393 = EDGE_LOOP('',(#3394,#3402,#3403,#3411));
#3394 = ORIENTED_EDGE('',*,*,#3395,.F.);
#3395 = EDGE_CURVE('',#2820,#3396,#3398,.T.);
#3396 = VERTEX_POINT('',#3397);
#3397 = CARTESIAN_POINT('',(0.16,-0.16,-3.));
#3398 = LINE('',#3399,#3400);
#3399 = CARTESIAN_POINT('',(0.16,-0.16,-3.));
#3400 = VECTOR('',#3401,1.);
#3401 = DIRECTION('',(-0.57735026919,0.57735026919,-0.57735026919));
#3402 = ORIENTED_EDGE('',*,*,#2827,.T.);
#3403 = ORIENTED_EDGE('',*,*,#3404,.T.);
#3404 = EDGE_CURVE('',#2828,#3405,#3407,.T.);
#3405 = VERTEX_POINT('',#3406);
#3406 = CARTESIAN_POINT('',(0.16,0.16,-3.));
#3407 = LINE('',#3408,#3409);
#3408 = CARTESIAN_POINT('',(5.333333333333E-02,5.333333333333E-02,
    -3.106666666667));
#3409 = VECTOR('',#3410,1.);
#3410 = DIRECTION('',(-0.57735026919,-0.57735026919,-0.57735026919));
#3411 = ORIENTED_EDGE('',*,*,#3412,.F.);
#3412 = EDGE_CURVE('',#3396,#3405,#3413,.T.);
#3413 = LINE('',#3414,#3415);
#3414 = CARTESIAN_POINT('',(0.16,-0.32,-3.));
#3415 = VECTOR('',#3416,1.);
#3416 = DIRECTION('',(0.,1.,0.));
#3417 = PLANE('',#3418);
#3418 = AXIS2_PLACEMENT_3D('',#3419,#3420,#3421);
#3419 = CARTESIAN_POINT('',(0.24,-0.32,-2.92));
#3420 = DIRECTION('',(-0.707106781187,1.735167508357E-18,0.707106781187)
  );
#3421 = DIRECTION('',(1.226948711654E-18,1.,-1.226948711654E-18));
#3422 = ADVANCED_FACE('',(#3423),#3441,.F.);
#3423 = FACE_BOUND('',#3424,.T.);
#3424 = EDGE_LOOP('',(#3425,#3433,#3434,#3435));
#3425 = ORIENTED_EDGE('',*,*,#3426,.F.);
#3426 = EDGE_CURVE('',#2852,#3427,#3429,.T.);
#3427 = VERTEX_POINT('',#3428);
#3428 = CARTESIAN_POINT('',(-0.16,0.16,-3.));
#3429 = LINE('',#3430,#3431);
#3430 = CARTESIAN_POINT('',(-0.16,0.16,-3.));
#3431 = VECTOR('',#3432,1.);
#3432 = DIRECTION('',(0.57735026919,-0.57735026919,-0.57735026919));
#3433 = ORIENTED_EDGE('',*,*,#2851,.T.);
#3434 = ORIENTED_EDGE('',*,*,#3404,.T.);
#3435 = ORIENTED_EDGE('',*,*,#3436,.F.);
#3436 = EDGE_CURVE('',#3427,#3405,#3437,.T.);
#3437 = LINE('',#3438,#3439);
#3438 = CARTESIAN_POINT('',(-0.32,0.16,-3.));
#3439 = VECTOR('',#3440,1.);
#3440 = DIRECTION('',(1.,0.,0.));
#3441 = PLANE('',#3442);
#3442 = AXIS2_PLACEMENT_3D('',#3443,#3444,#3445);
#3443 = CARTESIAN_POINT('',(-0.32,0.24,-2.92));
#3444 = DIRECTION('',(-1.735167508357E-18,-0.707106781187,0.707106781187
    ));
#3445 = DIRECTION('',(-1.,1.226948711654E-18,-1.226948711654E-18));
#3446 = ADVANCED_FACE('',(#3447),#3465,.T.);
#3447 = FACE_BOUND('',#3448,.T.);
#3448 = EDGE_LOOP('',(#3449,#3457,#3458,#3459));
#3449 = ORIENTED_EDGE('',*,*,#3450,.F.);
#3450 = EDGE_CURVE('',#2875,#3451,#3453,.T.);
#3451 = VERTEX_POINT('',#3452);
#3452 = CARTESIAN_POINT('',(-0.16,-0.16,-3.));
#3453 = LINE('',#3454,#3455);
#3454 = CARTESIAN_POINT('',(-0.266666666667,-0.266666666667,
    -2.893333333333));
#3455 = VECTOR('',#3456,1.);
#3456 = DIRECTION('',(0.57735026919,0.57735026919,-0.57735026919));
#3457 = ORIENTED_EDGE('',*,*,#2882,.T.);
#3458 = ORIENTED_EDGE('',*,*,#3426,.T.);
#3459 = ORIENTED_EDGE('',*,*,#3460,.F.);
#3460 = EDGE_CURVE('',#3451,#3427,#3461,.T.);
#3461 = LINE('',#3462,#3463);
#3462 = CARTESIAN_POINT('',(-0.16,-0.32,-3.));
#3463 = VECTOR('',#3464,1.);
#3464 = DIRECTION('',(0.,1.,0.));
#3465 = PLANE('',#3466);
#3466 = AXIS2_PLACEMENT_3D('',#3467,#3468,#3469);
#3467 = CARTESIAN_POINT('',(-0.24,-0.32,-2.92));
#3468 = DIRECTION('',(-0.707106781187,-1.735167508357E-18,
    -0.707106781187));
#3469 = DIRECTION('',(-1.226948711654E-18,1.,-1.226948711654E-18));
#3470 = ADVANCED_FACE('',(#3471),#3482,.T.);
#3471 = FACE_BOUND('',#3472,.F.);
#3472 = EDGE_LOOP('',(#3473,#3474,#3475,#3476));
#3473 = ORIENTED_EDGE('',*,*,#3450,.F.);
#3474 = ORIENTED_EDGE('',*,*,#2899,.T.);
#3475 = ORIENTED_EDGE('',*,*,#3395,.T.);
#3476 = ORIENTED_EDGE('',*,*,#3477,.F.);
#3477 = EDGE_CURVE('',#3451,#3396,#3478,.T.);
#3478 = LINE('',#3479,#3480);
#3479 = CARTESIAN_POINT('',(-0.32,-0.16,-3.));
#3480 = VECTOR('',#3481,1.);
#3481 = DIRECTION('',(1.,0.,0.));
#3482 = PLANE('',#3483);
#3483 = AXIS2_PLACEMENT_3D('',#3484,#3485,#3486);
#3484 = CARTESIAN_POINT('',(-0.32,-0.24,-2.92));
#3485 = DIRECTION('',(1.735167508357E-18,-0.707106781187,-0.707106781187
    ));
#3486 = DIRECTION('',(-1.,-1.226948711654E-18,-1.226948711654E-18));
#3487 = ADVANCED_FACE('',(#3488),#3513,.T.);
#3488 = FACE_BOUND('',#3489,.F.);
#3489 = EDGE_LOOP('',(#3490,#3498,#3499,#3507));
#3490 = ORIENTED_EDGE('',*,*,#3491,.F.);
#3491 = EDGE_CURVE('',#2924,#3492,#3494,.T.);
#3492 = VERTEX_POINT('',#3493);
#3493 = CARTESIAN_POINT('',(-0.16,-2.7,-3.));
#3494 = LINE('',#3495,#3496);
#3495 = CARTESIAN_POINT('',(-0.266666666667,-2.806666666667,
    -2.893333333333));
#3496 = VECTOR('',#3497,1.);
#3497 = DIRECTION('',(0.57735026919,0.57735026919,-0.57735026919));
#3498 = ORIENTED_EDGE('',*,*,#2923,.T.);
#3499 = ORIENTED_EDGE('',*,*,#3500,.T.);
#3500 = EDGE_CURVE('',#2916,#3501,#3503,.T.);
#3501 = VERTEX_POINT('',#3502);
#3502 = CARTESIAN_POINT('',(0.16,-2.7,-3.));
#3503 = LINE('',#3504,#3505);
#3504 = CARTESIAN_POINT('',(0.16,-2.7,-3.));
#3505 = VECTOR('',#3506,1.);
#3506 = DIRECTION('',(-0.57735026919,0.57735026919,-0.57735026919));
#3507 = ORIENTED_EDGE('',*,*,#3508,.F.);
#3508 = EDGE_CURVE('',#3492,#3501,#3509,.T.);
#3509 = LINE('',#3510,#3511);
#3510 = CARTESIAN_POINT('',(-0.32,-2.7,-3.));
#3511 = VECTOR('',#3512,1.);
#3512 = DIRECTION('',(1.,0.,0.));
#3513 = PLANE('',#3514);
#3514 = AXIS2_PLACEMENT_3D('',#3515,#3516,#3517);
#3515 = CARTESIAN_POINT('',(-0.32,-2.78,-2.92));
#3516 = DIRECTION('',(1.735167508357E-18,-0.707106781187,-0.707106781187
    ));
#3517 = DIRECTION('',(-1.,-1.226948711654E-18,-1.226948711654E-18));
#3518 = ADVANCED_FACE('',(#3519),#3537,.F.);
#3519 = FACE_BOUND('',#3520,.F.);
#3520 = EDGE_LOOP('',(#3521,#3522,#3523,#3531));
#3521 = ORIENTED_EDGE('',*,*,#3500,.F.);
#3522 = ORIENTED_EDGE('',*,*,#2947,.T.);
#3523 = ORIENTED_EDGE('',*,*,#3524,.T.);
#3524 = EDGE_CURVE('',#2948,#3525,#3527,.T.);
#3525 = VERTEX_POINT('',#3526);
#3526 = CARTESIAN_POINT('',(0.16,-2.38,-3.));
#3527 = LINE('',#3528,#3529);
#3528 = CARTESIAN_POINT('',(5.333333333333E-02,-2.486666666667,
    -3.106666666667));
#3529 = VECTOR('',#3530,1.);
#3530 = DIRECTION('',(-0.57735026919,-0.57735026919,-0.57735026919));
#3531 = ORIENTED_EDGE('',*,*,#3532,.F.);
#3532 = EDGE_CURVE('',#3501,#3525,#3533,.T.);
#3533 = LINE('',#3534,#3535);
#3534 = CARTESIAN_POINT('',(0.16,-2.86,-3.));
#3535 = VECTOR('',#3536,1.);
#3536 = DIRECTION('',(0.,1.,0.));
#3537 = PLANE('',#3538);
#3538 = AXIS2_PLACEMENT_3D('',#3539,#3540,#3541);
#3539 = CARTESIAN_POINT('',(0.24,-2.86,-2.92));
#3540 = DIRECTION('',(-0.707106781187,1.735167508357E-18,0.707106781187)
  );
#3541 = DIRECTION('',(1.226948711654E-18,1.,-1.226948711654E-18));
#3542 = ADVANCED_FACE('',(#3543),#3561,.F.);
#3543 = FACE_BOUND('',#3544,.T.);
#3544 = EDGE_LOOP('',(#3545,#3553,#3554,#3555));
#3545 = ORIENTED_EDGE('',*,*,#3546,.F.);
#3546 = EDGE_CURVE('',#2972,#3547,#3549,.T.);
#3547 = VERTEX_POINT('',#3548);
#3548 = CARTESIAN_POINT('',(-0.16,-2.38,-3.));
#3549 = LINE('',#3550,#3551);
#3550 = CARTESIAN_POINT('',(-0.16,-2.38,-3.));
#3551 = VECTOR('',#3552,1.);
#3552 = DIRECTION('',(0.57735026919,-0.57735026919,-0.57735026919));
#3553 = ORIENTED_EDGE('',*,*,#2971,.T.);
#3554 = ORIENTED_EDGE('',*,*,#3524,.T.);
#3555 = ORIENTED_EDGE('',*,*,#3556,.F.);
#3556 = EDGE_CURVE('',#3547,#3525,#3557,.T.);
#3557 = LINE('',#3558,#3559);
#3558 = CARTESIAN_POINT('',(-0.32,-2.38,-3.));
#3559 = VECTOR('',#3560,1.);
#3560 = DIRECTION('',(1.,0.,0.));
#3561 = PLANE('',#3562);
#3562 = AXIS2_PLACEMENT_3D('',#3563,#3564,#3565);
#3563 = CARTESIAN_POINT('',(-0.32,-2.3,-2.92));
#3564 = DIRECTION('',(-1.735167508357E-18,-0.707106781187,0.707106781187
    ));
#3565 = DIRECTION('',(-1.,1.226948711654E-18,-1.226948711654E-18));
#3566 = ADVANCED_FACE('',(#3567),#3578,.T.);
#3567 = FACE_BOUND('',#3568,.T.);
#3568 = EDGE_LOOP('',(#3569,#3570,#3571,#3572));
#3569 = ORIENTED_EDGE('',*,*,#3491,.F.);
#3570 = ORIENTED_EDGE('',*,*,#2995,.T.);
#3571 = ORIENTED_EDGE('',*,*,#3546,.T.);
#3572 = ORIENTED_EDGE('',*,*,#3573,.F.);
#3573 = EDGE_CURVE('',#3492,#3547,#3574,.T.);
#3574 = LINE('',#3575,#3576);
#3575 = CARTESIAN_POINT('',(-0.16,-2.86,-3.));
#3576 = VECTOR('',#3577,1.);
#3577 = DIRECTION('',(0.,1.,0.));
#3578 = PLANE('',#3579);
#3579 = AXIS2_PLACEMENT_3D('',#3580,#3581,#3582);
#3580 = CARTESIAN_POINT('',(-0.24,-2.86,-2.92));
#3581 = DIRECTION('',(-0.707106781187,-1.735167508357E-18,
    -0.707106781187));
#3582 = DIRECTION('',(-1.226948711654E-18,1.,-1.226948711654E-18));
#3583 = ADVANCED_FACE('',(#3584),#3609,.F.);
#3584 = FACE_BOUND('',#3585,.T.);
#3585 = EDGE_LOOP('',(#3586,#3594,#3595,#3603));
#3586 = ORIENTED_EDGE('',*,*,#3587,.F.);
#3587 = EDGE_CURVE('',#3020,#3588,#3590,.T.);
#3588 = VERTEX_POINT('',#3589);
#3589 = CARTESIAN_POINT('',(-0.16,-4.92,-3.));
#3590 = LINE('',#3591,#3592);
#3591 = CARTESIAN_POINT('',(-0.16,-4.92,-3.));
#3592 = VECTOR('',#3593,1.);
#3593 = DIRECTION('',(0.57735026919,-0.57735026919,-0.57735026919));
#3594 = ORIENTED_EDGE('',*,*,#3019,.T.);
#3595 = ORIENTED_EDGE('',*,*,#3596,.T.);
#3596 = EDGE_CURVE('',#3012,#3597,#3599,.T.);
#3597 = VERTEX_POINT('',#3598);
#3598 = CARTESIAN_POINT('',(0.16,-4.92,-3.));
#3599 = LINE('',#3600,#3601);
#3600 = CARTESIAN_POINT('',(5.333333333333E-02,-5.026666666667,
    -3.106666666667));
#3601 = VECTOR('',#3602,1.);
#3602 = DIRECTION('',(-0.57735026919,-0.57735026919,-0.57735026919));
#3603 = ORIENTED_EDGE('',*,*,#3604,.F.);
#3604 = EDGE_CURVE('',#3588,#3597,#3605,.T.);
#3605 = LINE('',#3606,#3607);
#3606 = CARTESIAN_POINT('',(-0.32,-4.92,-3.));
#3607 = VECTOR('',#3608,1.);
#3608 = DIRECTION('',(1.,0.,0.));
#3609 = PLANE('',#3610);
#3610 = AXIS2_PLACEMENT_3D('',#3611,#3612,#3613);
#3611 = CARTESIAN_POINT('',(-0.32,-4.84,-2.92));
#3612 = DIRECTION('',(-1.735167508357E-18,-0.707106781187,0.707106781187
    ));
#3613 = DIRECTION('',(-1.,1.226948711654E-18,-1.226948711654E-18));
#3614 = ADVANCED_FACE('',(#3615),#3633,.T.);
#3615 = FACE_BOUND('',#3616,.T.);
#3616 = EDGE_LOOP('',(#3617,#3625,#3626,#3627));
#3617 = ORIENTED_EDGE('',*,*,#3618,.F.);
#3618 = EDGE_CURVE('',#3043,#3619,#3621,.T.);
#3619 = VERTEX_POINT('',#3620);
#3620 = CARTESIAN_POINT('',(-0.16,-5.24,-3.));
#3621 = LINE('',#3622,#3623);
#3622 = CARTESIAN_POINT('',(-0.266666666667,-5.346666666667,
    -2.893333333333));
#3623 = VECTOR('',#3624,1.);
#3624 = DIRECTION('',(0.57735026919,0.57735026919,-0.57735026919));
#3625 = ORIENTED_EDGE('',*,*,#3050,.T.);
#3626 = ORIENTED_EDGE('',*,*,#3587,.T.);
#3627 = ORIENTED_EDGE('',*,*,#3628,.F.);
#3628 = EDGE_CURVE('',#3619,#3588,#3629,.T.);
#3629 = LINE('',#3630,#3631);
#3630 = CARTESIAN_POINT('',(-0.16,-5.4,-3.));
#3631 = VECTOR('',#3632,1.);
#3632 = DIRECTION('',(0.,1.,0.));
#3633 = PLANE('',#3634);
#3634 = AXIS2_PLACEMENT_3D('',#3635,#3636,#3637);
#3635 = CARTESIAN_POINT('',(-0.24,-5.4,-2.92));
#3636 = DIRECTION('',(-0.707106781187,-1.735167508357E-18,
    -0.707106781187));
#3637 = DIRECTION('',(-1.226948711654E-18,1.,-1.226948711654E-18));
#3638 = ADVANCED_FACE('',(#3639),#3657,.T.);
#3639 = FACE_BOUND('',#3640,.F.);
#3640 = EDGE_LOOP('',(#3641,#3642,#3643,#3651));
#3641 = ORIENTED_EDGE('',*,*,#3618,.F.);
#3642 = ORIENTED_EDGE('',*,*,#3074,.T.);
#3643 = ORIENTED_EDGE('',*,*,#3644,.T.);
#3644 = EDGE_CURVE('',#3067,#3645,#3647,.T.);
#3645 = VERTEX_POINT('',#3646);
#3646 = CARTESIAN_POINT('',(0.16,-5.24,-3.));
#3647 = LINE('',#3648,#3649);
#3648 = CARTESIAN_POINT('',(0.16,-5.24,-3.));
#3649 = VECTOR('',#3650,1.);
#3650 = DIRECTION('',(-0.57735026919,0.57735026919,-0.57735026919));
#3651 = ORIENTED_EDGE('',*,*,#3652,.F.);
#3652 = EDGE_CURVE('',#3619,#3645,#3653,.T.);
#3653 = LINE('',#3654,#3655);
#3654 = CARTESIAN_POINT('',(-0.32,-5.24,-3.));
#3655 = VECTOR('',#3656,1.);
#3656 = DIRECTION('',(1.,0.,0.));
#3657 = PLANE('',#3658);
#3658 = AXIS2_PLACEMENT_3D('',#3659,#3660,#3661);
#3659 = CARTESIAN_POINT('',(-0.32,-5.32,-2.92));
#3660 = DIRECTION('',(1.735167508357E-18,-0.707106781187,-0.707106781187
    ));
#3661 = DIRECTION('',(-1.,-1.226948711654E-18,-1.226948711654E-18));
#3662 = ADVANCED_FACE('',(#3663),#3674,.F.);
#3663 = FACE_BOUND('',#3664,.F.);
#3664 = EDGE_LOOP('',(#3665,#3666,#3667,#3668));
#3665 = ORIENTED_EDGE('',*,*,#3644,.F.);
#3666 = ORIENTED_EDGE('',*,*,#3091,.T.);
#3667 = ORIENTED_EDGE('',*,*,#3596,.T.);
#3668 = ORIENTED_EDGE('',*,*,#3669,.F.);
#3669 = EDGE_CURVE('',#3645,#3597,#3670,.T.);
#3670 = LINE('',#3671,#3672);
#3671 = CARTESIAN_POINT('',(0.16,-5.4,-3.));
#3672 = VECTOR('',#3673,1.);
#3673 = DIRECTION('',(0.,1.,0.));
#3674 = PLANE('',#3675);
#3675 = AXIS2_PLACEMENT_3D('',#3676,#3677,#3678);
#3676 = CARTESIAN_POINT('',(0.24,-5.4,-2.92));
#3677 = DIRECTION('',(-0.707106781187,1.735167508357E-18,0.707106781187)
  );
#3678 = DIRECTION('',(1.226948711654E-18,1.,-1.226948711654E-18));
#3679 = ADVANCED_FACE('',(#3680),#3705,.T.);
#3680 = FACE_BOUND('',#3681,.T.);
#3681 = EDGE_LOOP('',(#3682,#3690,#3691,#3699));
#3682 = ORIENTED_EDGE('',*,*,#3683,.F.);
#3683 = EDGE_CURVE('',#3108,#3684,#3686,.T.);
#3684 = VERTEX_POINT('',#3685);
#3685 = CARTESIAN_POINT('',(0.16,-0.16,8.54));
#3686 = LINE('',#3687,#3688);
#3687 = CARTESIAN_POINT('',(0.16,-0.16,8.54));
#3688 = VECTOR('',#3689,1.);
#3689 = DIRECTION('',(-0.57735026919,0.57735026919,0.57735026919));
#3690 = ORIENTED_EDGE('',*,*,#3124,.T.);
#3691 = ORIENTED_EDGE('',*,*,#3692,.T.);
#3692 = EDGE_CURVE('',#3117,#3693,#3695,.T.);
#3693 = VERTEX_POINT('',#3694);
#3694 = CARTESIAN_POINT('',(0.16,0.16,8.54));
#3695 = LINE('',#3696,#3697);
#3696 = CARTESIAN_POINT('',(5.333333333333E-02,5.333333333333E-02,
    8.646666666667));
#3697 = VECTOR('',#3698,1.);
#3698 = DIRECTION('',(-0.57735026919,-0.57735026919,0.57735026919));
#3699 = ORIENTED_EDGE('',*,*,#3700,.F.);
#3700 = EDGE_CURVE('',#3684,#3693,#3701,.T.);
#3701 = LINE('',#3702,#3703);
#3702 = CARTESIAN_POINT('',(0.16,-0.32,8.54));
#3703 = VECTOR('',#3704,1.);
#3704 = DIRECTION('',(0.,1.,0.));
#3705 = PLANE('',#3706);
#3706 = AXIS2_PLACEMENT_3D('',#3707,#3708,#3709);
#3707 = CARTESIAN_POINT('',(0.24,-0.32,8.46));
#3708 = DIRECTION('',(0.707106781187,-1.735167508357E-18,0.707106781187)
  );
#3709 = DIRECTION('',(1.226948711654E-18,1.,1.226948711654E-18));
#3710 = ADVANCED_FACE('',(#3711),#3729,.T.);
#3711 = FACE_BOUND('',#3712,.F.);
#3712 = EDGE_LOOP('',(#3713,#3721,#3722,#3723));
#3713 = ORIENTED_EDGE('',*,*,#3714,.F.);
#3714 = EDGE_CURVE('',#3141,#3715,#3717,.T.);
#3715 = VERTEX_POINT('',#3716);
#3716 = CARTESIAN_POINT('',(-0.16,0.16,8.54));
#3717 = LINE('',#3718,#3719);
#3718 = CARTESIAN_POINT('',(-0.16,0.16,8.54));
#3719 = VECTOR('',#3720,1.);
#3720 = DIRECTION('',(0.57735026919,-0.57735026919,0.57735026919));
#3721 = ORIENTED_EDGE('',*,*,#3148,.T.);
#3722 = ORIENTED_EDGE('',*,*,#3692,.T.);
#3723 = ORIENTED_EDGE('',*,*,#3724,.F.);
#3724 = EDGE_CURVE('',#3715,#3693,#3725,.T.);
#3725 = LINE('',#3726,#3727);
#3726 = CARTESIAN_POINT('',(-0.32,0.16,8.54));
#3727 = VECTOR('',#3728,1.);
#3728 = DIRECTION('',(1.,0.,0.));
#3729 = PLANE('',#3730);
#3730 = AXIS2_PLACEMENT_3D('',#3731,#3732,#3733);
#3731 = CARTESIAN_POINT('',(-0.32,0.24,8.46));
#3732 = DIRECTION('',(1.735167508357E-18,0.707106781187,0.707106781187)
  );
#3733 = DIRECTION('',(-1.,1.226948711654E-18,1.226948711654E-18));
#3734 = ADVANCED_FACE('',(#3735),#3753,.F.);
#3735 = FACE_BOUND('',#3736,.F.);
#3736 = EDGE_LOOP('',(#3737,#3745,#3746,#3747));
#3737 = ORIENTED_EDGE('',*,*,#3738,.F.);
#3738 = EDGE_CURVE('',#3163,#3739,#3741,.T.);
#3739 = VERTEX_POINT('',#3740);
#3740 = CARTESIAN_POINT('',(-0.16,-0.16,8.54));
#3741 = LINE('',#3742,#3743);
#3742 = CARTESIAN_POINT('',(-0.266666666667,-0.266666666667,
    8.433333333333));
#3743 = VECTOR('',#3744,1.);
#3744 = DIRECTION('',(0.57735026919,0.57735026919,0.57735026919));
#3745 = ORIENTED_EDGE('',*,*,#3172,.T.);
#3746 = ORIENTED_EDGE('',*,*,#3714,.T.);
#3747 = ORIENTED_EDGE('',*,*,#3748,.F.);
#3748 = EDGE_CURVE('',#3739,#3715,#3749,.T.);
#3749 = LINE('',#3750,#3751);
#3750 = CARTESIAN_POINT('',(-0.16,-0.32,8.54));
#3751 = VECTOR('',#3752,1.);
#3752 = DIRECTION('',(0.,1.,0.));
#3753 = PLANE('',#3754);
#3754 = AXIS2_PLACEMENT_3D('',#3755,#3756,#3757);
#3755 = CARTESIAN_POINT('',(-0.24,-0.32,8.46));
#3756 = DIRECTION('',(0.707106781187,1.735167508357E-18,-0.707106781187)
  );
#3757 = DIRECTION('',(-1.226948711654E-18,1.,1.226948711654E-18));
#3758 = ADVANCED_FACE('',(#3759),#3770,.F.);
#3759 = FACE_BOUND('',#3760,.T.);
#3760 = EDGE_LOOP('',(#3761,#3762,#3763,#3764));
#3761 = ORIENTED_EDGE('',*,*,#3738,.F.);
#3762 = ORIENTED_EDGE('',*,*,#3189,.T.);
#3763 = ORIENTED_EDGE('',*,*,#3683,.T.);
#3764 = ORIENTED_EDGE('',*,*,#3765,.F.);
#3765 = EDGE_CURVE('',#3739,#3684,#3766,.T.);
#3766 = LINE('',#3767,#3768);
#3767 = CARTESIAN_POINT('',(-0.32,-0.16,8.54));
#3768 = VECTOR('',#3769,1.);
#3769 = DIRECTION('',(1.,0.,0.));
#3770 = PLANE('',#3771);
#3771 = AXIS2_PLACEMENT_3D('',#3772,#3773,#3774);
#3772 = CARTESIAN_POINT('',(-0.32,-0.24,8.46));
#3773 = DIRECTION('',(-1.735167508357E-18,0.707106781187,-0.707106781187
    ));
#3774 = DIRECTION('',(-1.,-1.226948711654E-18,1.226948711654E-18));
#3775 = ADVANCED_FACE('',(#3776),#3801,.F.);
#3776 = FACE_BOUND('',#3777,.T.);
#3777 = EDGE_LOOP('',(#3778,#3786,#3787,#3795));
#3778 = ORIENTED_EDGE('',*,*,#3779,.F.);
#3779 = EDGE_CURVE('',#3213,#3780,#3782,.T.);
#3780 = VERTEX_POINT('',#3781);
#3781 = CARTESIAN_POINT('',(-0.16,-2.7,8.54));
#3782 = LINE('',#3783,#3784);
#3783 = CARTESIAN_POINT('',(-0.266666666667,-2.806666666667,
    8.433333333333));
#3784 = VECTOR('',#3785,1.);
#3785 = DIRECTION('',(0.57735026919,0.57735026919,0.57735026919));
#3786 = ORIENTED_EDGE('',*,*,#3220,.T.);
#3787 = ORIENTED_EDGE('',*,*,#3788,.T.);
#3788 = EDGE_CURVE('',#3204,#3789,#3791,.T.);
#3789 = VERTEX_POINT('',#3790);
#3790 = CARTESIAN_POINT('',(0.16,-2.7,8.54));
#3791 = LINE('',#3792,#3793);
#3792 = CARTESIAN_POINT('',(0.16,-2.7,8.54));
#3793 = VECTOR('',#3794,1.);
#3794 = DIRECTION('',(-0.57735026919,0.57735026919,0.57735026919));
#3795 = ORIENTED_EDGE('',*,*,#3796,.F.);
#3796 = EDGE_CURVE('',#3780,#3789,#3797,.T.);
#3797 = LINE('',#3798,#3799);
#3798 = CARTESIAN_POINT('',(-0.32,-2.7,8.54));
#3799 = VECTOR('',#3800,1.);
#3800 = DIRECTION('',(1.,0.,0.));
#3801 = PLANE('',#3802);
#3802 = AXIS2_PLACEMENT_3D('',#3803,#3804,#3805);
#3803 = CARTESIAN_POINT('',(-0.32,-2.78,8.46));
#3804 = DIRECTION('',(-1.735167508357E-18,0.707106781187,-0.707106781187
    ));
#3805 = DIRECTION('',(-1.,-1.226948711654E-18,1.226948711654E-18));
#3806 = ADVANCED_FACE('',(#3807),#3825,.T.);
#3807 = FACE_BOUND('',#3808,.T.);
#3808 = EDGE_LOOP('',(#3809,#3810,#3811,#3819));
#3809 = ORIENTED_EDGE('',*,*,#3788,.F.);
#3810 = ORIENTED_EDGE('',*,*,#3244,.T.);
#3811 = ORIENTED_EDGE('',*,*,#3812,.T.);
#3812 = EDGE_CURVE('',#3237,#3813,#3815,.T.);
#3813 = VERTEX_POINT('',#3814);
#3814 = CARTESIAN_POINT('',(0.16,-2.38,8.54));
#3815 = LINE('',#3816,#3817);
#3816 = CARTESIAN_POINT('',(5.333333333333E-02,-2.486666666667,
    8.646666666667));
#3817 = VECTOR('',#3818,1.);
#3818 = DIRECTION('',(-0.57735026919,-0.57735026919,0.57735026919));
#3819 = ORIENTED_EDGE('',*,*,#3820,.F.);
#3820 = EDGE_CURVE('',#3789,#3813,#3821,.T.);
#3821 = LINE('',#3822,#3823);
#3822 = CARTESIAN_POINT('',(0.16,-2.86,8.54));
#3823 = VECTOR('',#3824,1.);
#3824 = DIRECTION('',(0.,1.,0.));
#3825 = PLANE('',#3826);
#3826 = AXIS2_PLACEMENT_3D('',#3827,#3828,#3829);
#3827 = CARTESIAN_POINT('',(0.24,-2.86,8.46));
#3828 = DIRECTION('',(0.707106781187,-1.735167508357E-18,0.707106781187)
  );
#3829 = DIRECTION('',(1.226948711654E-18,1.,1.226948711654E-18));
#3830 = ADVANCED_FACE('',(#3831),#3849,.T.);
#3831 = FACE_BOUND('',#3832,.F.);
#3832 = EDGE_LOOP('',(#3833,#3841,#3842,#3843));
#3833 = ORIENTED_EDGE('',*,*,#3834,.F.);
#3834 = EDGE_CURVE('',#3261,#3835,#3837,.T.);
#3835 = VERTEX_POINT('',#3836);
#3836 = CARTESIAN_POINT('',(-0.16,-2.38,8.54));
#3837 = LINE('',#3838,#3839);
#3838 = CARTESIAN_POINT('',(-0.16,-2.38,8.54));
#3839 = VECTOR('',#3840,1.);
#3840 = DIRECTION('',(0.57735026919,-0.57735026919,0.57735026919));
#3841 = ORIENTED_EDGE('',*,*,#3268,.T.);
#3842 = ORIENTED_EDGE('',*,*,#3812,.T.);
#3843 = ORIENTED_EDGE('',*,*,#3844,.F.);
#3844 = EDGE_CURVE('',#3835,#3813,#3845,.T.);
#3845 = LINE('',#3846,#3847);
#3846 = CARTESIAN_POINT('',(-0.32,-2.38,8.54));
#3847 = VECTOR('',#3848,1.);
#3848 = DIRECTION('',(1.,0.,0.));
#3849 = PLANE('',#3850);
#3850 = AXIS2_PLACEMENT_3D('',#3851,#3852,#3853);
#3851 = CARTESIAN_POINT('',(-0.32,-2.3,8.46));
#3852 = DIRECTION('',(1.735167508357E-18,0.707106781187,0.707106781187)
  );
#3853 = DIRECTION('',(-1.,1.226948711654E-18,1.226948711654E-18));
#3854 = ADVANCED_FACE('',(#3855),#3866,.F.);
#3855 = FACE_BOUND('',#3856,.F.);
#3856 = EDGE_LOOP('',(#3857,#3858,#3859,#3860));
#3857 = ORIENTED_EDGE('',*,*,#3779,.F.);
#3858 = ORIENTED_EDGE('',*,*,#3285,.T.);
#3859 = ORIENTED_EDGE('',*,*,#3834,.T.);
#3860 = ORIENTED_EDGE('',*,*,#3861,.F.);
#3861 = EDGE_CURVE('',#3780,#3835,#3862,.T.);
#3862 = LINE('',#3863,#3864);
#3863 = CARTESIAN_POINT('',(-0.16,-2.86,8.54));
#3864 = VECTOR('',#3865,1.);
#3865 = DIRECTION('',(0.,1.,0.));
#3866 = PLANE('',#3867);
#3867 = AXIS2_PLACEMENT_3D('',#3868,#3869,#3870);
#3868 = CARTESIAN_POINT('',(-0.24,-2.86,8.46));
#3869 = DIRECTION('',(0.707106781187,1.735167508357E-18,-0.707106781187)
  );
#3870 = DIRECTION('',(-1.226948711654E-18,1.,1.226948711654E-18));
#3871 = ADVANCED_FACE('',(#3872),#3897,.T.);
#3872 = FACE_BOUND('',#3873,.F.);
#3873 = EDGE_LOOP('',(#3874,#3882,#3883,#3891));
#3874 = ORIENTED_EDGE('',*,*,#3875,.F.);
#3875 = EDGE_CURVE('',#3309,#3876,#3878,.T.);
#3876 = VERTEX_POINT('',#3877);
#3877 = CARTESIAN_POINT('',(-0.16,-4.92,8.54));
#3878 = LINE('',#3879,#3880);
#3879 = CARTESIAN_POINT('',(-0.16,-4.92,8.54));
#3880 = VECTOR('',#3881,1.);
#3881 = DIRECTION('',(0.57735026919,-0.57735026919,0.57735026919));
#3882 = ORIENTED_EDGE('',*,*,#3316,.T.);
#3883 = ORIENTED_EDGE('',*,*,#3884,.T.);
#3884 = EDGE_CURVE('',#3300,#3885,#3887,.T.);
#3885 = VERTEX_POINT('',#3886);
#3886 = CARTESIAN_POINT('',(0.16,-4.92,8.54));
#3887 = LINE('',#3888,#3889);
#3888 = CARTESIAN_POINT('',(5.333333333333E-02,-5.026666666667,
    8.646666666667));
#3889 = VECTOR('',#3890,1.);
#3890 = DIRECTION('',(-0.57735026919,-0.57735026919,0.57735026919));
#3891 = ORIENTED_EDGE('',*,*,#3892,.F.);
#3892 = EDGE_CURVE('',#3876,#3885,#3893,.T.);
#3893 = LINE('',#3894,#3895);
#3894 = CARTESIAN_POINT('',(-0.32,-4.92,8.54));
#3895 = VECTOR('',#3896,1.);
#3896 = DIRECTION('',(1.,0.,0.));
#3897 = PLANE('',#3898);
#3898 = AXIS2_PLACEMENT_3D('',#3899,#3900,#3901);
#3899 = CARTESIAN_POINT('',(-0.32,-4.84,8.46));
#3900 = DIRECTION('',(1.735167508357E-18,0.707106781187,0.707106781187)
  );
#3901 = DIRECTION('',(-1.,1.226948711654E-18,1.226948711654E-18));
#3902 = ADVANCED_FACE('',(#3903),#3921,.F.);
#3903 = FACE_BOUND('',#3904,.F.);
#3904 = EDGE_LOOP('',(#3905,#3913,#3914,#3915));
#3905 = ORIENTED_EDGE('',*,*,#3906,.F.);
#3906 = EDGE_CURVE('',#3331,#3907,#3909,.T.);
#3907 = VERTEX_POINT('',#3908);
#3908 = CARTESIAN_POINT('',(-0.16,-5.24,8.54));
#3909 = LINE('',#3910,#3911);
#3910 = CARTESIAN_POINT('',(-0.266666666667,-5.346666666667,
    8.433333333333));
#3911 = VECTOR('',#3912,1.);
#3912 = DIRECTION('',(0.57735026919,0.57735026919,0.57735026919));
#3913 = ORIENTED_EDGE('',*,*,#3340,.T.);
#3914 = ORIENTED_EDGE('',*,*,#3875,.T.);
#3915 = ORIENTED_EDGE('',*,*,#3916,.F.);
#3916 = EDGE_CURVE('',#3907,#3876,#3917,.T.);
#3917 = LINE('',#3918,#3919);
#3918 = CARTESIAN_POINT('',(-0.16,-5.4,8.54));
#3919 = VECTOR('',#3920,1.);
#3920 = DIRECTION('',(0.,1.,0.));
#3921 = PLANE('',#3922);
#3922 = AXIS2_PLACEMENT_3D('',#3923,#3924,#3925);
#3923 = CARTESIAN_POINT('',(-0.24,-5.4,8.46));
#3924 = DIRECTION('',(0.707106781187,1.735167508357E-18,-0.707106781187)
  );
#3925 = DIRECTION('',(-1.226948711654E-18,1.,1.226948711654E-18));
#3926 = ADVANCED_FACE('',(#3927),#3945,.F.);
#3927 = FACE_BOUND('',#3928,.T.);
#3928 = EDGE_LOOP('',(#3929,#3930,#3931,#3939));
#3929 = ORIENTED_EDGE('',*,*,#3906,.F.);
#3930 = ORIENTED_EDGE('',*,*,#3364,.T.);
#3931 = ORIENTED_EDGE('',*,*,#3932,.T.);
#3932 = EDGE_CURVE('',#3355,#3933,#3935,.T.);
#3933 = VERTEX_POINT('',#3934);
#3934 = CARTESIAN_POINT('',(0.16,-5.24,8.54));
#3935 = LINE('',#3936,#3937);
#3936 = CARTESIAN_POINT('',(0.16,-5.24,8.54));
#3937 = VECTOR('',#3938,1.);
#3938 = DIRECTION('',(-0.57735026919,0.57735026919,0.57735026919));
#3939 = ORIENTED_EDGE('',*,*,#3940,.F.);
#3940 = EDGE_CURVE('',#3907,#3933,#3941,.T.);
#3941 = LINE('',#3942,#3943);
#3942 = CARTESIAN_POINT('',(-0.32,-5.24,8.54));
#3943 = VECTOR('',#3944,1.);
#3944 = DIRECTION('',(1.,0.,0.));
#3945 = PLANE('',#3946);
#3946 = AXIS2_PLACEMENT_3D('',#3947,#3948,#3949);
#3947 = CARTESIAN_POINT('',(-0.32,-5.32,8.46));
#3948 = DIRECTION('',(-1.735167508357E-18,0.707106781187,-0.707106781187
    ));
#3949 = DIRECTION('',(-1.,-1.226948711654E-18,1.226948711654E-18));
#3950 = ADVANCED_FACE('',(#3951),#3962,.T.);
#3951 = FACE_BOUND('',#3952,.T.);
#3952 = EDGE_LOOP('',(#3953,#3954,#3955,#3956));
#3953 = ORIENTED_EDGE('',*,*,#3932,.F.);
#3954 = ORIENTED_EDGE('',*,*,#3381,.T.);
#3955 = ORIENTED_EDGE('',*,*,#3884,.T.);
#3956 = ORIENTED_EDGE('',*,*,#3957,.F.);
#3957 = EDGE_CURVE('',#3933,#3885,#3958,.T.);
#3958 = LINE('',#3959,#3960);
#3959 = CARTESIAN_POINT('',(0.16,-5.4,8.54));
#3960 = VECTOR('',#3961,1.);
#3961 = DIRECTION('',(0.,1.,0.));
#3962 = PLANE('',#3963);
#3963 = AXIS2_PLACEMENT_3D('',#3964,#3965,#3966);
#3964 = CARTESIAN_POINT('',(0.24,-5.4,8.46));
#3965 = DIRECTION('',(0.707106781187,-1.735167508357E-18,0.707106781187)
  );
#3966 = DIRECTION('',(1.226948711654E-18,1.,1.226948711654E-18));
#3967 = ADVANCED_FACE('',(#3968),#3974,.F.);
#3968 = FACE_BOUND('',#3969,.F.);
#3969 = EDGE_LOOP('',(#3970,#3971,#3972,#3973));
#3970 = ORIENTED_EDGE('',*,*,#3436,.F.);
#3971 = ORIENTED_EDGE('',*,*,#3460,.F.);
#3972 = ORIENTED_EDGE('',*,*,#3477,.T.);
#3973 = ORIENTED_EDGE('',*,*,#3412,.T.);
#3974 = PLANE('',#3975);
#3975 = AXIS2_PLACEMENT_3D('',#3976,#3977,#3978);
#3976 = CARTESIAN_POINT('',(-0.32,-0.32,-3.));
#3977 = DIRECTION('',(0.,0.,1.));
#3978 = DIRECTION('',(1.,0.,-0.));
#3979 = ADVANCED_FACE('',(#3980),#3986,.F.);
#3980 = FACE_BOUND('',#3981,.F.);
#3981 = EDGE_LOOP('',(#3982,#3983,#3984,#3985));
#3982 = ORIENTED_EDGE('',*,*,#3556,.F.);
#3983 = ORIENTED_EDGE('',*,*,#3573,.F.);
#3984 = ORIENTED_EDGE('',*,*,#3508,.T.);
#3985 = ORIENTED_EDGE('',*,*,#3532,.T.);
#3986 = PLANE('',#3987);
#3987 = AXIS2_PLACEMENT_3D('',#3988,#3989,#3990);
#3988 = CARTESIAN_POINT('',(-0.32,-2.86,-3.));
#3989 = DIRECTION('',(0.,0.,1.));
#3990 = DIRECTION('',(1.,0.,-0.));
#3991 = ADVANCED_FACE('',(#3992),#3998,.F.);
#3992 = FACE_BOUND('',#3993,.F.);
#3993 = EDGE_LOOP('',(#3994,#3995,#3996,#3997));
#3994 = ORIENTED_EDGE('',*,*,#3604,.F.);
#3995 = ORIENTED_EDGE('',*,*,#3628,.F.);
#3996 = ORIENTED_EDGE('',*,*,#3652,.T.);
#3997 = ORIENTED_EDGE('',*,*,#3669,.T.);
#3998 = PLANE('',#3999);
#3999 = AXIS2_PLACEMENT_3D('',#4000,#4001,#4002);
#4000 = CARTESIAN_POINT('',(-0.32,-5.4,-3.));
#4001 = DIRECTION('',(0.,0.,1.));
#4002 = DIRECTION('',(1.,0.,-0.));
#4003 = ADVANCED_FACE('',(#4004),#4010,.T.);
#4004 = FACE_BOUND('',#4005,.T.);
#4005 = EDGE_LOOP('',(#4006,#4007,#4008,#4009));
#4006 = ORIENTED_EDGE('',*,*,#3765,.T.);
#4007 = ORIENTED_EDGE('',*,*,#3700,.T.);
#4008 = ORIENTED_EDGE('',*,*,#3724,.F.);
#4009 = ORIENTED_EDGE('',*,*,#3748,.F.);
#4010 = PLANE('',#4011);
#4011 = AXIS2_PLACEMENT_3D('',#4012,#4013,#4014);
#4012 = CARTESIAN_POINT('',(-0.32,-0.32,8.54));
#4013 = DIRECTION('',(0.,0.,1.));
#4014 = DIRECTION('',(1.,0.,-0.));
#4015 = ADVANCED_FACE('',(#4016),#4022,.T.);
#4016 = FACE_BOUND('',#4017,.T.);
#4017 = EDGE_LOOP('',(#4018,#4019,#4020,#4021));
#4018 = ORIENTED_EDGE('',*,*,#3796,.T.);
#4019 = ORIENTED_EDGE('',*,*,#3820,.T.);
#4020 = ORIENTED_EDGE('',*,*,#3844,.F.);
#4021 = ORIENTED_EDGE('',*,*,#3861,.F.);
#4022 = PLANE('',#4023);
#4023 = AXIS2_PLACEMENT_3D('',#4024,#4025,#4026);
#4024 = CARTESIAN_POINT('',(-0.32,-2.86,8.54));
#4025 = DIRECTION('',(0.,0.,1.));
#4026 = DIRECTION('',(1.,0.,-0.));
#4027 = ADVANCED_FACE('',(#4028),#4034,.T.);
#4028 = FACE_BOUND('',#4029,.T.);
#4029 = EDGE_LOOP('',(#4030,#4031,#4032,#4033));
#4030 = ORIENTED_EDGE('',*,*,#3940,.T.);
#4031 = ORIENTED_EDGE('',*,*,#3957,.T.);
#4032 = ORIENTED_EDGE('',*,*,#3892,.F.);
#4033 = ORIENTED_EDGE('',*,*,#3916,.F.);
#4034 = PLANE('',#4035);
#4035 = AXIS2_PLACEMENT_3D('',#4036,#4037,#4038);
#4036 = CARTESIAN_POINT('',(-0.32,-5.4,8.54));
#4037 = DIRECTION('',(0.,0.,1.));
#4038 = DIRECTION('',(1.,0.,-0.));
#4039 = ( GEOMETRIC_REPRESENTATION_CONTEXT(3) 
GLOBAL_UNCERTAINTY_ASSIGNED_CONTEXT((#4043)) 
GLOBAL_UNIT_ASSIGNED_CONTEXT((#4040,#4041,#4042)) REPRESENTATION_CONTEXT
('Context #1','3D Context with UNIT and UNCERTAINTY') );
#4040 = ( LENGTH_UNIT() NAMED_UNIT(*) SI_UNIT(.MILLI.,.METRE.) );
#4041 = ( NAMED_UNIT(*) PLANE_ANGLE_UNIT() SI_UNIT($,.RADIAN.) );
#4042 = ( NAMED_UNIT(*) SI_UNIT($,.STERADIAN.) SOLID_ANGLE_UNIT() );
#4043 = UNCERTAINTY_MEASURE_WITH_UNIT(LENGTH_MEASURE(1.E-07),#4040,
  'distance_accuracy_value','confusion accuracy');
#4044 = CONTEXT_DEPENDENT_SHAPE_REPRESENTATION(#4045,#4047);
#4045 = ( REPRESENTATION_RELATIONSHIP('','',#1932,#10) 
REPRESENTATION_RELATIONSHIP_WITH_TRANSFORMATION(#4046) 
SHAPE_REPRESENTATION_RELATIONSHIP() );
#4046 = ITEM_DEFINED_TRANSFORMATION('','',#11,#23);
#4047 = PRODUCT_DEFINITION_SHAPE('Placement','Placement of an item',
  #4048);
#4048 = NEXT_ASSEMBLY_USAGE_OCCURRENCE('3','RV2','',#5,#1927,$);
#4049 = PRODUCT_RELATED_PRODUCT_CATEGORY('part',$,(#1929));
#4050 = SHAPE_DEFINITION_REPRESENTATION(#4051,#4057);
#4051 = PRODUCT_DEFINITION_SHAPE('','',#4052);
#4052 = PRODUCT_DEFINITION('design','',#4053,#4056);
#4053 = PRODUCT_DEFINITION_FORMATION('','',#4054);
#4054 = PRODUCT('PinHeader_1x02_P2.54mm_Vertical',
  'PinHeader_1x02_P2.54mm_Vertical','',(#4055));
#4055 = PRODUCT_CONTEXT('',#2,'mechanical');
#4056 = PRODUCT_DEFINITION_CONTEXT('part definition',#2,'design');
#4057 = ADVANCED_BREP_SHAPE_REPRESENTATION('',(#11,#4058),#5490);
#4058 = MANIFOLD_SOLID_BREP('',#4059);
#4059 = CLOSED_SHELL('',(#4060,#4100,#4131,#4162,#4327,#4492,#4509,#4526
    ,#4543,#4560,#4577,#4594,#4611,#4628,#4645,#4662,#4674,#4705,#4729,
    #4753,#4770,#4801,#4825,#4849,#4866,#4897,#4921,#4945,#4962,#4993,
    #5017,#5041,#5058,#5089,#5113,#5137,#5154,#5185,#5209,#5233,#5250,
    #5281,#5305,#5329,#5346,#5377,#5401,#5425,#5442,#5454,#5466,#5478));
#4060 = ADVANCED_FACE('',(#4061),#4095,.F.);
#4061 = FACE_BOUND('',#4062,.F.);
#4062 = EDGE_LOOP('',(#4063,#4073,#4081,#4089));
#4063 = ORIENTED_EDGE('',*,*,#4064,.T.);
#4064 = EDGE_CURVE('',#4065,#4067,#4069,.T.);
#4065 = VERTEX_POINT('',#4066);
#4066 = CARTESIAN_POINT('',(-1.016,1.27,0.));
#4067 = VERTEX_POINT('',#4068);
#4068 = CARTESIAN_POINT('',(-1.016,1.27,2.54));
#4069 = LINE('',#4070,#4071);
#4070 = CARTESIAN_POINT('',(-1.016,1.27,0.));
#4071 = VECTOR('',#4072,1.);
#4072 = DIRECTION('',(0.,0.,1.));
#4073 = ORIENTED_EDGE('',*,*,#4074,.T.);
#4074 = EDGE_CURVE('',#4067,#4075,#4077,.T.);
#4075 = VERTEX_POINT('',#4076);
#4076 = CARTESIAN_POINT('',(-1.27,1.016,2.54));
#4077 = LINE('',#4078,#4079);
#4078 = CARTESIAN_POINT('',(-1.016,1.27,2.54));
#4079 = VECTOR('',#4080,1.);
#4080 = DIRECTION('',(-0.707106781187,-0.707106781187,0.));
#4081 = ORIENTED_EDGE('',*,*,#4082,.F.);
#4082 = EDGE_CURVE('',#4083,#4075,#4085,.T.);
#4083 = VERTEX_POINT('',#4084);
#4084 = CARTESIAN_POINT('',(-1.27,1.016,0.));
#4085 = LINE('',#4086,#4087);
#4086 = CARTESIAN_POINT('',(-1.27,1.016,0.));
#4087 = VECTOR('',#4088,1.);
#4088 = DIRECTION('',(0.,0.,1.));
#4089 = ORIENTED_EDGE('',*,*,#4090,.F.);
#4090 = EDGE_CURVE('',#4065,#4083,#4091,.T.);
#4091 = LINE('',#4092,#4093);
#4092 = CARTESIAN_POINT('',(-1.016,1.27,0.));
#4093 = VECTOR('',#4094,1.);
#4094 = DIRECTION('',(-0.707106781187,-0.707106781187,0.));
#4095 = PLANE('',#4096);
#4096 = AXIS2_PLACEMENT_3D('',#4097,#4098,#4099);
#4097 = CARTESIAN_POINT('',(-1.016,1.27,0.));
#4098 = DIRECTION('',(0.707106781187,-0.707106781187,0.));
#4099 = DIRECTION('',(-0.707106781187,-0.707106781187,0.));
#4100 = ADVANCED_FACE('',(#4101),#4126,.F.);
#4101 = FACE_BOUND('',#4102,.F.);
#4102 = EDGE_LOOP('',(#4103,#4113,#4119,#4120));
#4103 = ORIENTED_EDGE('',*,*,#4104,.T.);
#4104 = EDGE_CURVE('',#4105,#4107,#4109,.T.);
#4105 = VERTEX_POINT('',#4106);
#4106 = CARTESIAN_POINT('',(1.016,1.27,0.));
#4107 = VERTEX_POINT('',#4108);
#4108 = CARTESIAN_POINT('',(1.016,1.27,2.54));
#4109 = LINE('',#4110,#4111);
#4110 = CARTESIAN_POINT('',(1.016,1.27,0.));
#4111 = VECTOR('',#4112,1.);
#4112 = DIRECTION('',(0.,0.,1.));
#4113 = ORIENTED_EDGE('',*,*,#4114,.T.);
#4114 = EDGE_CURVE('',#4107,#4067,#4115,.T.);
#4115 = LINE('',#4116,#4117);
#4116 = CARTESIAN_POINT('',(1.016,1.27,2.54));
#4117 = VECTOR('',#4118,1.);
#4118 = DIRECTION('',(-1.,0.,0.));
#4119 = ORIENTED_EDGE('',*,*,#4064,.F.);
#4120 = ORIENTED_EDGE('',*,*,#4121,.F.);
#4121 = EDGE_CURVE('',#4105,#4065,#4122,.T.);
#4122 = LINE('',#4123,#4124);
#4123 = CARTESIAN_POINT('',(1.016,1.27,0.));
#4124 = VECTOR('',#4125,1.);
#4125 = DIRECTION('',(-1.,0.,0.));
#4126 = PLANE('',#4127);
#4127 = AXIS2_PLACEMENT_3D('',#4128,#4129,#4130);
#4128 = CARTESIAN_POINT('',(1.016,1.27,0.));
#4129 = DIRECTION('',(0.,-1.,0.));
#4130 = DIRECTION('',(-1.,0.,0.));
#4131 = ADVANCED_FACE('',(#4132),#4157,.F.);
#4132 = FACE_BOUND('',#4133,.F.);
#4133 = EDGE_LOOP('',(#4134,#4135,#4143,#4151));
#4134 = ORIENTED_EDGE('',*,*,#4082,.T.);
#4135 = ORIENTED_EDGE('',*,*,#4136,.T.);
#4136 = EDGE_CURVE('',#4075,#4137,#4139,.T.);
#4137 = VERTEX_POINT('',#4138);
#4138 = CARTESIAN_POINT('',(-1.27,-1.016,2.54));
#4139 = LINE('',#4140,#4141);
#4140 = CARTESIAN_POINT('',(-1.27,1.016,2.54));
#4141 = VECTOR('',#4142,1.);
#4142 = DIRECTION('',(0.,-1.,0.));
#4143 = ORIENTED_EDGE('',*,*,#4144,.F.);
#4144 = EDGE_CURVE('',#4145,#4137,#4147,.T.);
#4145 = VERTEX_POINT('',#4146);
#4146 = CARTESIAN_POINT('',(-1.27,-1.016,0.));
#4147 = LINE('',#4148,#4149);
#4148 = CARTESIAN_POINT('',(-1.27,-1.016,0.));
#4149 = VECTOR('',#4150,1.);
#4150 = DIRECTION('',(0.,0.,1.));
#4151 = ORIENTED_EDGE('',*,*,#4152,.F.);
#4152 = EDGE_CURVE('',#4083,#4145,#4153,.T.);
#4153 = LINE('',#4154,#4155);
#4154 = CARTESIAN_POINT('',(-1.27,1.016,0.));
#4155 = VECTOR('',#4156,1.);
#4156 = DIRECTION('',(0.,-1.,0.));
#4157 = PLANE('',#4158);
#4158 = AXIS2_PLACEMENT_3D('',#4159,#4160,#4161);
#4159 = CARTESIAN_POINT('',(-1.27,1.016,0.));
#4160 = DIRECTION('',(1.,0.,0.));
#4161 = DIRECTION('',(0.,-1.,0.));
#4162 = ADVANCED_FACE('',(#4163,#4254,#4288),#4322,.F.);
#4163 = FACE_BOUND('',#4164,.F.);
#4164 = EDGE_LOOP('',(#4165,#4166,#4167,#4175,#4183,#4191,#4199,#4207,
    #4215,#4223,#4231,#4239,#4247,#4253));
#4165 = ORIENTED_EDGE('',*,*,#4090,.T.);
#4166 = ORIENTED_EDGE('',*,*,#4152,.T.);
#4167 = ORIENTED_EDGE('',*,*,#4168,.T.);
#4168 = EDGE_CURVE('',#4145,#4169,#4171,.T.);
#4169 = VERTEX_POINT('',#4170);
#4170 = CARTESIAN_POINT('',(-1.016,-1.27,0.));
#4171 = LINE('',#4172,#4173);
#4172 = CARTESIAN_POINT('',(-1.27,-1.016,0.));
#4173 = VECTOR('',#4174,1.);
#4174 = DIRECTION('',(0.707106781187,-0.707106781187,0.));
#4175 = ORIENTED_EDGE('',*,*,#4176,.T.);
#4176 = EDGE_CURVE('',#4169,#4177,#4179,.T.);
#4177 = VERTEX_POINT('',#4178);
#4178 = CARTESIAN_POINT('',(-1.27,-1.524,0.));
#4179 = LINE('',#4180,#4181);
#4180 = CARTESIAN_POINT('',(-1.016,-1.27,0.));
#4181 = VECTOR('',#4182,1.);
#4182 = DIRECTION('',(-0.707106781187,-0.707106781187,0.));
#4183 = ORIENTED_EDGE('',*,*,#4184,.T.);
#4184 = EDGE_CURVE('',#4177,#4185,#4187,.T.);
#4185 = VERTEX_POINT('',#4186);
#4186 = CARTESIAN_POINT('',(-1.27,-3.556,0.));
#4187 = LINE('',#4188,#4189);
#4188 = CARTESIAN_POINT('',(-1.27,-1.524,0.));
#4189 = VECTOR('',#4190,1.);
#4190 = DIRECTION('',(0.,-1.,0.));
#4191 = ORIENTED_EDGE('',*,*,#4192,.T.);
#4192 = EDGE_CURVE('',#4185,#4193,#4195,.T.);
#4193 = VERTEX_POINT('',#4194);
#4194 = CARTESIAN_POINT('',(-1.016,-3.81,0.));
#4195 = LINE('',#4196,#4197);
#4196 = CARTESIAN_POINT('',(-1.27,-3.556,0.));
#4197 = VECTOR('',#4198,1.);
#4198 = DIRECTION('',(0.707106781187,-0.707106781187,0.));
#4199 = ORIENTED_EDGE('',*,*,#4200,.T.);
#4200 = EDGE_CURVE('',#4193,#4201,#4203,.T.);
#4201 = VERTEX_POINT('',#4202);
#4202 = CARTESIAN_POINT('',(1.016,-3.81,0.));
#4203 = LINE('',#4204,#4205);
#4204 = CARTESIAN_POINT('',(-1.016,-3.81,0.));
#4205 = VECTOR('',#4206,1.);
#4206 = DIRECTION('',(1.,0.,0.));
#4207 = ORIENTED_EDGE('',*,*,#4208,.T.);
#4208 = EDGE_CURVE('',#4201,#4209,#4211,.T.);
#4209 = VERTEX_POINT('',#4210);
#4210 = CARTESIAN_POINT('',(1.27,-3.556,0.));
#4211 = LINE('',#4212,#4213);
#4212 = CARTESIAN_POINT('',(1.016,-3.81,0.));
#4213 = VECTOR('',#4214,1.);
#4214 = DIRECTION('',(0.707106781187,0.707106781187,0.));
#4215 = ORIENTED_EDGE('',*,*,#4216,.T.);
#4216 = EDGE_CURVE('',#4209,#4217,#4219,.T.);
#4217 = VERTEX_POINT('',#4218);
#4218 = CARTESIAN_POINT('',(1.27,-1.524,0.));
#4219 = LINE('',#4220,#4221);
#4220 = CARTESIAN_POINT('',(1.27,-3.556,0.));
#4221 = VECTOR('',#4222,1.);
#4222 = DIRECTION('',(0.,1.,0.));
#4223 = ORIENTED_EDGE('',*,*,#4224,.T.);
#4224 = EDGE_CURVE('',#4217,#4225,#4227,.T.);
#4225 = VERTEX_POINT('',#4226);
#4226 = CARTESIAN_POINT('',(1.016,-1.27,0.));
#4227 = LINE('',#4228,#4229);
#4228 = CARTESIAN_POINT('',(1.27,-1.524,0.));
#4229 = VECTOR('',#4230,1.);
#4230 = DIRECTION('',(-0.707106781187,0.707106781187,0.));
#4231 = ORIENTED_EDGE('',*,*,#4232,.T.);
#4232 = EDGE_CURVE('',#4225,#4233,#4235,.T.);
#4233 = VERTEX_POINT('',#4234);
#4234 = CARTESIAN_POINT('',(1.27,-1.016,0.));
#4235 = LINE('',#4236,#4237);
#4236 = CARTESIAN_POINT('',(1.016,-1.27,0.));
#4237 = VECTOR('',#4238,1.);
#4238 = DIRECTION('',(0.707106781187,0.707106781187,0.));
#4239 = ORIENTED_EDGE('',*,*,#4240,.T.);
#4240 = EDGE_CURVE('',#4233,#4241,#4243,.T.);
#4241 = VERTEX_POINT('',#4242);
#4242 = CARTESIAN_POINT('',(1.27,1.016,0.));
#4243 = LINE('',#4244,#4245);
#4244 = CARTESIAN_POINT('',(1.27,-1.016,0.));
#4245 = VECTOR('',#4246,1.);
#4246 = DIRECTION('',(0.,1.,0.));
#4247 = ORIENTED_EDGE('',*,*,#4248,.T.);
#4248 = EDGE_CURVE('',#4241,#4105,#4249,.T.);
#4249 = LINE('',#4250,#4251);
#4250 = CARTESIAN_POINT('',(1.27,1.016,0.));
#4251 = VECTOR('',#4252,1.);
#4252 = DIRECTION('',(-0.707106781187,0.707106781187,0.));
#4253 = ORIENTED_EDGE('',*,*,#4121,.T.);
#4254 = FACE_BOUND('',#4255,.F.);
#4255 = EDGE_LOOP('',(#4256,#4266,#4274,#4282));
#4256 = ORIENTED_EDGE('',*,*,#4257,.T.);
#4257 = EDGE_CURVE('',#4258,#4260,#4262,.T.);
#4258 = VERTEX_POINT('',#4259);
#4259 = CARTESIAN_POINT('',(0.32,-0.32,0.));
#4260 = VERTEX_POINT('',#4261);
#4261 = CARTESIAN_POINT('',(-0.32,-0.32,0.));
#4262 = LINE('',#4263,#4264);
#4263 = CARTESIAN_POINT('',(-0.16,-0.32,0.));
#4264 = VECTOR('',#4265,1.);
#4265 = DIRECTION('',(-1.,0.,0.));
#4266 = ORIENTED_EDGE('',*,*,#4267,.T.);
#4267 = EDGE_CURVE('',#4260,#4268,#4270,.T.);
#4268 = VERTEX_POINT('',#4269);
#4269 = CARTESIAN_POINT('',(-0.32,0.32,0.));
#4270 = LINE('',#4271,#4272);
#4271 = CARTESIAN_POINT('',(-0.32,-0.795,0.));
#4272 = VECTOR('',#4273,1.);
#4273 = DIRECTION('',(0.,1.,0.));
#4274 = ORIENTED_EDGE('',*,*,#4275,.F.);
#4275 = EDGE_CURVE('',#4276,#4268,#4278,.T.);
#4276 = VERTEX_POINT('',#4277);
#4277 = CARTESIAN_POINT('',(0.32,0.32,0.));
#4278 = LINE('',#4279,#4280);
#4279 = CARTESIAN_POINT('',(-0.16,0.32,0.));
#4280 = VECTOR('',#4281,1.);
#4281 = DIRECTION('',(-1.,0.,0.));
#4282 = ORIENTED_EDGE('',*,*,#4283,.F.);
#4283 = EDGE_CURVE('',#4258,#4276,#4284,.T.);
#4284 = LINE('',#4285,#4286);
#4285 = CARTESIAN_POINT('',(0.32,-0.795,0.));
#4286 = VECTOR('',#4287,1.);
#4287 = DIRECTION('',(0.,1.,0.));
#4288 = FACE_BOUND('',#4289,.F.);
#4289 = EDGE_LOOP('',(#4290,#4300,#4308,#4316));
#4290 = ORIENTED_EDGE('',*,*,#4291,.T.);
#4291 = EDGE_CURVE('',#4292,#4294,#4296,.T.);
#4292 = VERTEX_POINT('',#4293);
#4293 = CARTESIAN_POINT('',(0.32,-2.86,0.));
#4294 = VERTEX_POINT('',#4295);
#4295 = CARTESIAN_POINT('',(-0.32,-2.86,0.));
#4296 = LINE('',#4297,#4298);
#4297 = CARTESIAN_POINT('',(-0.16,-2.86,0.));
#4298 = VECTOR('',#4299,1.);
#4299 = DIRECTION('',(-1.,0.,0.));
#4300 = ORIENTED_EDGE('',*,*,#4301,.T.);
#4301 = EDGE_CURVE('',#4294,#4302,#4304,.T.);
#4302 = VERTEX_POINT('',#4303);
#4303 = CARTESIAN_POINT('',(-0.32,-2.22,0.));
#4304 = LINE('',#4305,#4306);
#4305 = CARTESIAN_POINT('',(-0.32,-2.065,0.));
#4306 = VECTOR('',#4307,1.);
#4307 = DIRECTION('',(0.,1.,0.));
#4308 = ORIENTED_EDGE('',*,*,#4309,.F.);
#4309 = EDGE_CURVE('',#4310,#4302,#4312,.T.);
#4310 = VERTEX_POINT('',#4311);
#4311 = CARTESIAN_POINT('',(0.32,-2.22,0.));
#4312 = LINE('',#4313,#4314);
#4313 = CARTESIAN_POINT('',(-0.16,-2.22,0.));
#4314 = VECTOR('',#4315,1.);
#4315 = DIRECTION('',(-1.,0.,0.));
#4316 = ORIENTED_EDGE('',*,*,#4317,.F.);
#4317 = EDGE_CURVE('',#4292,#4310,#4318,.T.);
#4318 = LINE('',#4319,#4320);
#4319 = CARTESIAN_POINT('',(0.32,-2.065,0.));
#4320 = VECTOR('',#4321,1.);
#4321 = DIRECTION('',(0.,1.,0.));
#4322 = PLANE('',#4323);
#4323 = AXIS2_PLACEMENT_3D('',#4324,#4325,#4326);
#4324 = CARTESIAN_POINT('',(1.473843703412E-17,-1.27,0.));
#4325 = DIRECTION('',(0.,0.,1.));
#4326 = DIRECTION('',(1.,0.,-0.));
#4327 = ADVANCED_FACE('',(#4328,#4419,#4453),#4487,.T.);
#4328 = FACE_BOUND('',#4329,.T.);
#4329 = EDGE_LOOP('',(#4330,#4331,#4332,#4340,#4348,#4356,#4364,#4372,
    #4380,#4388,#4396,#4404,#4412,#4418));
#4330 = ORIENTED_EDGE('',*,*,#4074,.T.);
#4331 = ORIENTED_EDGE('',*,*,#4136,.T.);
#4332 = ORIENTED_EDGE('',*,*,#4333,.T.);
#4333 = EDGE_CURVE('',#4137,#4334,#4336,.T.);
#4334 = VERTEX_POINT('',#4335);
#4335 = CARTESIAN_POINT('',(-1.016,-1.27,2.54));
#4336 = LINE('',#4337,#4338);
#4337 = CARTESIAN_POINT('',(-1.27,-1.016,2.54));
#4338 = VECTOR('',#4339,1.);
#4339 = DIRECTION('',(0.707106781187,-0.707106781187,0.));
#4340 = ORIENTED_EDGE('',*,*,#4341,.T.);
#4341 = EDGE_CURVE('',#4334,#4342,#4344,.T.);
#4342 = VERTEX_POINT('',#4343);
#4343 = CARTESIAN_POINT('',(-1.27,-1.524,2.54));
#4344 = LINE('',#4345,#4346);
#4345 = CARTESIAN_POINT('',(-1.016,-1.27,2.54));
#4346 = VECTOR('',#4347,1.);
#4347 = DIRECTION('',(-0.707106781187,-0.707106781187,0.));
#4348 = ORIENTED_EDGE('',*,*,#4349,.T.);
#4349 = EDGE_CURVE('',#4342,#4350,#4352,.T.);
#4350 = VERTEX_POINT('',#4351);
#4351 = CARTESIAN_POINT('',(-1.27,-3.556,2.54));
#4352 = LINE('',#4353,#4354);
#4353 = CARTESIAN_POINT('',(-1.27,-1.524,2.54));
#4354 = VECTOR('',#4355,1.);
#4355 = DIRECTION('',(0.,-1.,0.));
#4356 = ORIENTED_EDGE('',*,*,#4357,.T.);
#4357 = EDGE_CURVE('',#4350,#4358,#4360,.T.);
#4358 = VERTEX_POINT('',#4359);
#4359 = CARTESIAN_POINT('',(-1.016,-3.81,2.54));
#4360 = LINE('',#4361,#4362);
#4361 = CARTESIAN_POINT('',(-1.27,-3.556,2.54));
#4362 = VECTOR('',#4363,1.);
#4363 = DIRECTION('',(0.707106781187,-0.707106781187,0.));
#4364 = ORIENTED_EDGE('',*,*,#4365,.T.);
#4365 = EDGE_CURVE('',#4358,#4366,#4368,.T.);
#4366 = VERTEX_POINT('',#4367);
#4367 = CARTESIAN_POINT('',(1.016,-3.81,2.54));
#4368 = LINE('',#4369,#4370);
#4369 = CARTESIAN_POINT('',(-1.016,-3.81,2.54));
#4370 = VECTOR('',#4371,1.);
#4371 = DIRECTION('',(1.,0.,0.));
#4372 = ORIENTED_EDGE('',*,*,#4373,.T.);
#4373 = EDGE_CURVE('',#4366,#4374,#4376,.T.);
#4374 = VERTEX_POINT('',#4375);
#4375 = CARTESIAN_POINT('',(1.27,-3.556,2.54));
#4376 = LINE('',#4377,#4378);
#4377 = CARTESIAN_POINT('',(1.016,-3.81,2.54));
#4378 = VECTOR('',#4379,1.);
#4379 = DIRECTION('',(0.707106781187,0.707106781187,0.));
#4380 = ORIENTED_EDGE('',*,*,#4381,.T.);
#4381 = EDGE_CURVE('',#4374,#4382,#4384,.T.);
#4382 = VERTEX_POINT('',#4383);
#4383 = CARTESIAN_POINT('',(1.27,-1.524,2.54));
#4384 = LINE('',#4385,#4386);
#4385 = CARTESIAN_POINT('',(1.27,-3.556,2.54));
#4386 = VECTOR('',#4387,1.);
#4387 = DIRECTION('',(0.,1.,0.));
#4388 = ORIENTED_EDGE('',*,*,#4389,.T.);
#4389 = EDGE_CURVE('',#4382,#4390,#4392,.T.);
#4390 = VERTEX_POINT('',#4391);
#4391 = CARTESIAN_POINT('',(1.016,-1.27,2.54));
#4392 = LINE('',#4393,#4394);
#4393 = CARTESIAN_POINT('',(1.27,-1.524,2.54));
#4394 = VECTOR('',#4395,1.);
#4395 = DIRECTION('',(-0.707106781187,0.707106781187,0.));
#4396 = ORIENTED_EDGE('',*,*,#4397,.T.);
#4397 = EDGE_CURVE('',#4390,#4398,#4400,.T.);
#4398 = VERTEX_POINT('',#4399);
#4399 = CARTESIAN_POINT('',(1.27,-1.016,2.54));
#4400 = LINE('',#4401,#4402);
#4401 = CARTESIAN_POINT('',(1.016,-1.27,2.54));
#4402 = VECTOR('',#4403,1.);
#4403 = DIRECTION('',(0.707106781187,0.707106781187,0.));
#4404 = ORIENTED_EDGE('',*,*,#4405,.T.);
#4405 = EDGE_CURVE('',#4398,#4406,#4408,.T.);
#4406 = VERTEX_POINT('',#4407);
#4407 = CARTESIAN_POINT('',(1.27,1.016,2.54));
#4408 = LINE('',#4409,#4410);
#4409 = CARTESIAN_POINT('',(1.27,-1.016,2.54));
#4410 = VECTOR('',#4411,1.);
#4411 = DIRECTION('',(0.,1.,0.));
#4412 = ORIENTED_EDGE('',*,*,#4413,.T.);
#4413 = EDGE_CURVE('',#4406,#4107,#4414,.T.);
#4414 = LINE('',#4415,#4416);
#4415 = CARTESIAN_POINT('',(1.27,1.016,2.54));
#4416 = VECTOR('',#4417,1.);
#4417 = DIRECTION('',(-0.707106781187,0.707106781187,0.));
#4418 = ORIENTED_EDGE('',*,*,#4114,.T.);
#4419 = FACE_BOUND('',#4420,.T.);
#4420 = EDGE_LOOP('',(#4421,#4431,#4439,#4447));
#4421 = ORIENTED_EDGE('',*,*,#4422,.T.);
#4422 = EDGE_CURVE('',#4423,#4425,#4427,.T.);
#4423 = VERTEX_POINT('',#4424);
#4424 = CARTESIAN_POINT('',(0.32,-0.32,2.54));
#4425 = VERTEX_POINT('',#4426);
#4426 = CARTESIAN_POINT('',(-0.32,-0.32,2.54));
#4427 = LINE('',#4428,#4429);
#4428 = CARTESIAN_POINT('',(-0.16,-0.32,2.54));
#4429 = VECTOR('',#4430,1.);
#4430 = DIRECTION('',(-1.,0.,0.));
#4431 = ORIENTED_EDGE('',*,*,#4432,.T.);
#4432 = EDGE_CURVE('',#4425,#4433,#4435,.T.);
#4433 = VERTEX_POINT('',#4434);
#4434 = CARTESIAN_POINT('',(-0.32,0.32,2.54));
#4435 = LINE('',#4436,#4437);
#4436 = CARTESIAN_POINT('',(-0.32,-0.795,2.54));
#4437 = VECTOR('',#4438,1.);
#4438 = DIRECTION('',(0.,1.,0.));
#4439 = ORIENTED_EDGE('',*,*,#4440,.F.);
#4440 = EDGE_CURVE('',#4441,#4433,#4443,.T.);
#4441 = VERTEX_POINT('',#4442);
#4442 = CARTESIAN_POINT('',(0.32,0.32,2.54));
#4443 = LINE('',#4444,#4445);
#4444 = CARTESIAN_POINT('',(-0.16,0.32,2.54));
#4445 = VECTOR('',#4446,1.);
#4446 = DIRECTION('',(-1.,0.,0.));
#4447 = ORIENTED_EDGE('',*,*,#4448,.F.);
#4448 = EDGE_CURVE('',#4423,#4441,#4449,.T.);
#4449 = LINE('',#4450,#4451);
#4450 = CARTESIAN_POINT('',(0.32,-0.795,2.54));
#4451 = VECTOR('',#4452,1.);
#4452 = DIRECTION('',(0.,1.,0.));
#4453 = FACE_BOUND('',#4454,.T.);
#4454 = EDGE_LOOP('',(#4455,#4465,#4473,#4481));
#4455 = ORIENTED_EDGE('',*,*,#4456,.T.);
#4456 = EDGE_CURVE('',#4457,#4459,#4461,.T.);
#4457 = VERTEX_POINT('',#4458);
#4458 = CARTESIAN_POINT('',(0.32,-2.86,2.54));
#4459 = VERTEX_POINT('',#4460);
#4460 = CARTESIAN_POINT('',(-0.32,-2.86,2.54));
#4461 = LINE('',#4462,#4463);
#4462 = CARTESIAN_POINT('',(-0.16,-2.86,2.54));
#4463 = VECTOR('',#4464,1.);
#4464 = DIRECTION('',(-1.,0.,0.));
#4465 = ORIENTED_EDGE('',*,*,#4466,.T.);
#4466 = EDGE_CURVE('',#4459,#4467,#4469,.T.);
#4467 = VERTEX_POINT('',#4468);
#4468 = CARTESIAN_POINT('',(-0.32,-2.22,2.54));
#4469 = LINE('',#4470,#4471);
#4470 = CARTESIAN_POINT('',(-0.32,-2.065,2.54));
#4471 = VECTOR('',#4472,1.);
#4472 = DIRECTION('',(0.,1.,0.));
#4473 = ORIENTED_EDGE('',*,*,#4474,.F.);
#4474 = EDGE_CURVE('',#4475,#4467,#4477,.T.);
#4475 = VERTEX_POINT('',#4476);
#4476 = CARTESIAN_POINT('',(0.32,-2.22,2.54));
#4477 = LINE('',#4478,#4479);
#4478 = CARTESIAN_POINT('',(-0.16,-2.22,2.54));
#4479 = VECTOR('',#4480,1.);
#4480 = DIRECTION('',(-1.,0.,0.));
#4481 = ORIENTED_EDGE('',*,*,#4482,.F.);
#4482 = EDGE_CURVE('',#4457,#4475,#4483,.T.);
#4483 = LINE('',#4484,#4485);
#4484 = CARTESIAN_POINT('',(0.32,-2.065,2.54));
#4485 = VECTOR('',#4486,1.);
#4486 = DIRECTION('',(0.,1.,0.));
#4487 = PLANE('',#4488);
#4488 = AXIS2_PLACEMENT_3D('',#4489,#4490,#4491);
#4489 = CARTESIAN_POINT('',(1.473843703412E-17,-1.27,2.54));
#4490 = DIRECTION('',(0.,0.,1.));
#4491 = DIRECTION('',(1.,0.,-0.));
#4492 = ADVANCED_FACE('',(#4493),#4504,.F.);
#4493 = FACE_BOUND('',#4494,.F.);
#4494 = EDGE_LOOP('',(#4495,#4501,#4502,#4503));
#4495 = ORIENTED_EDGE('',*,*,#4496,.T.);
#4496 = EDGE_CURVE('',#4241,#4406,#4497,.T.);
#4497 = LINE('',#4498,#4499);
#4498 = CARTESIAN_POINT('',(1.27,1.016,0.));
#4499 = VECTOR('',#4500,1.);
#4500 = DIRECTION('',(0.,0.,1.));
#4501 = ORIENTED_EDGE('',*,*,#4413,.T.);
#4502 = ORIENTED_EDGE('',*,*,#4104,.F.);
#4503 = ORIENTED_EDGE('',*,*,#4248,.F.);
#4504 = PLANE('',#4505);
#4505 = AXIS2_PLACEMENT_3D('',#4506,#4507,#4508);
#4506 = CARTESIAN_POINT('',(1.27,1.016,0.));
#4507 = DIRECTION('',(-0.707106781187,-0.707106781187,0.));
#4508 = DIRECTION('',(-0.707106781187,0.707106781187,0.));
#4509 = ADVANCED_FACE('',(#4510),#4521,.F.);
#4510 = FACE_BOUND('',#4511,.F.);
#4511 = EDGE_LOOP('',(#4512,#4513,#4514,#4520));
#4512 = ORIENTED_EDGE('',*,*,#4144,.T.);
#4513 = ORIENTED_EDGE('',*,*,#4333,.T.);
#4514 = ORIENTED_EDGE('',*,*,#4515,.F.);
#4515 = EDGE_CURVE('',#4169,#4334,#4516,.T.);
#4516 = LINE('',#4517,#4518);
#4517 = CARTESIAN_POINT('',(-1.016,-1.27,0.));
#4518 = VECTOR('',#4519,1.);
#4519 = DIRECTION('',(0.,0.,1.));
#4520 = ORIENTED_EDGE('',*,*,#4168,.F.);
#4521 = PLANE('',#4522);
#4522 = AXIS2_PLACEMENT_3D('',#4523,#4524,#4525);
#4523 = CARTESIAN_POINT('',(-1.27,-1.016,0.));
#4524 = DIRECTION('',(0.707106781187,0.707106781187,0.));
#4525 = DIRECTION('',(0.707106781187,-0.707106781187,0.));
#4526 = ADVANCED_FACE('',(#4527),#4538,.F.);
#4527 = FACE_BOUND('',#4528,.F.);
#4528 = EDGE_LOOP('',(#4529,#4535,#4536,#4537));
#4529 = ORIENTED_EDGE('',*,*,#4530,.T.);
#4530 = EDGE_CURVE('',#4233,#4398,#4531,.T.);
#4531 = LINE('',#4532,#4533);
#4532 = CARTESIAN_POINT('',(1.27,-1.016,0.));
#4533 = VECTOR('',#4534,1.);
#4534 = DIRECTION('',(0.,0.,1.));
#4535 = ORIENTED_EDGE('',*,*,#4405,.T.);
#4536 = ORIENTED_EDGE('',*,*,#4496,.F.);
#4537 = ORIENTED_EDGE('',*,*,#4240,.F.);
#4538 = PLANE('',#4539);
#4539 = AXIS2_PLACEMENT_3D('',#4540,#4541,#4542);
#4540 = CARTESIAN_POINT('',(1.27,-1.016,0.));
#4541 = DIRECTION('',(-1.,0.,0.));
#4542 = DIRECTION('',(0.,1.,0.));
#4543 = ADVANCED_FACE('',(#4544),#4555,.F.);
#4544 = FACE_BOUND('',#4545,.F.);
#4545 = EDGE_LOOP('',(#4546,#4547,#4548,#4554));
#4546 = ORIENTED_EDGE('',*,*,#4515,.T.);
#4547 = ORIENTED_EDGE('',*,*,#4341,.T.);
#4548 = ORIENTED_EDGE('',*,*,#4549,.F.);
#4549 = EDGE_CURVE('',#4177,#4342,#4550,.T.);
#4550 = LINE('',#4551,#4552);
#4551 = CARTESIAN_POINT('',(-1.27,-1.524,0.));
#4552 = VECTOR('',#4553,1.);
#4553 = DIRECTION('',(0.,0.,1.));
#4554 = ORIENTED_EDGE('',*,*,#4176,.F.);
#4555 = PLANE('',#4556);
#4556 = AXIS2_PLACEMENT_3D('',#4557,#4558,#4559);
#4557 = CARTESIAN_POINT('',(-1.016,-1.27,0.));
#4558 = DIRECTION('',(0.707106781187,-0.707106781187,0.));
#4559 = DIRECTION('',(-0.707106781187,-0.707106781187,0.));
#4560 = ADVANCED_FACE('',(#4561),#4572,.F.);
#4561 = FACE_BOUND('',#4562,.F.);
#4562 = EDGE_LOOP('',(#4563,#4569,#4570,#4571));
#4563 = ORIENTED_EDGE('',*,*,#4564,.T.);
#4564 = EDGE_CURVE('',#4225,#4390,#4565,.T.);
#4565 = LINE('',#4566,#4567);
#4566 = CARTESIAN_POINT('',(1.016,-1.27,0.));
#4567 = VECTOR('',#4568,1.);
#4568 = DIRECTION('',(0.,0.,1.));
#4569 = ORIENTED_EDGE('',*,*,#4397,.T.);
#4570 = ORIENTED_EDGE('',*,*,#4530,.F.);
#4571 = ORIENTED_EDGE('',*,*,#4232,.F.);
#4572 = PLANE('',#4573);
#4573 = AXIS2_PLACEMENT_3D('',#4574,#4575,#4576);
#4574 = CARTESIAN_POINT('',(1.016,-1.27,0.));
#4575 = DIRECTION('',(-0.707106781187,0.707106781187,0.));
#4576 = DIRECTION('',(0.707106781187,0.707106781187,0.));
#4577 = ADVANCED_FACE('',(#4578),#4589,.F.);
#4578 = FACE_BOUND('',#4579,.F.);
#4579 = EDGE_LOOP('',(#4580,#4581,#4582,#4588));
#4580 = ORIENTED_EDGE('',*,*,#4549,.T.);
#4581 = ORIENTED_EDGE('',*,*,#4349,.T.);
#4582 = ORIENTED_EDGE('',*,*,#4583,.F.);
#4583 = EDGE_CURVE('',#4185,#4350,#4584,.T.);
#4584 = LINE('',#4585,#4586);
#4585 = CARTESIAN_POINT('',(-1.27,-3.556,0.));
#4586 = VECTOR('',#4587,1.);
#4587 = DIRECTION('',(0.,0.,1.));
#4588 = ORIENTED_EDGE('',*,*,#4184,.F.);
#4589 = PLANE('',#4590);
#4590 = AXIS2_PLACEMENT_3D('',#4591,#4592,#4593);
#4591 = CARTESIAN_POINT('',(-1.27,-1.524,0.));
#4592 = DIRECTION('',(1.,0.,0.));
#4593 = DIRECTION('',(0.,-1.,0.));
#4594 = ADVANCED_FACE('',(#4595),#4606,.F.);
#4595 = FACE_BOUND('',#4596,.F.);
#4596 = EDGE_LOOP('',(#4597,#4603,#4604,#4605));
#4597 = ORIENTED_EDGE('',*,*,#4598,.T.);
#4598 = EDGE_CURVE('',#4217,#4382,#4599,.T.);
#4599 = LINE('',#4600,#4601);
#4600 = CARTESIAN_POINT('',(1.27,-1.524,0.));
#4601 = VECTOR('',#4602,1.);
#4602 = DIRECTION('',(0.,0.,1.));
#4603 = ORIENTED_EDGE('',*,*,#4389,.T.);
#4604 = ORIENTED_EDGE('',*,*,#4564,.F.);
#4605 = ORIENTED_EDGE('',*,*,#4224,.F.);
#4606 = PLANE('',#4607);
#4607 = AXIS2_PLACEMENT_3D('',#4608,#4609,#4610);
#4608 = CARTESIAN_POINT('',(1.27,-1.524,0.));
#4609 = DIRECTION('',(-0.707106781187,-0.707106781187,0.));
#4610 = DIRECTION('',(-0.707106781187,0.707106781187,0.));
#4611 = ADVANCED_FACE('',(#4612),#4623,.F.);
#4612 = FACE_BOUND('',#4613,.F.);
#4613 = EDGE_LOOP('',(#4614,#4615,#4616,#4622));
#4614 = ORIENTED_EDGE('',*,*,#4583,.T.);
#4615 = ORIENTED_EDGE('',*,*,#4357,.T.);
#4616 = ORIENTED_EDGE('',*,*,#4617,.F.);
#4617 = EDGE_CURVE('',#4193,#4358,#4618,.T.);
#4618 = LINE('',#4619,#4620);
#4619 = CARTESIAN_POINT('',(-1.016,-3.81,0.));
#4620 = VECTOR('',#4621,1.);
#4621 = DIRECTION('',(0.,0.,1.));
#4622 = ORIENTED_EDGE('',*,*,#4192,.F.);
#4623 = PLANE('',#4624);
#4624 = AXIS2_PLACEMENT_3D('',#4625,#4626,#4627);
#4625 = CARTESIAN_POINT('',(-1.27,-3.556,0.));
#4626 = DIRECTION('',(0.707106781187,0.707106781187,0.));
#4627 = DIRECTION('',(0.707106781187,-0.707106781187,0.));
#4628 = ADVANCED_FACE('',(#4629),#4640,.F.);
#4629 = FACE_BOUND('',#4630,.F.);
#4630 = EDGE_LOOP('',(#4631,#4637,#4638,#4639));
#4631 = ORIENTED_EDGE('',*,*,#4632,.T.);
#4632 = EDGE_CURVE('',#4209,#4374,#4633,.T.);
#4633 = LINE('',#4634,#4635);
#4634 = CARTESIAN_POINT('',(1.27,-3.556,0.));
#4635 = VECTOR('',#4636,1.);
#4636 = DIRECTION('',(0.,0.,1.));
#4637 = ORIENTED_EDGE('',*,*,#4381,.T.);
#4638 = ORIENTED_EDGE('',*,*,#4598,.F.);
#4639 = ORIENTED_EDGE('',*,*,#4216,.F.);
#4640 = PLANE('',#4641);
#4641 = AXIS2_PLACEMENT_3D('',#4642,#4643,#4644);
#4642 = CARTESIAN_POINT('',(1.27,-3.556,0.));
#4643 = DIRECTION('',(-1.,0.,0.));
#4644 = DIRECTION('',(0.,1.,0.));
#4645 = ADVANCED_FACE('',(#4646),#4657,.F.);
#4646 = FACE_BOUND('',#4647,.F.);
#4647 = EDGE_LOOP('',(#4648,#4649,#4650,#4656));
#4648 = ORIENTED_EDGE('',*,*,#4617,.T.);
#4649 = ORIENTED_EDGE('',*,*,#4365,.T.);
#4650 = ORIENTED_EDGE('',*,*,#4651,.F.);
#4651 = EDGE_CURVE('',#4201,#4366,#4652,.T.);
#4652 = LINE('',#4653,#4654);
#4653 = CARTESIAN_POINT('',(1.016,-3.81,0.));
#4654 = VECTOR('',#4655,1.);
#4655 = DIRECTION('',(0.,0.,1.));
#4656 = ORIENTED_EDGE('',*,*,#4200,.F.);
#4657 = PLANE('',#4658);
#4658 = AXIS2_PLACEMENT_3D('',#4659,#4660,#4661);
#4659 = CARTESIAN_POINT('',(-1.016,-3.81,0.));
#4660 = DIRECTION('',(0.,1.,0.));
#4661 = DIRECTION('',(1.,0.,0.));
#4662 = ADVANCED_FACE('',(#4663),#4669,.F.);
#4663 = FACE_BOUND('',#4664,.F.);
#4664 = EDGE_LOOP('',(#4665,#4666,#4667,#4668));
#4665 = ORIENTED_EDGE('',*,*,#4651,.T.);
#4666 = ORIENTED_EDGE('',*,*,#4373,.T.);
#4667 = ORIENTED_EDGE('',*,*,#4632,.F.);
#4668 = ORIENTED_EDGE('',*,*,#4208,.F.);
#4669 = PLANE('',#4670);
#4670 = AXIS2_PLACEMENT_3D('',#4671,#4672,#4673);
#4671 = CARTESIAN_POINT('',(1.016,-3.81,0.));
#4672 = DIRECTION('',(-0.707106781187,0.707106781187,0.));
#4673 = DIRECTION('',(0.707106781187,0.707106781187,0.));
#4674 = ADVANCED_FACE('',(#4675),#4700,.F.);
#4675 = FACE_BOUND('',#4676,.F.);
#4676 = EDGE_LOOP('',(#4677,#4685,#4693,#4699));
#4677 = ORIENTED_EDGE('',*,*,#4678,.F.);
#4678 = EDGE_CURVE('',#4679,#4258,#4681,.T.);
#4679 = VERTEX_POINT('',#4680);
#4680 = CARTESIAN_POINT('',(0.32,-0.32,-2.84));
#4681 = LINE('',#4682,#4683);
#4682 = CARTESIAN_POINT('',(0.32,-0.32,-3.));
#4683 = VECTOR('',#4684,1.);
#4684 = DIRECTION('',(0.,0.,1.));
#4685 = ORIENTED_EDGE('',*,*,#4686,.F.);
#4686 = EDGE_CURVE('',#4687,#4679,#4689,.T.);
#4687 = VERTEX_POINT('',#4688);
#4688 = CARTESIAN_POINT('',(-0.32,-0.32,-2.84));
#4689 = LINE('',#4690,#4691);
#4690 = CARTESIAN_POINT('',(-0.32,-0.32,-2.84));
#4691 = VECTOR('',#4692,1.);
#4692 = DIRECTION('',(1.,0.,0.));
#4693 = ORIENTED_EDGE('',*,*,#4694,.T.);
#4694 = EDGE_CURVE('',#4687,#4260,#4695,.T.);
#4695 = LINE('',#4696,#4697);
#4696 = CARTESIAN_POINT('',(-0.32,-0.32,-3.));
#4697 = VECTOR('',#4698,1.);
#4698 = DIRECTION('',(0.,0.,1.));
#4699 = ORIENTED_EDGE('',*,*,#4257,.F.);
#4700 = PLANE('',#4701);
#4701 = AXIS2_PLACEMENT_3D('',#4702,#4703,#4704);
#4702 = CARTESIAN_POINT('',(-0.32,-0.32,-3.));
#4703 = DIRECTION('',(0.,1.,0.));
#4704 = DIRECTION('',(0.,-0.,1.));
#4705 = ADVANCED_FACE('',(#4706),#4724,.T.);
#4706 = FACE_BOUND('',#4707,.T.);
#4707 = EDGE_LOOP('',(#4708,#4709,#4717,#4723));
#4708 = ORIENTED_EDGE('',*,*,#4678,.F.);
#4709 = ORIENTED_EDGE('',*,*,#4710,.T.);
#4710 = EDGE_CURVE('',#4679,#4711,#4713,.T.);
#4711 = VERTEX_POINT('',#4712);
#4712 = CARTESIAN_POINT('',(0.32,0.32,-2.84));
#4713 = LINE('',#4714,#4715);
#4714 = CARTESIAN_POINT('',(0.32,-0.32,-2.84));
#4715 = VECTOR('',#4716,1.);
#4716 = DIRECTION('',(0.,1.,0.));
#4717 = ORIENTED_EDGE('',*,*,#4718,.T.);
#4718 = EDGE_CURVE('',#4711,#4276,#4719,.T.);
#4719 = LINE('',#4720,#4721);
#4720 = CARTESIAN_POINT('',(0.32,0.32,-3.));
#4721 = VECTOR('',#4722,1.);
#4722 = DIRECTION('',(0.,0.,1.));
#4723 = ORIENTED_EDGE('',*,*,#4283,.F.);
#4724 = PLANE('',#4725);
#4725 = AXIS2_PLACEMENT_3D('',#4726,#4727,#4728);
#4726 = CARTESIAN_POINT('',(0.32,-0.32,-3.));
#4727 = DIRECTION('',(1.,0.,0.));
#4728 = DIRECTION('',(0.,0.,1.));
#4729 = ADVANCED_FACE('',(#4730),#4748,.T.);
#4730 = FACE_BOUND('',#4731,.T.);
#4731 = EDGE_LOOP('',(#4732,#4733,#4741,#4747));
#4732 = ORIENTED_EDGE('',*,*,#4718,.F.);
#4733 = ORIENTED_EDGE('',*,*,#4734,.F.);
#4734 = EDGE_CURVE('',#4735,#4711,#4737,.T.);
#4735 = VERTEX_POINT('',#4736);
#4736 = CARTESIAN_POINT('',(-0.32,0.32,-2.84));
#4737 = LINE('',#4738,#4739);
#4738 = CARTESIAN_POINT('',(-0.32,0.32,-2.84));
#4739 = VECTOR('',#4740,1.);
#4740 = DIRECTION('',(1.,0.,0.));
#4741 = ORIENTED_EDGE('',*,*,#4742,.T.);
#4742 = EDGE_CURVE('',#4735,#4268,#4743,.T.);
#4743 = LINE('',#4744,#4745);
#4744 = CARTESIAN_POINT('',(-0.32,0.32,-3.));
#4745 = VECTOR('',#4746,1.);
#4746 = DIRECTION('',(0.,0.,1.));
#4747 = ORIENTED_EDGE('',*,*,#4275,.F.);
#4748 = PLANE('',#4749);
#4749 = AXIS2_PLACEMENT_3D('',#4750,#4751,#4752);
#4750 = CARTESIAN_POINT('',(-0.32,0.32,-3.));
#4751 = DIRECTION('',(0.,1.,0.));
#4752 = DIRECTION('',(0.,-0.,1.));
#4753 = ADVANCED_FACE('',(#4754),#4765,.F.);
#4754 = FACE_BOUND('',#4755,.F.);
#4755 = EDGE_LOOP('',(#4756,#4757,#4763,#4764));
#4756 = ORIENTED_EDGE('',*,*,#4694,.F.);
#4757 = ORIENTED_EDGE('',*,*,#4758,.T.);
#4758 = EDGE_CURVE('',#4687,#4735,#4759,.T.);
#4759 = LINE('',#4760,#4761);
#4760 = CARTESIAN_POINT('',(-0.32,-0.32,-2.84));
#4761 = VECTOR('',#4762,1.);
#4762 = DIRECTION('',(0.,1.,0.));
#4763 = ORIENTED_EDGE('',*,*,#4742,.T.);
#4764 = ORIENTED_EDGE('',*,*,#4267,.F.);
#4765 = PLANE('',#4766);
#4766 = AXIS2_PLACEMENT_3D('',#4767,#4768,#4769);
#4767 = CARTESIAN_POINT('',(-0.32,-0.32,-3.));
#4768 = DIRECTION('',(1.,0.,0.));
#4769 = DIRECTION('',(0.,0.,1.));
#4770 = ADVANCED_FACE('',(#4771),#4796,.F.);
#4771 = FACE_BOUND('',#4772,.F.);
#4772 = EDGE_LOOP('',(#4773,#4781,#4789,#4795));
#4773 = ORIENTED_EDGE('',*,*,#4774,.F.);
#4774 = EDGE_CURVE('',#4775,#4292,#4777,.T.);
#4775 = VERTEX_POINT('',#4776);
#4776 = CARTESIAN_POINT('',(0.32,-2.86,-2.84));
#4777 = LINE('',#4778,#4779);
#4778 = CARTESIAN_POINT('',(0.32,-2.86,-3.));
#4779 = VECTOR('',#4780,1.);
#4780 = DIRECTION('',(0.,0.,1.));
#4781 = ORIENTED_EDGE('',*,*,#4782,.F.);
#4782 = EDGE_CURVE('',#4783,#4775,#4785,.T.);
#4783 = VERTEX_POINT('',#4784);
#4784 = CARTESIAN_POINT('',(-0.32,-2.86,-2.84));
#4785 = LINE('',#4786,#4787);
#4786 = CARTESIAN_POINT('',(-0.32,-2.86,-2.84));
#4787 = VECTOR('',#4788,1.);
#4788 = DIRECTION('',(1.,0.,0.));
#4789 = ORIENTED_EDGE('',*,*,#4790,.T.);
#4790 = EDGE_CURVE('',#4783,#4294,#4791,.T.);
#4791 = LINE('',#4792,#4793);
#4792 = CARTESIAN_POINT('',(-0.32,-2.86,-3.));
#4793 = VECTOR('',#4794,1.);
#4794 = DIRECTION('',(0.,0.,1.));
#4795 = ORIENTED_EDGE('',*,*,#4291,.F.);
#4796 = PLANE('',#4797);
#4797 = AXIS2_PLACEMENT_3D('',#4798,#4799,#4800);
#4798 = CARTESIAN_POINT('',(-0.32,-2.86,-3.));
#4799 = DIRECTION('',(0.,1.,0.));
#4800 = DIRECTION('',(0.,-0.,1.));
#4801 = ADVANCED_FACE('',(#4802),#4820,.T.);
#4802 = FACE_BOUND('',#4803,.T.);
#4803 = EDGE_LOOP('',(#4804,#4805,#4813,#4819));
#4804 = ORIENTED_EDGE('',*,*,#4774,.F.);
#4805 = ORIENTED_EDGE('',*,*,#4806,.T.);
#4806 = EDGE_CURVE('',#4775,#4807,#4809,.T.);
#4807 = VERTEX_POINT('',#4808);
#4808 = CARTESIAN_POINT('',(0.32,-2.22,-2.84));
#4809 = LINE('',#4810,#4811);
#4810 = CARTESIAN_POINT('',(0.32,-2.86,-2.84));
#4811 = VECTOR('',#4812,1.);
#4812 = DIRECTION('',(0.,1.,0.));
#4813 = ORIENTED_EDGE('',*,*,#4814,.T.);
#4814 = EDGE_CURVE('',#4807,#4310,#4815,.T.);
#4815 = LINE('',#4816,#4817);
#4816 = CARTESIAN_POINT('',(0.32,-2.22,-3.));
#4817 = VECTOR('',#4818,1.);
#4818 = DIRECTION('',(0.,0.,1.));
#4819 = ORIENTED_EDGE('',*,*,#4317,.F.);
#4820 = PLANE('',#4821);
#4821 = AXIS2_PLACEMENT_3D('',#4822,#4823,#4824);
#4822 = CARTESIAN_POINT('',(0.32,-2.86,-3.));
#4823 = DIRECTION('',(1.,0.,0.));
#4824 = DIRECTION('',(0.,0.,1.));
#4825 = ADVANCED_FACE('',(#4826),#4844,.T.);
#4826 = FACE_BOUND('',#4827,.T.);
#4827 = EDGE_LOOP('',(#4828,#4829,#4837,#4843));
#4828 = ORIENTED_EDGE('',*,*,#4814,.F.);
#4829 = ORIENTED_EDGE('',*,*,#4830,.F.);
#4830 = EDGE_CURVE('',#4831,#4807,#4833,.T.);
#4831 = VERTEX_POINT('',#4832);
#4832 = CARTESIAN_POINT('',(-0.32,-2.22,-2.84));
#4833 = LINE('',#4834,#4835);
#4834 = CARTESIAN_POINT('',(-0.32,-2.22,-2.84));
#4835 = VECTOR('',#4836,1.);
#4836 = DIRECTION('',(1.,0.,0.));
#4837 = ORIENTED_EDGE('',*,*,#4838,.T.);
#4838 = EDGE_CURVE('',#4831,#4302,#4839,.T.);
#4839 = LINE('',#4840,#4841);
#4840 = CARTESIAN_POINT('',(-0.32,-2.22,-3.));
#4841 = VECTOR('',#4842,1.);
#4842 = DIRECTION('',(0.,0.,1.));
#4843 = ORIENTED_EDGE('',*,*,#4309,.F.);
#4844 = PLANE('',#4845);
#4845 = AXIS2_PLACEMENT_3D('',#4846,#4847,#4848);
#4846 = CARTESIAN_POINT('',(-0.32,-2.22,-3.));
#4847 = DIRECTION('',(0.,1.,0.));
#4848 = DIRECTION('',(0.,-0.,1.));
#4849 = ADVANCED_FACE('',(#4850),#4861,.F.);
#4850 = FACE_BOUND('',#4851,.F.);
#4851 = EDGE_LOOP('',(#4852,#4853,#4859,#4860));
#4852 = ORIENTED_EDGE('',*,*,#4790,.F.);
#4853 = ORIENTED_EDGE('',*,*,#4854,.T.);
#4854 = EDGE_CURVE('',#4783,#4831,#4855,.T.);
#4855 = LINE('',#4856,#4857);
#4856 = CARTESIAN_POINT('',(-0.32,-2.86,-2.84));
#4857 = VECTOR('',#4858,1.);
#4858 = DIRECTION('',(0.,1.,0.));
#4859 = ORIENTED_EDGE('',*,*,#4838,.T.);
#4860 = ORIENTED_EDGE('',*,*,#4301,.F.);
#4861 = PLANE('',#4862);
#4862 = AXIS2_PLACEMENT_3D('',#4863,#4864,#4865);
#4863 = CARTESIAN_POINT('',(-0.32,-2.86,-3.));
#4864 = DIRECTION('',(1.,0.,0.));
#4865 = DIRECTION('',(0.,0.,1.));
#4866 = ADVANCED_FACE('',(#4867),#4892,.F.);
#4867 = FACE_BOUND('',#4868,.F.);
#4868 = EDGE_LOOP('',(#4869,#4877,#4878,#4886));
#4869 = ORIENTED_EDGE('',*,*,#4870,.F.);
#4870 = EDGE_CURVE('',#4423,#4871,#4873,.T.);
#4871 = VERTEX_POINT('',#4872);
#4872 = CARTESIAN_POINT('',(0.32,-0.32,8.38));
#4873 = LINE('',#4874,#4875);
#4874 = CARTESIAN_POINT('',(0.32,-0.32,-3.));
#4875 = VECTOR('',#4876,1.);
#4876 = DIRECTION('',(0.,0.,1.));
#4877 = ORIENTED_EDGE('',*,*,#4422,.T.);
#4878 = ORIENTED_EDGE('',*,*,#4879,.T.);
#4879 = EDGE_CURVE('',#4425,#4880,#4882,.T.);
#4880 = VERTEX_POINT('',#4881);
#4881 = CARTESIAN_POINT('',(-0.32,-0.32,8.38));
#4882 = LINE('',#4883,#4884);
#4883 = CARTESIAN_POINT('',(-0.32,-0.32,-3.));
#4884 = VECTOR('',#4885,1.);
#4885 = DIRECTION('',(0.,0.,1.));
#4886 = ORIENTED_EDGE('',*,*,#4887,.T.);
#4887 = EDGE_CURVE('',#4880,#4871,#4888,.T.);
#4888 = LINE('',#4889,#4890);
#4889 = CARTESIAN_POINT('',(-0.32,-0.32,8.38));
#4890 = VECTOR('',#4891,1.);
#4891 = DIRECTION('',(1.,0.,0.));
#4892 = PLANE('',#4893);
#4893 = AXIS2_PLACEMENT_3D('',#4894,#4895,#4896);
#4894 = CARTESIAN_POINT('',(-0.32,-0.32,-3.));
#4895 = DIRECTION('',(0.,1.,0.));
#4896 = DIRECTION('',(0.,-0.,1.));
#4897 = ADVANCED_FACE('',(#4898),#4916,.T.);
#4898 = FACE_BOUND('',#4899,.T.);
#4899 = EDGE_LOOP('',(#4900,#4901,#4902,#4910));
#4900 = ORIENTED_EDGE('',*,*,#4870,.F.);
#4901 = ORIENTED_EDGE('',*,*,#4448,.T.);
#4902 = ORIENTED_EDGE('',*,*,#4903,.T.);
#4903 = EDGE_CURVE('',#4441,#4904,#4906,.T.);
#4904 = VERTEX_POINT('',#4905);
#4905 = CARTESIAN_POINT('',(0.32,0.32,8.38));
#4906 = LINE('',#4907,#4908);
#4907 = CARTESIAN_POINT('',(0.32,0.32,-3.));
#4908 = VECTOR('',#4909,1.);
#4909 = DIRECTION('',(0.,0.,1.));
#4910 = ORIENTED_EDGE('',*,*,#4911,.F.);
#4911 = EDGE_CURVE('',#4871,#4904,#4912,.T.);
#4912 = LINE('',#4913,#4914);
#4913 = CARTESIAN_POINT('',(0.32,-0.32,8.38));
#4914 = VECTOR('',#4915,1.);
#4915 = DIRECTION('',(0.,1.,0.));
#4916 = PLANE('',#4917);
#4917 = AXIS2_PLACEMENT_3D('',#4918,#4919,#4920);
#4918 = CARTESIAN_POINT('',(0.32,-0.32,-3.));
#4919 = DIRECTION('',(1.,0.,0.));
#4920 = DIRECTION('',(0.,0.,1.));
#4921 = ADVANCED_FACE('',(#4922),#4940,.T.);
#4922 = FACE_BOUND('',#4923,.T.);
#4923 = EDGE_LOOP('',(#4924,#4925,#4926,#4934));
#4924 = ORIENTED_EDGE('',*,*,#4903,.F.);
#4925 = ORIENTED_EDGE('',*,*,#4440,.T.);
#4926 = ORIENTED_EDGE('',*,*,#4927,.T.);
#4927 = EDGE_CURVE('',#4433,#4928,#4930,.T.);
#4928 = VERTEX_POINT('',#4929);
#4929 = CARTESIAN_POINT('',(-0.32,0.32,8.38));
#4930 = LINE('',#4931,#4932);
#4931 = CARTESIAN_POINT('',(-0.32,0.32,-3.));
#4932 = VECTOR('',#4933,1.);
#4933 = DIRECTION('',(0.,0.,1.));
#4934 = ORIENTED_EDGE('',*,*,#4935,.T.);
#4935 = EDGE_CURVE('',#4928,#4904,#4936,.T.);
#4936 = LINE('',#4937,#4938);
#4937 = CARTESIAN_POINT('',(-0.32,0.32,8.38));
#4938 = VECTOR('',#4939,1.);
#4939 = DIRECTION('',(1.,0.,0.));
#4940 = PLANE('',#4941);
#4941 = AXIS2_PLACEMENT_3D('',#4942,#4943,#4944);
#4942 = CARTESIAN_POINT('',(-0.32,0.32,-3.));
#4943 = DIRECTION('',(0.,1.,0.));
#4944 = DIRECTION('',(0.,-0.,1.));
#4945 = ADVANCED_FACE('',(#4946),#4957,.F.);
#4946 = FACE_BOUND('',#4947,.F.);
#4947 = EDGE_LOOP('',(#4948,#4949,#4950,#4951));
#4948 = ORIENTED_EDGE('',*,*,#4879,.F.);
#4949 = ORIENTED_EDGE('',*,*,#4432,.T.);
#4950 = ORIENTED_EDGE('',*,*,#4927,.T.);
#4951 = ORIENTED_EDGE('',*,*,#4952,.F.);
#4952 = EDGE_CURVE('',#4880,#4928,#4953,.T.);
#4953 = LINE('',#4954,#4955);
#4954 = CARTESIAN_POINT('',(-0.32,-0.32,8.38));
#4955 = VECTOR('',#4956,1.);
#4956 = DIRECTION('',(0.,1.,0.));
#4957 = PLANE('',#4958);
#4958 = AXIS2_PLACEMENT_3D('',#4959,#4960,#4961);
#4959 = CARTESIAN_POINT('',(-0.32,-0.32,-3.));
#4960 = DIRECTION('',(1.,0.,0.));
#4961 = DIRECTION('',(0.,0.,1.));
#4962 = ADVANCED_FACE('',(#4963),#4988,.F.);
#4963 = FACE_BOUND('',#4964,.F.);
#4964 = EDGE_LOOP('',(#4965,#4973,#4974,#4982));
#4965 = ORIENTED_EDGE('',*,*,#4966,.F.);
#4966 = EDGE_CURVE('',#4457,#4967,#4969,.T.);
#4967 = VERTEX_POINT('',#4968);
#4968 = CARTESIAN_POINT('',(0.32,-2.86,8.38));
#4969 = LINE('',#4970,#4971);
#4970 = CARTESIAN_POINT('',(0.32,-2.86,-3.));
#4971 = VECTOR('',#4972,1.);
#4972 = DIRECTION('',(0.,0.,1.));
#4973 = ORIENTED_EDGE('',*,*,#4456,.T.);
#4974 = ORIENTED_EDGE('',*,*,#4975,.T.);
#4975 = EDGE_CURVE('',#4459,#4976,#4978,.T.);
#4976 = VERTEX_POINT('',#4977);
#4977 = CARTESIAN_POINT('',(-0.32,-2.86,8.38));
#4978 = LINE('',#4979,#4980);
#4979 = CARTESIAN_POINT('',(-0.32,-2.86,-3.));
#4980 = VECTOR('',#4981,1.);
#4981 = DIRECTION('',(0.,0.,1.));
#4982 = ORIENTED_EDGE('',*,*,#4983,.T.);
#4983 = EDGE_CURVE('',#4976,#4967,#4984,.T.);
#4984 = LINE('',#4985,#4986);
#4985 = CARTESIAN_POINT('',(-0.32,-2.86,8.38));
#4986 = VECTOR('',#4987,1.);
#4987 = DIRECTION('',(1.,0.,0.));
#4988 = PLANE('',#4989);
#4989 = AXIS2_PLACEMENT_3D('',#4990,#4991,#4992);
#4990 = CARTESIAN_POINT('',(-0.32,-2.86,-3.));
#4991 = DIRECTION('',(0.,1.,0.));
#4992 = DIRECTION('',(0.,-0.,1.));
#4993 = ADVANCED_FACE('',(#4994),#5012,.T.);
#4994 = FACE_BOUND('',#4995,.T.);
#4995 = EDGE_LOOP('',(#4996,#4997,#4998,#5006));
#4996 = ORIENTED_EDGE('',*,*,#4966,.F.);
#4997 = ORIENTED_EDGE('',*,*,#4482,.T.);
#4998 = ORIENTED_EDGE('',*,*,#4999,.T.);
#4999 = EDGE_CURVE('',#4475,#5000,#5002,.T.);
#5000 = VERTEX_POINT('',#5001);
#5001 = CARTESIAN_POINT('',(0.32,-2.22,8.38));
#5002 = LINE('',#5003,#5004);
#5003 = CARTESIAN_POINT('',(0.32,-2.22,-3.));
#5004 = VECTOR('',#5005,1.);
#5005 = DIRECTION('',(0.,0.,1.));
#5006 = ORIENTED_EDGE('',*,*,#5007,.F.);
#5007 = EDGE_CURVE('',#4967,#5000,#5008,.T.);
#5008 = LINE('',#5009,#5010);
#5009 = CARTESIAN_POINT('',(0.32,-2.86,8.38));
#5010 = VECTOR('',#5011,1.);
#5011 = DIRECTION('',(0.,1.,0.));
#5012 = PLANE('',#5013);
#5013 = AXIS2_PLACEMENT_3D('',#5014,#5015,#5016);
#5014 = CARTESIAN_POINT('',(0.32,-2.86,-3.));
#5015 = DIRECTION('',(1.,0.,0.));
#5016 = DIRECTION('',(0.,0.,1.));
#5017 = ADVANCED_FACE('',(#5018),#5036,.T.);
#5018 = FACE_BOUND('',#5019,.T.);
#5019 = EDGE_LOOP('',(#5020,#5021,#5022,#5030));
#5020 = ORIENTED_EDGE('',*,*,#4999,.F.);
#5021 = ORIENTED_EDGE('',*,*,#4474,.T.);
#5022 = ORIENTED_EDGE('',*,*,#5023,.T.);
#5023 = EDGE_CURVE('',#4467,#5024,#5026,.T.);
#5024 = VERTEX_POINT('',#5025);
#5025 = CARTESIAN_POINT('',(-0.32,-2.22,8.38));
#5026 = LINE('',#5027,#5028);
#5027 = CARTESIAN_POINT('',(-0.32,-2.22,-3.));
#5028 = VECTOR('',#5029,1.);
#5029 = DIRECTION('',(0.,0.,1.));
#5030 = ORIENTED_EDGE('',*,*,#5031,.T.);
#5031 = EDGE_CURVE('',#5024,#5000,#5032,.T.);
#5032 = LINE('',#5033,#5034);
#5033 = CARTESIAN_POINT('',(-0.32,-2.22,8.38));
#5034 = VECTOR('',#5035,1.);
#5035 = DIRECTION('',(1.,0.,0.));
#5036 = PLANE('',#5037);
#5037 = AXIS2_PLACEMENT_3D('',#5038,#5039,#5040);
#5038 = CARTESIAN_POINT('',(-0.32,-2.22,-3.));
#5039 = DIRECTION('',(0.,1.,0.));
#5040 = DIRECTION('',(0.,-0.,1.));
#5041 = ADVANCED_FACE('',(#5042),#5053,.F.);
#5042 = FACE_BOUND('',#5043,.F.);
#5043 = EDGE_LOOP('',(#5044,#5045,#5046,#5047));
#5044 = ORIENTED_EDGE('',*,*,#4975,.F.);
#5045 = ORIENTED_EDGE('',*,*,#4466,.T.);
#5046 = ORIENTED_EDGE('',*,*,#5023,.T.);
#5047 = ORIENTED_EDGE('',*,*,#5048,.F.);
#5048 = EDGE_CURVE('',#4976,#5024,#5049,.T.);
#5049 = LINE('',#5050,#5051);
#5050 = CARTESIAN_POINT('',(-0.32,-2.86,8.38));
#5051 = VECTOR('',#5052,1.);
#5052 = DIRECTION('',(0.,1.,0.));
#5053 = PLANE('',#5054);
#5054 = AXIS2_PLACEMENT_3D('',#5055,#5056,#5057);
#5055 = CARTESIAN_POINT('',(-0.32,-2.86,-3.));
#5056 = DIRECTION('',(1.,0.,0.));
#5057 = DIRECTION('',(0.,0.,1.));
#5058 = ADVANCED_FACE('',(#5059),#5084,.T.);
#5059 = FACE_BOUND('',#5060,.F.);
#5060 = EDGE_LOOP('',(#5061,#5069,#5070,#5078));
#5061 = ORIENTED_EDGE('',*,*,#5062,.F.);
#5062 = EDGE_CURVE('',#4687,#5063,#5065,.T.);
#5063 = VERTEX_POINT('',#5064);
#5064 = CARTESIAN_POINT('',(-0.16,-0.16,-3.));
#5065 = LINE('',#5066,#5067);
#5066 = CARTESIAN_POINT('',(-0.266666666667,-0.266666666667,
    -2.893333333333));
#5067 = VECTOR('',#5068,1.);
#5068 = DIRECTION('',(0.57735026919,0.57735026919,-0.57735026919));
#5069 = ORIENTED_EDGE('',*,*,#4686,.T.);
#5070 = ORIENTED_EDGE('',*,*,#5071,.T.);
#5071 = EDGE_CURVE('',#4679,#5072,#5074,.T.);
#5072 = VERTEX_POINT('',#5073);
#5073 = CARTESIAN_POINT('',(0.16,-0.16,-3.));
#5074 = LINE('',#5075,#5076);
#5075 = CARTESIAN_POINT('',(0.16,-0.16,-3.));
#5076 = VECTOR('',#5077,1.);
#5077 = DIRECTION('',(-0.57735026919,0.57735026919,-0.57735026919));
#5078 = ORIENTED_EDGE('',*,*,#5079,.F.);
#5079 = EDGE_CURVE('',#5063,#5072,#5080,.T.);
#5080 = LINE('',#5081,#5082);
#5081 = CARTESIAN_POINT('',(-0.32,-0.16,-3.));
#5082 = VECTOR('',#5083,1.);
#5083 = DIRECTION('',(1.,0.,0.));
#5084 = PLANE('',#5085);
#5085 = AXIS2_PLACEMENT_3D('',#5086,#5087,#5088);
#5086 = CARTESIAN_POINT('',(-0.32,-0.24,-2.92));
#5087 = DIRECTION('',(1.735167508357E-18,-0.707106781187,-0.707106781187
    ));
#5088 = DIRECTION('',(-1.,-1.226948711654E-18,-1.226948711654E-18));
#5089 = ADVANCED_FACE('',(#5090),#5108,.F.);
#5090 = FACE_BOUND('',#5091,.F.);
#5091 = EDGE_LOOP('',(#5092,#5093,#5094,#5102));
#5092 = ORIENTED_EDGE('',*,*,#5071,.F.);
#5093 = ORIENTED_EDGE('',*,*,#4710,.T.);
#5094 = ORIENTED_EDGE('',*,*,#5095,.T.);
#5095 = EDGE_CURVE('',#4711,#5096,#5098,.T.);
#5096 = VERTEX_POINT('',#5097);
#5097 = CARTESIAN_POINT('',(0.16,0.16,-3.));
#5098 = LINE('',#5099,#5100);
#5099 = CARTESIAN_POINT('',(5.333333333333E-02,5.333333333333E-02,
    -3.106666666667));
#5100 = VECTOR('',#5101,1.);
#5101 = DIRECTION('',(-0.57735026919,-0.57735026919,-0.57735026919));
#5102 = ORIENTED_EDGE('',*,*,#5103,.F.);
#5103 = EDGE_CURVE('',#5072,#5096,#5104,.T.);
#5104 = LINE('',#5105,#5106);
#5105 = CARTESIAN_POINT('',(0.16,-0.32,-3.));
#5106 = VECTOR('',#5107,1.);
#5107 = DIRECTION('',(0.,1.,0.));
#5108 = PLANE('',#5109);
#5109 = AXIS2_PLACEMENT_3D('',#5110,#5111,#5112);
#5110 = CARTESIAN_POINT('',(0.24,-0.32,-2.92));
#5111 = DIRECTION('',(-0.707106781187,1.735167508357E-18,0.707106781187)
  );
#5112 = DIRECTION('',(1.226948711654E-18,1.,-1.226948711654E-18));
#5113 = ADVANCED_FACE('',(#5114),#5132,.F.);
#5114 = FACE_BOUND('',#5115,.T.);
#5115 = EDGE_LOOP('',(#5116,#5124,#5125,#5126));
#5116 = ORIENTED_EDGE('',*,*,#5117,.F.);
#5117 = EDGE_CURVE('',#4735,#5118,#5120,.T.);
#5118 = VERTEX_POINT('',#5119);
#5119 = CARTESIAN_POINT('',(-0.16,0.16,-3.));
#5120 = LINE('',#5121,#5122);
#5121 = CARTESIAN_POINT('',(-0.16,0.16,-3.));
#5122 = VECTOR('',#5123,1.);
#5123 = DIRECTION('',(0.57735026919,-0.57735026919,-0.57735026919));
#5124 = ORIENTED_EDGE('',*,*,#4734,.T.);
#5125 = ORIENTED_EDGE('',*,*,#5095,.T.);
#5126 = ORIENTED_EDGE('',*,*,#5127,.F.);
#5127 = EDGE_CURVE('',#5118,#5096,#5128,.T.);
#5128 = LINE('',#5129,#5130);
#5129 = CARTESIAN_POINT('',(-0.32,0.16,-3.));
#5130 = VECTOR('',#5131,1.);
#5131 = DIRECTION('',(1.,0.,0.));
#5132 = PLANE('',#5133);
#5133 = AXIS2_PLACEMENT_3D('',#5134,#5135,#5136);
#5134 = CARTESIAN_POINT('',(-0.32,0.24,-2.92));
#5135 = DIRECTION('',(-1.735167508357E-18,-0.707106781187,0.707106781187
    ));
#5136 = DIRECTION('',(-1.,1.226948711654E-18,-1.226948711654E-18));
#5137 = ADVANCED_FACE('',(#5138),#5149,.T.);
#5138 = FACE_BOUND('',#5139,.T.);
#5139 = EDGE_LOOP('',(#5140,#5141,#5142,#5143));
#5140 = ORIENTED_EDGE('',*,*,#5062,.F.);
#5141 = ORIENTED_EDGE('',*,*,#4758,.T.);
#5142 = ORIENTED_EDGE('',*,*,#5117,.T.);
#5143 = ORIENTED_EDGE('',*,*,#5144,.F.);
#5144 = EDGE_CURVE('',#5063,#5118,#5145,.T.);
#5145 = LINE('',#5146,#5147);
#5146 = CARTESIAN_POINT('',(-0.16,-0.32,-3.));
#5147 = VECTOR('',#5148,1.);
#5148 = DIRECTION('',(0.,1.,0.));
#5149 = PLANE('',#5150);
#5150 = AXIS2_PLACEMENT_3D('',#5151,#5152,#5153);
#5151 = CARTESIAN_POINT('',(-0.24,-0.32,-2.92));
#5152 = DIRECTION('',(-0.707106781187,-1.735167508357E-18,
    -0.707106781187));
#5153 = DIRECTION('',(-1.226948711654E-18,1.,-1.226948711654E-18));
#5154 = ADVANCED_FACE('',(#5155),#5180,.T.);
#5155 = FACE_BOUND('',#5156,.F.);
#5156 = EDGE_LOOP('',(#5157,#5165,#5166,#5174));
#5157 = ORIENTED_EDGE('',*,*,#5158,.F.);
#5158 = EDGE_CURVE('',#4783,#5159,#5161,.T.);
#5159 = VERTEX_POINT('',#5160);
#5160 = CARTESIAN_POINT('',(-0.16,-2.7,-3.));
#5161 = LINE('',#5162,#5163);
#5162 = CARTESIAN_POINT('',(-0.266666666667,-2.806666666667,
    -2.893333333333));
#5163 = VECTOR('',#5164,1.);
#5164 = DIRECTION('',(0.57735026919,0.57735026919,-0.57735026919));
#5165 = ORIENTED_EDGE('',*,*,#4782,.T.);
#5166 = ORIENTED_EDGE('',*,*,#5167,.T.);
#5167 = EDGE_CURVE('',#4775,#5168,#5170,.T.);
#5168 = VERTEX_POINT('',#5169);
#5169 = CARTESIAN_POINT('',(0.16,-2.7,-3.));
#5170 = LINE('',#5171,#5172);
#5171 = CARTESIAN_POINT('',(0.16,-2.7,-3.));
#5172 = VECTOR('',#5173,1.);
#5173 = DIRECTION('',(-0.57735026919,0.57735026919,-0.57735026919));
#5174 = ORIENTED_EDGE('',*,*,#5175,.F.);
#5175 = EDGE_CURVE('',#5159,#5168,#5176,.T.);
#5176 = LINE('',#5177,#5178);
#5177 = CARTESIAN_POINT('',(-0.32,-2.7,-3.));
#5178 = VECTOR('',#5179,1.);
#5179 = DIRECTION('',(1.,0.,0.));
#5180 = PLANE('',#5181);
#5181 = AXIS2_PLACEMENT_3D('',#5182,#5183,#5184);
#5182 = CARTESIAN_POINT('',(-0.32,-2.78,-2.92));
#5183 = DIRECTION('',(1.735167508357E-18,-0.707106781187,-0.707106781187
    ));
#5184 = DIRECTION('',(-1.,-1.226948711654E-18,-1.226948711654E-18));
#5185 = ADVANCED_FACE('',(#5186),#5204,.F.);
#5186 = FACE_BOUND('',#5187,.F.);
#5187 = EDGE_LOOP('',(#5188,#5189,#5190,#5198));
#5188 = ORIENTED_EDGE('',*,*,#5167,.F.);
#5189 = ORIENTED_EDGE('',*,*,#4806,.T.);
#5190 = ORIENTED_EDGE('',*,*,#5191,.T.);
#5191 = EDGE_CURVE('',#4807,#5192,#5194,.T.);
#5192 = VERTEX_POINT('',#5193);
#5193 = CARTESIAN_POINT('',(0.16,-2.38,-3.));
#5194 = LINE('',#5195,#5196);
#5195 = CARTESIAN_POINT('',(5.333333333333E-02,-2.486666666667,
    -3.106666666667));
#5196 = VECTOR('',#5197,1.);
#5197 = DIRECTION('',(-0.57735026919,-0.57735026919,-0.57735026919));
#5198 = ORIENTED_EDGE('',*,*,#5199,.F.);
#5199 = EDGE_CURVE('',#5168,#5192,#5200,.T.);
#5200 = LINE('',#5201,#5202);
#5201 = CARTESIAN_POINT('',(0.16,-2.86,-3.));
#5202 = VECTOR('',#5203,1.);
#5203 = DIRECTION('',(0.,1.,0.));
#5204 = PLANE('',#5205);
#5205 = AXIS2_PLACEMENT_3D('',#5206,#5207,#5208);
#5206 = CARTESIAN_POINT('',(0.24,-2.86,-2.92));
#5207 = DIRECTION('',(-0.707106781187,1.735167508357E-18,0.707106781187)
  );
#5208 = DIRECTION('',(1.226948711654E-18,1.,-1.226948711654E-18));
#5209 = ADVANCED_FACE('',(#5210),#5228,.F.);
#5210 = FACE_BOUND('',#5211,.T.);
#5211 = EDGE_LOOP('',(#5212,#5220,#5221,#5222));
#5212 = ORIENTED_EDGE('',*,*,#5213,.F.);
#5213 = EDGE_CURVE('',#4831,#5214,#5216,.T.);
#5214 = VERTEX_POINT('',#5215);
#5215 = CARTESIAN_POINT('',(-0.16,-2.38,-3.));
#5216 = LINE('',#5217,#5218);
#5217 = CARTESIAN_POINT('',(-0.16,-2.38,-3.));
#5218 = VECTOR('',#5219,1.);
#5219 = DIRECTION('',(0.57735026919,-0.57735026919,-0.57735026919));
#5220 = ORIENTED_EDGE('',*,*,#4830,.T.);
#5221 = ORIENTED_EDGE('',*,*,#5191,.T.);
#5222 = ORIENTED_EDGE('',*,*,#5223,.F.);
#5223 = EDGE_CURVE('',#5214,#5192,#5224,.T.);
#5224 = LINE('',#5225,#5226);
#5225 = CARTESIAN_POINT('',(-0.32,-2.38,-3.));
#5226 = VECTOR('',#5227,1.);
#5227 = DIRECTION('',(1.,0.,0.));
#5228 = PLANE('',#5229);
#5229 = AXIS2_PLACEMENT_3D('',#5230,#5231,#5232);
#5230 = CARTESIAN_POINT('',(-0.32,-2.3,-2.92));
#5231 = DIRECTION('',(-1.735167508357E-18,-0.707106781187,0.707106781187
    ));
#5232 = DIRECTION('',(-1.,1.226948711654E-18,-1.226948711654E-18));
#5233 = ADVANCED_FACE('',(#5234),#5245,.T.);
#5234 = FACE_BOUND('',#5235,.T.);
#5235 = EDGE_LOOP('',(#5236,#5237,#5238,#5239));
#5236 = ORIENTED_EDGE('',*,*,#5158,.F.);
#5237 = ORIENTED_EDGE('',*,*,#4854,.T.);
#5238 = ORIENTED_EDGE('',*,*,#5213,.T.);
#5239 = ORIENTED_EDGE('',*,*,#5240,.F.);
#5240 = EDGE_CURVE('',#5159,#5214,#5241,.T.);
#5241 = LINE('',#5242,#5243);
#5242 = CARTESIAN_POINT('',(-0.16,-2.86,-3.));
#5243 = VECTOR('',#5244,1.);
#5244 = DIRECTION('',(0.,1.,0.));
#5245 = PLANE('',#5246);
#5246 = AXIS2_PLACEMENT_3D('',#5247,#5248,#5249);
#5247 = CARTESIAN_POINT('',(-0.24,-2.86,-2.92));
#5248 = DIRECTION('',(-0.707106781187,-1.735167508357E-18,
    -0.707106781187));
#5249 = DIRECTION('',(-1.226948711654E-18,1.,-1.226948711654E-18));
#5250 = ADVANCED_FACE('',(#5251),#5276,.F.);
#5251 = FACE_BOUND('',#5252,.T.);
#5252 = EDGE_LOOP('',(#5253,#5261,#5262,#5270));
#5253 = ORIENTED_EDGE('',*,*,#5254,.F.);
#5254 = EDGE_CURVE('',#4880,#5255,#5257,.T.);
#5255 = VERTEX_POINT('',#5256);
#5256 = CARTESIAN_POINT('',(-0.16,-0.16,8.54));
#5257 = LINE('',#5258,#5259);
#5258 = CARTESIAN_POINT('',(-0.266666666667,-0.266666666667,
    8.433333333333));
#5259 = VECTOR('',#5260,1.);
#5260 = DIRECTION('',(0.57735026919,0.57735026919,0.57735026919));
#5261 = ORIENTED_EDGE('',*,*,#4887,.T.);
#5262 = ORIENTED_EDGE('',*,*,#5263,.T.);
#5263 = EDGE_CURVE('',#4871,#5264,#5266,.T.);
#5264 = VERTEX_POINT('',#5265);
#5265 = CARTESIAN_POINT('',(0.16,-0.16,8.54));
#5266 = LINE('',#5267,#5268);
#5267 = CARTESIAN_POINT('',(0.16,-0.16,8.54));
#5268 = VECTOR('',#5269,1.);
#5269 = DIRECTION('',(-0.57735026919,0.57735026919,0.57735026919));
#5270 = ORIENTED_EDGE('',*,*,#5271,.F.);
#5271 = EDGE_CURVE('',#5255,#5264,#5272,.T.);
#5272 = LINE('',#5273,#5274);
#5273 = CARTESIAN_POINT('',(-0.32,-0.16,8.54));
#5274 = VECTOR('',#5275,1.);
#5275 = DIRECTION('',(1.,0.,0.));
#5276 = PLANE('',#5277);
#5277 = AXIS2_PLACEMENT_3D('',#5278,#5279,#5280);
#5278 = CARTESIAN_POINT('',(-0.32,-0.24,8.46));
#5279 = DIRECTION('',(-1.735167508357E-18,0.707106781187,-0.707106781187
    ));
#5280 = DIRECTION('',(-1.,-1.226948711654E-18,1.226948711654E-18));
#5281 = ADVANCED_FACE('',(#5282),#5300,.T.);
#5282 = FACE_BOUND('',#5283,.T.);
#5283 = EDGE_LOOP('',(#5284,#5285,#5286,#5294));
#5284 = ORIENTED_EDGE('',*,*,#5263,.F.);
#5285 = ORIENTED_EDGE('',*,*,#4911,.T.);
#5286 = ORIENTED_EDGE('',*,*,#5287,.T.);
#5287 = EDGE_CURVE('',#4904,#5288,#5290,.T.);
#5288 = VERTEX_POINT('',#5289);
#5289 = CARTESIAN_POINT('',(0.16,0.16,8.54));
#5290 = LINE('',#5291,#5292);
#5291 = CARTESIAN_POINT('',(5.333333333333E-02,5.333333333333E-02,
    8.646666666667));
#5292 = VECTOR('',#5293,1.);
#5293 = DIRECTION('',(-0.57735026919,-0.57735026919,0.57735026919));
#5294 = ORIENTED_EDGE('',*,*,#5295,.F.);
#5295 = EDGE_CURVE('',#5264,#5288,#5296,.T.);
#5296 = LINE('',#5297,#5298);
#5297 = CARTESIAN_POINT('',(0.16,-0.32,8.54));
#5298 = VECTOR('',#5299,1.);
#5299 = DIRECTION('',(0.,1.,0.));
#5300 = PLANE('',#5301);
#5301 = AXIS2_PLACEMENT_3D('',#5302,#5303,#5304);
#5302 = CARTESIAN_POINT('',(0.24,-0.32,8.46));
#5303 = DIRECTION('',(0.707106781187,-1.735167508357E-18,0.707106781187)
  );
#5304 = DIRECTION('',(1.226948711654E-18,1.,1.226948711654E-18));
#5305 = ADVANCED_FACE('',(#5306),#5324,.T.);
#5306 = FACE_BOUND('',#5307,.F.);
#5307 = EDGE_LOOP('',(#5308,#5316,#5317,#5318));
#5308 = ORIENTED_EDGE('',*,*,#5309,.F.);
#5309 = EDGE_CURVE('',#4928,#5310,#5312,.T.);
#5310 = VERTEX_POINT('',#5311);
#5311 = CARTESIAN_POINT('',(-0.16,0.16,8.54));
#5312 = LINE('',#5313,#5314);
#5313 = CARTESIAN_POINT('',(-0.16,0.16,8.54));
#5314 = VECTOR('',#5315,1.);
#5315 = DIRECTION('',(0.57735026919,-0.57735026919,0.57735026919));
#5316 = ORIENTED_EDGE('',*,*,#4935,.T.);
#5317 = ORIENTED_EDGE('',*,*,#5287,.T.);
#5318 = ORIENTED_EDGE('',*,*,#5319,.F.);
#5319 = EDGE_CURVE('',#5310,#5288,#5320,.T.);
#5320 = LINE('',#5321,#5322);
#5321 = CARTESIAN_POINT('',(-0.32,0.16,8.54));
#5322 = VECTOR('',#5323,1.);
#5323 = DIRECTION('',(1.,0.,0.));
#5324 = PLANE('',#5325);
#5325 = AXIS2_PLACEMENT_3D('',#5326,#5327,#5328);
#5326 = CARTESIAN_POINT('',(-0.32,0.24,8.46));
#5327 = DIRECTION('',(1.735167508357E-18,0.707106781187,0.707106781187)
  );
#5328 = DIRECTION('',(-1.,1.226948711654E-18,1.226948711654E-18));
#5329 = ADVANCED_FACE('',(#5330),#5341,.F.);
#5330 = FACE_BOUND('',#5331,.F.);
#5331 = EDGE_LOOP('',(#5332,#5333,#5334,#5335));
#5332 = ORIENTED_EDGE('',*,*,#5254,.F.);
#5333 = ORIENTED_EDGE('',*,*,#4952,.T.);
#5334 = ORIENTED_EDGE('',*,*,#5309,.T.);
#5335 = ORIENTED_EDGE('',*,*,#5336,.F.);
#5336 = EDGE_CURVE('',#5255,#5310,#5337,.T.);
#5337 = LINE('',#5338,#5339);
#5338 = CARTESIAN_POINT('',(-0.16,-0.32,8.54));
#5339 = VECTOR('',#5340,1.);
#5340 = DIRECTION('',(0.,1.,0.));
#5341 = PLANE('',#5342);
#5342 = AXIS2_PLACEMENT_3D('',#5343,#5344,#5345);
#5343 = CARTESIAN_POINT('',(-0.24,-0.32,8.46));
#5344 = DIRECTION('',(0.707106781187,1.735167508357E-18,-0.707106781187)
  );
#5345 = DIRECTION('',(-1.226948711654E-18,1.,1.226948711654E-18));
#5346 = ADVANCED_FACE('',(#5347),#5372,.F.);
#5347 = FACE_BOUND('',#5348,.T.);
#5348 = EDGE_LOOP('',(#5349,#5357,#5358,#5366));
#5349 = ORIENTED_EDGE('',*,*,#5350,.F.);
#5350 = EDGE_CURVE('',#4976,#5351,#5353,.T.);
#5351 = VERTEX_POINT('',#5352);
#5352 = CARTESIAN_POINT('',(-0.16,-2.7,8.54));
#5353 = LINE('',#5354,#5355);
#5354 = CARTESIAN_POINT('',(-0.266666666667,-2.806666666667,
    8.433333333333));
#5355 = VECTOR('',#5356,1.);
#5356 = DIRECTION('',(0.57735026919,0.57735026919,0.57735026919));
#5357 = ORIENTED_EDGE('',*,*,#4983,.T.);
#5358 = ORIENTED_EDGE('',*,*,#5359,.T.);
#5359 = EDGE_CURVE('',#4967,#5360,#5362,.T.);
#5360 = VERTEX_POINT('',#5361);
#5361 = CARTESIAN_POINT('',(0.16,-2.7,8.54));
#5362 = LINE('',#5363,#5364);
#5363 = CARTESIAN_POINT('',(0.16,-2.7,8.54));
#5364 = VECTOR('',#5365,1.);
#5365 = DIRECTION('',(-0.57735026919,0.57735026919,0.57735026919));
#5366 = ORIENTED_EDGE('',*,*,#5367,.F.);
#5367 = EDGE_CURVE('',#5351,#5360,#5368,.T.);
#5368 = LINE('',#5369,#5370);
#5369 = CARTESIAN_POINT('',(-0.32,-2.7,8.54));
#5370 = VECTOR('',#5371,1.);
#5371 = DIRECTION('',(1.,0.,0.));
#5372 = PLANE('',#5373);
#5373 = AXIS2_PLACEMENT_3D('',#5374,#5375,#5376);
#5374 = CARTESIAN_POINT('',(-0.32,-2.78,8.46));
#5375 = DIRECTION('',(-1.735167508357E-18,0.707106781187,-0.707106781187
    ));
#5376 = DIRECTION('',(-1.,-1.226948711654E-18,1.226948711654E-18));
#5377 = ADVANCED_FACE('',(#5378),#5396,.T.);
#5378 = FACE_BOUND('',#5379,.T.);
#5379 = EDGE_LOOP('',(#5380,#5381,#5382,#5390));
#5380 = ORIENTED_EDGE('',*,*,#5359,.F.);
#5381 = ORIENTED_EDGE('',*,*,#5007,.T.);
#5382 = ORIENTED_EDGE('',*,*,#5383,.T.);
#5383 = EDGE_CURVE('',#5000,#5384,#5386,.T.);
#5384 = VERTEX_POINT('',#5385);
#5385 = CARTESIAN_POINT('',(0.16,-2.38,8.54));
#5386 = LINE('',#5387,#5388);
#5387 = CARTESIAN_POINT('',(5.333333333333E-02,-2.486666666667,
    8.646666666667));
#5388 = VECTOR('',#5389,1.);
#5389 = DIRECTION('',(-0.57735026919,-0.57735026919,0.57735026919));
#5390 = ORIENTED_EDGE('',*,*,#5391,.F.);
#5391 = EDGE_CURVE('',#5360,#5384,#5392,.T.);
#5392 = LINE('',#5393,#5394);
#5393 = CARTESIAN_POINT('',(0.16,-2.86,8.54));
#5394 = VECTOR('',#5395,1.);
#5395 = DIRECTION('',(0.,1.,0.));
#5396 = PLANE('',#5397);
#5397 = AXIS2_PLACEMENT_3D('',#5398,#5399,#5400);
#5398 = CARTESIAN_POINT('',(0.24,-2.86,8.46));
#5399 = DIRECTION('',(0.707106781187,-1.735167508357E-18,0.707106781187)
  );
#5400 = DIRECTION('',(1.226948711654E-18,1.,1.226948711654E-18));
#5401 = ADVANCED_FACE('',(#5402),#5420,.T.);
#5402 = FACE_BOUND('',#5403,.F.);
#5403 = EDGE_LOOP('',(#5404,#5412,#5413,#5414));
#5404 = ORIENTED_EDGE('',*,*,#5405,.F.);
#5405 = EDGE_CURVE('',#5024,#5406,#5408,.T.);
#5406 = VERTEX_POINT('',#5407);
#5407 = CARTESIAN_POINT('',(-0.16,-2.38,8.54));
#5408 = LINE('',#5409,#5410);
#5409 = CARTESIAN_POINT('',(-0.16,-2.38,8.54));
#5410 = VECTOR('',#5411,1.);
#5411 = DIRECTION('',(0.57735026919,-0.57735026919,0.57735026919));
#5412 = ORIENTED_EDGE('',*,*,#5031,.T.);
#5413 = ORIENTED_EDGE('',*,*,#5383,.T.);
#5414 = ORIENTED_EDGE('',*,*,#5415,.F.);
#5415 = EDGE_CURVE('',#5406,#5384,#5416,.T.);
#5416 = LINE('',#5417,#5418);
#5417 = CARTESIAN_POINT('',(-0.32,-2.38,8.54));
#5418 = VECTOR('',#5419,1.);
#5419 = DIRECTION('',(1.,0.,0.));
#5420 = PLANE('',#5421);
#5421 = AXIS2_PLACEMENT_3D('',#5422,#5423,#5424);
#5422 = CARTESIAN_POINT('',(-0.32,-2.3,8.46));
#5423 = DIRECTION('',(1.735167508357E-18,0.707106781187,0.707106781187)
  );
#5424 = DIRECTION('',(-1.,1.226948711654E-18,1.226948711654E-18));
#5425 = ADVANCED_FACE('',(#5426),#5437,.F.);
#5426 = FACE_BOUND('',#5427,.F.);
#5427 = EDGE_LOOP('',(#5428,#5429,#5430,#5431));
#5428 = ORIENTED_EDGE('',*,*,#5350,.F.);
#5429 = ORIENTED_EDGE('',*,*,#5048,.T.);
#5430 = ORIENTED_EDGE('',*,*,#5405,.T.);
#5431 = ORIENTED_EDGE('',*,*,#5432,.F.);
#5432 = EDGE_CURVE('',#5351,#5406,#5433,.T.);
#5433 = LINE('',#5434,#5435);
#5434 = CARTESIAN_POINT('',(-0.16,-2.86,8.54));
#5435 = VECTOR('',#5436,1.);
#5436 = DIRECTION('',(0.,1.,0.));
#5437 = PLANE('',#5438);
#5438 = AXIS2_PLACEMENT_3D('',#5439,#5440,#5441);
#5439 = CARTESIAN_POINT('',(-0.24,-2.86,8.46));
#5440 = DIRECTION('',(0.707106781187,1.735167508357E-18,-0.707106781187)
  );
#5441 = DIRECTION('',(-1.226948711654E-18,1.,1.226948711654E-18));
#5442 = ADVANCED_FACE('',(#5443),#5449,.F.);
#5443 = FACE_BOUND('',#5444,.F.);
#5444 = EDGE_LOOP('',(#5445,#5446,#5447,#5448));
#5445 = ORIENTED_EDGE('',*,*,#5144,.F.);
#5446 = ORIENTED_EDGE('',*,*,#5079,.T.);
#5447 = ORIENTED_EDGE('',*,*,#5103,.T.);
#5448 = ORIENTED_EDGE('',*,*,#5127,.F.);
#5449 = PLANE('',#5450);
#5450 = AXIS2_PLACEMENT_3D('',#5451,#5452,#5453);
#5451 = CARTESIAN_POINT('',(-0.32,-0.32,-3.));
#5452 = DIRECTION('',(0.,0.,1.));
#5453 = DIRECTION('',(1.,0.,-0.));
#5454 = ADVANCED_FACE('',(#5455),#5461,.F.);
#5455 = FACE_BOUND('',#5456,.F.);
#5456 = EDGE_LOOP('',(#5457,#5458,#5459,#5460));
#5457 = ORIENTED_EDGE('',*,*,#5240,.F.);
#5458 = ORIENTED_EDGE('',*,*,#5175,.T.);
#5459 = ORIENTED_EDGE('',*,*,#5199,.T.);
#5460 = ORIENTED_EDGE('',*,*,#5223,.F.);
#5461 = PLANE('',#5462);
#5462 = AXIS2_PLACEMENT_3D('',#5463,#5464,#5465);
#5463 = CARTESIAN_POINT('',(-0.32,-2.86,-3.));
#5464 = DIRECTION('',(0.,0.,1.));
#5465 = DIRECTION('',(1.,0.,-0.));
#5466 = ADVANCED_FACE('',(#5467),#5473,.T.);
#5467 = FACE_BOUND('',#5468,.T.);
#5468 = EDGE_LOOP('',(#5469,#5470,#5471,#5472));
#5469 = ORIENTED_EDGE('',*,*,#5319,.F.);
#5470 = ORIENTED_EDGE('',*,*,#5336,.F.);
#5471 = ORIENTED_EDGE('',*,*,#5271,.T.);
#5472 = ORIENTED_EDGE('',*,*,#5295,.T.);
#5473 = PLANE('',#5474);
#5474 = AXIS2_PLACEMENT_3D('',#5475,#5476,#5477);
#5475 = CARTESIAN_POINT('',(-0.32,-0.32,8.54));
#5476 = DIRECTION('',(0.,0.,1.));
#5477 = DIRECTION('',(1.,0.,-0.));
#5478 = ADVANCED_FACE('',(#5479),#5485,.T.);
#5479 = FACE_BOUND('',#5480,.T.);
#5480 = EDGE_LOOP('',(#5481,#5482,#5483,#5484));
#5481 = ORIENTED_EDGE('',*,*,#5415,.F.);
#5482 = ORIENTED_EDGE('',*,*,#5432,.F.);
#5483 = ORIENTED_EDGE('',*,*,#5367,.T.);
#5484 = ORIENTED_EDGE('',*,*,#5391,.T.);
#5485 = PLANE('',#5486);
#5486 = AXIS2_PLACEMENT_3D('',#5487,#5488,#5489);
#5487 = CARTESIAN_POINT('',(-0.32,-2.86,8.54));
#5488 = DIRECTION('',(0.,0.,1.));
#5489 = DIRECTION('',(1.,0.,-0.));
#5490 = ( GEOMETRIC_REPRESENTATION_CONTEXT(3) 
GLOBAL_UNCERTAINTY_ASSIGNED_CONTEXT((#5494)) 
GLOBAL_UNIT_ASSIGNED_CONTEXT((#5491,#5492,#5493)) REPRESENTATION_CONTEXT
('Context #1','3D Context with UNIT and UNCERTAINTY') );
#5491 = ( LENGTH_UNIT() NAMED_UNIT(*) SI_UNIT(.MILLI.,.METRE.) );
#5492 = ( NAMED_UNIT(*) PLANE_ANGLE_UNIT() SI_UNIT($,.RADIAN.) );
#5493 = ( NAMED_UNIT(*) SI_UNIT($,.STERADIAN.) SOLID_ANGLE_UNIT() );
#5494 = UNCERTAINTY_MEASURE_WITH_UNIT(LENGTH_MEASURE(1.E-07),#5491,
  'distance_accuracy_value','confusion accuracy');
#5495 = CONTEXT_DEPENDENT_SHAPE_REPRESENTATION(#5496,#5498);
#5496 = ( REPRESENTATION_RELATIONSHIP('','',#4057,#10) 
REPRESENTATION_RELATIONSHIP_WITH_TRANSFORMATION(#5497) 
SHAPE_REPRESENTATION_RELATIONSHIP() );
#5497 = ITEM_DEFINED_TRANSFORMATION('','',#11,#27);
#5498 = PRODUCT_DEFINITION_SHAPE('Placement','Placement of an item',
  #5499);
#5499 = NEXT_ASSEMBLY_USAGE_OCCURRENCE('4','J2','',#5,#4052,$);
#5500 = PRODUCT_RELATED_PRODUCT_CATEGORY('part',$,(#4054));
#5501 = CONTEXT_DEPENDENT_SHAPE_REPRESENTATION(#5502,#5504);
#5502 = ( REPRESENTATION_RELATIONSHIP('','',#84,#10) 
REPRESENTATION_RELATIONSHIP_WITH_TRANSFORMATION(#5503) 
SHAPE_REPRESENTATION_RELATIONSHIP() );
#5503 = ITEM_DEFINED_TRANSFORMATION('','',#11,#31);
#5504 = PRODUCT_DEFINITION_SHAPE('Placement','Placement of an item',
  #5505);
#5505 = NEXT_ASSEMBLY_USAGE_OCCURRENCE('5','C3','',#5,#79,$);
#5506 = CONTEXT_DEPENDENT_SHAPE_REPRESENTATION(#5507,#5509);
#5507 = ( REPRESENTATION_RELATIONSHIP('','',#4057,#10) 
REPRESENTATION_RELATIONSHIP_WITH_TRANSFORMATION(#5508) 
SHAPE_REPRESENTATION_RELATIONSHIP() );
#5508 = ITEM_DEFINED_TRANSFORMATION('','',#11,#35);
#5509 = PRODUCT_DEFINITION_SHAPE('Placement','Placement of an item',
  #5510);
#5510 = NEXT_ASSEMBLY_USAGE_OCCURRENCE('6','J1','',#5,#4052,$);
#5511 = CONTEXT_DEPENDENT_SHAPE_REPRESENTATION(#5512,#5514);
#5512 = ( REPRESENTATION_RELATIONSHIP('','',#84,#10) 
REPRESENTATION_RELATIONSHIP_WITH_TRANSFORMATION(#5513) 
SHAPE_REPRESENTATION_RELATIONSHIP() );
#5513 = ITEM_DEFINED_TRANSFORMATION('','',#11,#39);
#5514 = PRODUCT_DEFINITION_SHAPE('Placement','Placement of an item',
  #5515);
#5515 = NEXT_ASSEMBLY_USAGE_OCCURRENCE('7','C1','',#5,#79,$);
#5516 = SHAPE_DEFINITION_REPRESENTATION(#5517,#5523);
#5517 = PRODUCT_DEFINITION_SHAPE('','',#5518);
#5518 = PRODUCT_DEFINITION('design','',#5519,#5522);
#5519 = PRODUCT_DEFINITION_FORMATION('','',#5520);
#5520 = PRODUCT('R_Axial_DIN0207_L6.3mm_D2.5mm_P7.62mm_Horizontal',
  'R_Axial_DIN0207_L6.3mm_D2.5mm_P7.62mm_Horizontal','',(#5521));
#5521 = PRODUCT_CONTEXT('',#2,'mechanical');
#5522 = PRODUCT_DEFINITION_CONTEXT('part definition',#2,'design');
#5523 = ADVANCED_BREP_SHAPE_REPRESENTATION('',(#11,#5524),#6187);
#5524 = MANIFOLD_SOLID_BREP('',#5525);
#5525 = CLOSED_SHELL('',(#5526,#5559,#5585,#5605,#5788,#5813,#5839,#5859
    ,#5884,#5909,#5918,#5944,#6127,#6153,#6178));
#5526 = ADVANCED_FACE('',(#5527),#5554,.T.);
#5527 = FACE_BOUND('',#5528,.T.);
#5528 = EDGE_LOOP('',(#5529,#5538,#5546,#5553));
#5529 = ORIENTED_EDGE('',*,*,#5530,.T.);
#5530 = EDGE_CURVE('',#5531,#5531,#5533,.T.);
#5531 = VERTEX_POINT('',#5532);
#5532 = CARTESIAN_POINT('',(1.285,1.25,1.25));
#5533 = CIRCLE('',#5534,1.25);
#5534 = AXIS2_PLACEMENT_3D('',#5535,#5536,#5537);
#5535 = CARTESIAN_POINT('',(1.285,0.,1.25));
#5536 = DIRECTION('',(1.,0.,0.));
#5537 = DIRECTION('',(-0.,1.,0.));
#5538 = ORIENTED_EDGE('',*,*,#5539,.T.);
#5539 = EDGE_CURVE('',#5531,#5540,#5542,.T.);
#5540 = VERTEX_POINT('',#5541);
#5541 = CARTESIAN_POINT('',(2.235,1.25,1.25));
#5542 = LINE('',#5543,#5544);
#5543 = CARTESIAN_POINT('',(0.66,1.25,1.25));
#5544 = VECTOR('',#5545,1.);
#5545 = DIRECTION('',(1.,0.,0.));
#5546 = ORIENTED_EDGE('',*,*,#5547,.F.);
#5547 = EDGE_CURVE('',#5540,#5540,#5548,.T.);
#5548 = CIRCLE('',#5549,1.25);
#5549 = AXIS2_PLACEMENT_3D('',#5550,#5551,#5552);
#5550 = CARTESIAN_POINT('',(2.235,0.,1.25));
#5551 = DIRECTION('',(1.,0.,0.));
#5552 = DIRECTION('',(-0.,1.,0.));
#5553 = ORIENTED_EDGE('',*,*,#5539,.F.);
#5554 = CYLINDRICAL_SURFACE('',#5555,1.25);
#5555 = AXIS2_PLACEMENT_3D('',#5556,#5557,#5558);
#5556 = CARTESIAN_POINT('',(0.66,0.,1.25));
#5557 = DIRECTION('',(-1.,-0.,-0.));
#5558 = DIRECTION('',(0.,1.,0.));
#5559 = ADVANCED_FACE('',(#5560),#5580,.T.);
#5560 = FACE_BOUND('',#5561,.T.);
#5561 = EDGE_LOOP('',(#5562,#5571,#5578,#5579));
#5562 = ORIENTED_EDGE('',*,*,#5563,.T.);
#5563 = EDGE_CURVE('',#5564,#5564,#5566,.T.);
#5564 = VERTEX_POINT('',#5565);
#5565 = CARTESIAN_POINT('',(0.66,0.625,1.25));
#5566 = CIRCLE('',#5567,0.625);
#5567 = AXIS2_PLACEMENT_3D('',#5568,#5569,#5570);
#5568 = CARTESIAN_POINT('',(0.66,0.,1.25));
#5569 = DIRECTION('',(1.,0.,0.));
#5570 = DIRECTION('',(-0.,1.,0.));
#5571 = ORIENTED_EDGE('',*,*,#5572,.F.);
#5572 = EDGE_CURVE('',#5531,#5564,#5573,.T.);
#5573 = CIRCLE('',#5574,0.625);
#5574 = AXIS2_PLACEMENT_3D('',#5575,#5576,#5577);
#5575 = CARTESIAN_POINT('',(1.285,0.625,1.25));
#5576 = DIRECTION('',(0.,-0.,1.));
#5577 = DIRECTION('',(0.,1.,0.));
#5578 = ORIENTED_EDGE('',*,*,#5530,.F.);
#5579 = ORIENTED_EDGE('',*,*,#5572,.T.);
#5580 = TOROIDAL_SURFACE('',#5581,0.625,0.625);
#5581 = AXIS2_PLACEMENT_3D('',#5582,#5583,#5584);
#5582 = CARTESIAN_POINT('',(1.285,0.,1.25));
#5583 = DIRECTION('',(-1.,0.,0.));
#5584 = DIRECTION('',(0.,1.,0.));
#5585 = ADVANCED_FACE('',(#5586,#5589),#5600,.F.);
#5586 = FACE_BOUND('',#5587,.F.);
#5587 = EDGE_LOOP('',(#5588));
#5588 = ORIENTED_EDGE('',*,*,#5547,.F.);
#5589 = FACE_BOUND('',#5590,.F.);
#5590 = EDGE_LOOP('',(#5591));
#5591 = ORIENTED_EDGE('',*,*,#5592,.F.);
#5592 = EDGE_CURVE('',#5593,#5593,#5595,.T.);
#5593 = VERTEX_POINT('',#5594);
#5594 = CARTESIAN_POINT('',(2.235,1.125,1.25));
#5595 = CIRCLE('',#5596,1.125);
#5596 = AXIS2_PLACEMENT_3D('',#5597,#5598,#5599);
#5597 = CARTESIAN_POINT('',(2.235,0.,1.25));
#5598 = DIRECTION('',(-1.,0.,0.));
#5599 = DIRECTION('',(0.,1.,0.));
#5600 = PLANE('',#5601);
#5601 = AXIS2_PLACEMENT_3D('',#5602,#5603,#5604);
#5602 = CARTESIAN_POINT('',(2.235,1.25,1.25));
#5603 = DIRECTION('',(-1.,0.,0.));
#5604 = DIRECTION('',(0.,0.,-1.));
#5605 = ADVANCED_FACE('',(#5606,#5609),#5783,.T.);
#5606 = FACE_BOUND('',#5607,.T.);
#5607 = EDGE_LOOP('',(#5608));
#5608 = ORIENTED_EDGE('',*,*,#5563,.F.);
#5609 = FACE_BOUND('',#5610,.T.);
#5610 = EDGE_LOOP('',(#5611));
#5611 = ORIENTED_EDGE('',*,*,#5612,.F.);
#5612 = EDGE_CURVE('',#5613,#5613,#5615,.T.);
#5613 = VERTEX_POINT('',#5614);
#5614 = CARTESIAN_POINT('',(0.66,1.102182119233E-16,0.899909083395));
#5615 = B_SPLINE_CURVE_WITH_KNOTS('',6,(#5616,#5617,#5618,#5619,#5620,
    #5621,#5622,#5623,#5624,#5625,#5626,#5627,#5628,#5629,#5630,#5631,
    #5632,#5633,#5634,#5635,#5636,#5637,#5638,#5639,#5640,#5641,#5642,
    #5643,#5644,#5645,#5646,#5647,#5648,#5649,#5650,#5651,#5652,#5653,
    #5654,#5655,#5656,#5657,#5658,#5659,#5660,#5661,#5662,#5663,#5664,
    #5665,#5666,#5667,#5668,#5669,#5670,#5671,#5672,#5673,#5674,#5675,
    #5676,#5677,#5678,#5679,#5680,#5681,#5682,#5683,#5684,#5685,#5686,
    #5687,#5688,#5689,#5690,#5691,#5692,#5693,#5694,#5695,#5696,#5697,
    #5698,#5699,#5700,#5701,#5702,#5703,#5704,#5705,#5706,#5707,#5708,
    #5709,#5710,#5711,#5712,#5713,#5714,#5715,#5716,#5717,#5718,#5719,
    #5720,#5721,#5722,#5723,#5724,#5725,#5726,#5727,#5728,#5729,#5730,
    #5731,#5732,#5733,#5734,#5735,#5736,#5737,#5738,#5739,#5740,#5741,
    #5742,#5743,#5744,#5745,#5746,#5747,#5748,#5749,#5750,#5751,#5752,
    #5753,#5754,#5755,#5756,#5757,#5758,#5759,#5760,#5761,#5762,#5763,
    #5764,#5765,#5766,#5767,#5768,#5769,#5770,#5771,#5772,#5773,#5774,
    #5775,#5776,#5777,#5778,#5779,#5780,#5781,#5782),.UNSPECIFIED.,.T.,
  .F.,(1,6,5,5,5,5,5,5,5,5,5,5,5,5,5,5,5,5,5,5,5,5,5,5,5,5,5,5,5,5,5,5,5
    ,5,6,1),(-3.7441643477E-02,0.,2.521870323933E-02,5.431496394384E-02,
    8.648919549843E-02,0.120700162351,0.155854554579,0.191019956077,
    0.22552099352,0.258944151729,0.291091798271,0.321919308947,
    0.351475044446,0.379851974729,0.407153625953,0.43347490921,
    0.458900868731,0.483545347382,0.505902822615,0.530283950565,
    0.555351989471,0.581274789002,0.608140584187,0.636038742308,
    0.665070462617,0.695336577837,0.72690990423,0.759792997252,
    0.79386262098,0.828806470397,0.864066503475,0.898816439436,
    0.932013287381,0.962558356523,1.,1.025218703239),.UNSPECIFIED.);
#5616 = CARTESIAN_POINT('',(0.66,0.,0.899909083395));
#5617 = CARTESIAN_POINT('',(0.66,-9.861963323296E-03,0.899909084471));
#5618 = CARTESIAN_POINT('',(0.66,-1.960383099012E-02,0.900333558971));
#5619 = CARTESIAN_POINT('',(0.66,-2.90667633729E-02,0.901163095205));
#5620 = CARTESIAN_POINT('',(0.66,-3.818473840012E-02,0.902336888075));
#5621 = CARTESIAN_POINT('',(0.66,-4.697555886318E-02,0.903805406252));
#5622 = CARTESIAN_POINT('',(0.66,-6.541217845247E-02,0.907588617289));
#5623 = CARTESIAN_POINT('',(0.66,-7.491989955217E-02,0.909985996381));
#5624 = CARTESIAN_POINT('',(0.66,-8.408858685729E-02,0.912709602459));
#5625 = CARTESIAN_POINT('',(0.66,-9.29431150905E-02,0.915726339128));
#5626 = CARTESIAN_POINT('',(0.66,-0.101504886237,0.919011492948));
#5627 = CARTESIAN_POINT('',(0.66,-0.118958160976,0.926453793498));
#5628 = CARTESIAN_POINT('',(0.66,-0.127787740677,0.930666021227));
#5629 = CARTESIAN_POINT('',(0.66,-0.136306213845,0.935155972835));
#5630 = CARTESIAN_POINT('',(0.66,-0.144532125259,0.939904061777));
#5631 = CARTESIAN_POINT('',(0.66,-0.152479834979,0.944895594586));
#5632 = CARTESIAN_POINT('',(0.66,-0.168328675181,0.955672717204));
#5633 = CARTESIAN_POINT('',(0.66,-0.176194628708,0.961488338811));
#5634 = CARTESIAN_POINT('',(0.66,-0.183772627725,0.967551590964));
#5635 = CARTESIAN_POINT('',(0.66,-0.191071921446,0.973851630909));
#5636 = CARTESIAN_POINT('',(0.66,-0.19809849539,0.980379998969));
#5637 = CARTESIAN_POINT('',(0.66,-0.211800252103,0.99406561399));
#5638 = CARTESIAN_POINT('',(0.66,-0.218460183619,1.001235038361));
#5639 = CARTESIAN_POINT('',(0.66,-0.224839916669,1.008630424477));
#5640 = CARTESIAN_POINT('',(0.66,-0.230940302033,1.016245317007));
#5641 = CARTESIAN_POINT('',(0.66,-0.236759778797,1.024074009311));
#5642 = CARTESIAN_POINT('',(0.66,-0.247832030244,1.040150827903));
#5643 = CARTESIAN_POINT('',(0.66,-0.253084597548,1.048398894868));
#5644 = CARTESIAN_POINT('',(0.66,-0.258049056373,1.056850063306));
#5645 = CARTESIAN_POINT('',(0.66,-0.262719990238,1.065498702059));
#5646 = CARTESIAN_POINT('',(0.66,-0.267090249501,1.07433884651));
#5647 = CARTESIAN_POINT('',(0.66,-0.275134936213,1.092219038761));
#5648 = CARTESIAN_POINT('',(0.66,-0.278821023102,1.101251941956));
#5649 = CARTESIAN_POINT('',(0.66,-0.282200792082,1.110456832947));
#5650 = CARTESIAN_POINT('',(0.66,-0.285264705632,1.119826546568));
#5651 = CARTESIAN_POINT('',(0.66,-0.288002108658,1.129352827713));
#5652 = CARTESIAN_POINT('',(0.66,-0.29272539517,1.148397615962));
#5653 = CARTESIAN_POINT('',(0.66,-0.29473218058,1.157906910826));
#5654 = CARTESIAN_POINT('',(0.66,-0.296410836061,1.167545600214));
#5655 = CARTESIAN_POINT('',(0.66,-0.297750151594,1.177303530334));
#5656 = CARTESIAN_POINT('',(0.66,-0.298738455802,1.187169009313));
#5657 = CARTESIAN_POINT('',(0.66,-0.299964918417,1.206708514181));
#5658 = CARTESIAN_POINT('',(0.66,-0.300230384291,1.216375379318));
#5659 = CARTESIAN_POINT('',(0.66,-0.300149186912,1.226117491764));
#5660 = CARTESIAN_POINT('',(0.66,-0.299710710819,1.235921272022));
#5661 = CARTESIAN_POINT('',(0.66,-0.298904551758,1.245771471938));
#5662 = CARTESIAN_POINT('',(0.66,-0.296585103724,1.265125169703));
#5663 = CARTESIAN_POINT('',(0.66,-0.295102339165,1.274626258325));
#5664 = CARTESIAN_POINT('',(0.66,-0.293263240337,1.284139377081));
#5665 = CARTESIAN_POINT('',(0.66,-0.291059628806,1.293647957516));
#5666 = CARTESIAN_POINT('',(0.66,-0.288484130363,1.303133926208));
#5667 = CARTESIAN_POINT('',(0.66,-0.282698083788,1.321631884472));
#5668 = CARTESIAN_POINT('',(0.66,-0.279518227914,1.330647303479));
#5669 = CARTESIAN_POINT('',(0.66,-0.275984860345,1.33960658093));
#5670 = CARTESIAN_POINT('',(0.66,-0.272093455342,1.348491200819));
#5671 = CARTESIAN_POINT('',(0.66,-0.267840708483,1.357281511993));
#5672 = CARTESIAN_POINT('',(0.66,-0.258792476906,1.374285940745));
#5673 = CARTESIAN_POINT('',(0.66,-0.254025481533,1.382509111114));
#5674 = CARTESIAN_POINT('',(0.66,-0.248921768643,1.390607755283));
#5675 = CARTESIAN_POINT('',(0.66,-0.243480982245,1.398562700734));
#5676 = CARTESIAN_POINT('',(0.66,-0.237704192262,1.406354086406));
#5677 = CARTESIAN_POINT('',(0.66,-0.22571513259,1.421280378602));
#5678 = CARTESIAN_POINT('',(0.66,-0.219527706492,1.428429037341));
#5679 = CARTESIAN_POINT('',(0.66,-0.213033892817,1.435388992124));
#5680 = CARTESIAN_POINT('',(0.66,-0.206237433156,1.442141613477));
#5681 = CARTESIAN_POINT('',(0.66,-0.199143534101,1.448667989237));
#5682 = CARTESIAN_POINT('',(0.66,-0.184639374507,1.46100431938));
#5683 = CARTESIAN_POINT('',(0.66,-0.177249666015,1.466831638372));
#5684 = CARTESIAN_POINT('',(0.66,-0.169595736209,1.472413656662));
#5685 = CARTESIAN_POINT('',(0.66,-0.161685054894,1.477733175901));
#5686 = CARTESIAN_POINT('',(0.66,-0.153526567249,1.482773024258));
#5687 = CARTESIAN_POINT('',(0.66,-0.137020407721,1.492097753386));
#5688 = CARTESIAN_POINT('',(0.66,-0.128688747003,1.496402530856));
#5689 = CARTESIAN_POINT('',(0.66,-0.12014499879,1.500414878928));
#5690 = CARTESIAN_POINT('',(0.66,-0.111400259626,1.504119593216));
#5691 = CARTESIAN_POINT('',(0.66,-0.102467435485,1.507501774849));
#5692 = CARTESIAN_POINT('',(0.66,-8.453493192811E-02,1.513498294635));
#5693 = CARTESIAN_POINT('',(0.66,-7.554639694304E-02,1.516132890753));
#5694 = CARTESIAN_POINT('',(0.66,-6.64085144705E-02,1.518437847791));
#5695 = CARTESIAN_POINT('',(0.66,-5.713783351899E-02,1.520400106432));
#5696 = CARTESIAN_POINT('',(0.66,-4.775488525608E-02,1.522007764907));
#5697 = CARTESIAN_POINT('',(0.66,-2.969295309097E-02,1.524379864025));
#5698 = CARTESIAN_POINT('',(0.66,-2.102888075484E-02,1.525208782901));
#5699 = CARTESIAN_POINT('',(0.66,-1.231401679426E-02,1.525730893697));
#5700 = CARTESIAN_POINT('',(0.66,-3.572675622322E-03,1.525941364018));
#5701 = CARTESIAN_POINT('',(0.66,5.168222805428E-03,1.525838983228));
#5702 = CARTESIAN_POINT('',(0.66,2.337847467049E-02,1.524978205181));
#5703 = CARTESIAN_POINT('',(0.66,3.284375814827E-02,1.524161190409));
#5704 = CARTESIAN_POINT('',(0.66,4.224166817951E-02,1.522980309203));
#5705 = CARTESIAN_POINT('',(0.66,5.154498116248E-02,1.52144453626));
#5706 = CARTESIAN_POINT('',(0.66,6.073223707979E-02,1.519565307122));
#5707 = CARTESIAN_POINT('',(0.66,7.909772773064E-02,1.515080653378));
#5708 = CARTESIAN_POINT('',(0.66,8.826753248322E-02,1.512456350085));
#5709 = CARTESIAN_POINT('',(0.66,9.727917108862E-02,1.509494369221));
#5710 = CARTESIAN_POINT('',(0.66,0.106117308319,1.506208374239));
#5711 = CARTESIAN_POINT('',(0.66,0.114768939441,1.502612541932));
#5712 = CARTESIAN_POINT('',(0.66,0.131966117695,1.494697909774));
#5713 = CARTESIAN_POINT('',(0.66,0.140497702999,1.490358571609));
#5714 = CARTESIAN_POINT('',(0.66,0.148806061897,1.485719660214));
#5715 = CARTESIAN_POINT('',(0.66,0.156880650792,1.480797427009));
#5716 = CARTESIAN_POINT('',(0.66,0.164712466725,1.47560826256));
#5717 = CARTESIAN_POINT('',(0.66,0.180151423764,1.464531255078));
#5718 = CARTESIAN_POINT('',(0.66,0.187739958872,1.458624810593));
#5719 = CARTESIAN_POINT('',(0.66,0.195051326582,1.452467732556));
#5720 = CARTESIAN_POINT('',(0.66,0.202078661493,1.446078253645));
#5721 = CARTESIAN_POINT('',(0.66,0.208816558921,1.439474469779));
#5722 = CARTESIAN_POINT('',(0.66,0.221953232148,1.425612904145));
#5723 = CARTESIAN_POINT('',(0.66,0.228328983313,1.41833967682));
#5724 = CARTESIAN_POINT('',(0.66,0.234383958936,1.410874731309));
#5725 = CARTESIAN_POINT('',(0.66,0.240115246881,1.403237638329));
#5726 = CARTESIAN_POINT('',(0.66,0.245521392347,1.395447466144));
#5727 = CARTESIAN_POINT('',(0.66,0.255889855564,1.379276097975));
#5728 = CARTESIAN_POINT('',(0.66,0.260825146013,1.370883681886));
#5729 = CARTESIAN_POINT('',(0.66,0.265408341569,1.362366377835));
#5730 = CARTESIAN_POINT('',(0.66,0.269640849736,1.353744088225));
#5731 = CARTESIAN_POINT('',(0.66,0.273525413156,1.345035772328));
#5732 = CARTESIAN_POINT('',(0.66,0.280757352367,1.327109961101));
#5733 = CARTESIAN_POINT('',(0.66,0.284074759274,1.317886517643));
#5734 = CARTESIAN_POINT('',(0.66,0.287023012024,1.308609403309));
#5735 = CARTESIAN_POINT('',(0.66,0.289607802772,1.299297542852));
#5736 = CARTESIAN_POINT('',(0.66,0.291835834134,1.289968498384));
#5737 = CARTESIAN_POINT('',(0.66,0.295674958709,1.270905470981));
#5738 = CARTESIAN_POINT('',(0.66,0.297255116553,1.261171411794));
#5739 = CARTESIAN_POINT('',(0.66,0.298464074992,1.251454521799));
#5740 = CARTESIAN_POINT('',(0.66,0.299311100714,1.241771401083));
#5741 = CARTESIAN_POINT('',(0.66,0.299805944827,1.232137019844));
#5742 = CARTESIAN_POINT('',(0.66,0.30011808361,1.212595326012));
#5743 = CARTESIAN_POINT('',(0.66,0.299906283631,1.202693348802));
#5744 = CARTESIAN_POINT('',(0.66,0.299334987113,1.192873693594));
#5745 = CARTESIAN_POINT('',(0.66,0.298415571185,1.183149633751));
#5746 = CARTESIAN_POINT('',(0.66,0.297159245916,1.173532809156));
#5747 = CARTESIAN_POINT('',(0.66,0.293937772017,1.154190866917));
#5748 = CARTESIAN_POINT('',(0.66,0.291948568133,1.144474505513));
#5749 = CARTESIAN_POINT('',(0.66,0.289621677512,1.134895129825));
#5750 = CARTESIAN_POINT('',(0.66,0.286968496105,1.125462405282));
#5751 = CARTESIAN_POINT('',(0.66,0.283999580964,1.116184674916));
#5752 = CARTESIAN_POINT('',(0.66,0.277365684897,1.097719334783));
#5753 = CARTESIAN_POINT('',(0.66,0.273684712853,1.08854034335));
#5754 = CARTESIAN_POINT('',(0.66,0.269692176119,1.079539433524));
#5755 = CARTESIAN_POINT('',(0.66,0.265397048483,1.07072335418));
#5756 = CARTESIAN_POINT('',(0.66,0.260806835513,1.062098154612));
#5757 = CARTESIAN_POINT('',(0.66,0.251004164416,1.045163946312));
#5758 = CARTESIAN_POINT('',(0.66,0.245786379559,1.036858764173));
#5759 = CARTESIAN_POINT('',(0.66,0.240280407048,1.028758964174));
#5760 = CARTESIAN_POINT('',(0.66,0.234490342534,1.020870115558));
#5761 = CARTESIAN_POINT('',(0.66,0.228418190257,1.013198030747));
#5762 = CARTESIAN_POINT('',(0.66,0.215801462132,0.998407266407));
#5763 = CARTESIAN_POINT('',(0.66,0.209265037039,0.991282398269));
#5764 = CARTESIAN_POINT('',(0.66,0.202454011648,0.98438004474));
#5765 = CARTESIAN_POINT('',(0.66,0.195365844133,0.977707070031));
#5766 = CARTESIAN_POINT('',(0.66,0.187995125017,0.971271927442));
#5767 = CARTESIAN_POINT('',(0.66,0.173012685338,0.959175110633));
#5768 = CARTESIAN_POINT('',(0.66,0.165426730288,0.953491920673));
#5769 = CARTESIAN_POINT('',(0.66,0.157566473117,0.948044968651));
#5770 = CARTESIAN_POINT('',(0.66,0.149421191466,0.9428457983));
#5771 = CARTESIAN_POINT('',(0.66,0.140976348171,0.937909629891));
#5772 = CARTESIAN_POINT('',(0.66,0.124148062588,0.928975570166));
#5773 = CARTESIAN_POINT('',(0.66,0.115814079383,0.924934455913));
#5774 = CARTESIAN_POINT('',(0.66,0.107194119667,0.921149233675));
#5775 = CARTESIAN_POINT('',(0.66,9.826941158436E-02,0.91763978502));
#5776 = CARTESIAN_POINT('',(0.66,8.901687105598E-02,0.914432779149));
#5777 = CARTESIAN_POINT('',(0.66,6.762842160337E-02,0.908048369916));
#5778 = CARTESIAN_POINT('',(0.66,5.540310162877E-02,0.905067930004));
#5779 = CARTESIAN_POINT('',(0.66,4.253150709481E-02,0.902628405907));
#5780 = CARTESIAN_POINT('',(0.66,2.893757304003E-02,0.900850137762));
#5781 = CARTESIAN_POINT('',(0.66,1.468319780375E-02,0.899909084997));
#5782 = CARTESIAN_POINT('',(0.66,0.,0.899909083395));
#5783 = PLANE('',#5784);
#5784 = AXIS2_PLACEMENT_3D('',#5785,#5786,#5787);
#5785 = CARTESIAN_POINT('',(0.66,1.25,1.25));
#5786 = DIRECTION('',(-1.,0.,0.));
#5787 = DIRECTION('',(0.,0.,-1.));
#5788 = ADVANCED_FACE('',(#5789),#5808,.T.);
#5789 = FACE_BOUND('',#5790,.T.);
#5790 = EDGE_LOOP('',(#5791,#5800,#5806,#5807));
#5791 = ORIENTED_EDGE('',*,*,#5792,.T.);
#5792 = EDGE_CURVE('',#5793,#5793,#5795,.T.);
#5793 = VERTEX_POINT('',#5794);
#5794 = CARTESIAN_POINT('',(5.385,1.125,1.25));
#5795 = CIRCLE('',#5796,1.125);
#5796 = AXIS2_PLACEMENT_3D('',#5797,#5798,#5799);
#5797 = CARTESIAN_POINT('',(5.385,0.,1.25));
#5798 = DIRECTION('',(-1.,0.,0.));
#5799 = DIRECTION('',(0.,1.,0.));
#5800 = ORIENTED_EDGE('',*,*,#5801,.F.);
#5801 = EDGE_CURVE('',#5593,#5793,#5802,.T.);
#5802 = LINE('',#5803,#5804);
#5803 = CARTESIAN_POINT('',(0.66,1.125,1.25));
#5804 = VECTOR('',#5805,1.);
#5805 = DIRECTION('',(1.,0.,0.));
#5806 = ORIENTED_EDGE('',*,*,#5592,.F.);
#5807 = ORIENTED_EDGE('',*,*,#5801,.T.);
#5808 = CYLINDRICAL_SURFACE('',#5809,1.125);
#5809 = AXIS2_PLACEMENT_3D('',#5810,#5811,#5812);
#5810 = CARTESIAN_POINT('',(0.66,0.,1.25));
#5811 = DIRECTION('',(-1.,-0.,-0.));
#5812 = DIRECTION('',(0.,1.,0.));
#5813 = ADVANCED_FACE('',(#5814),#5834,.T.);
#5814 = FACE_BOUND('',#5815,.T.);
#5815 = EDGE_LOOP('',(#5816,#5825,#5832,#5833));
#5816 = ORIENTED_EDGE('',*,*,#5817,.T.);
#5817 = EDGE_CURVE('',#5818,#5818,#5820,.T.);
#5818 = VERTEX_POINT('',#5819);
#5819 = CARTESIAN_POINT('',(0.3,0.,0.35));
#5820 = CIRCLE('',#5821,0.3);
#5821 = AXIS2_PLACEMENT_3D('',#5822,#5823,#5824);
#5822 = CARTESIAN_POINT('',(0.,0.,0.35));
#5823 = DIRECTION('',(0.,0.,1.));
#5824 = DIRECTION('',(1.,0.,-0.));
#5825 = ORIENTED_EDGE('',*,*,#5826,.T.);
#5826 = EDGE_CURVE('',#5818,#5613,#5827,.T.);
#5827 = CIRCLE('',#5828,0.6);
#5828 = AXIS2_PLACEMENT_3D('',#5829,#5830,#5831);
#5829 = CARTESIAN_POINT('',(0.9,1.102182119233E-16,0.35));
#5830 = DIRECTION('',(0.,1.,-0.));
#5831 = DIRECTION('',(-1.,0.,4.93432455389E-16));
#5832 = ORIENTED_EDGE('',*,*,#5612,.T.);
#5833 = ORIENTED_EDGE('',*,*,#5826,.F.);
#5834 = TOROIDAL_SURFACE('',#5835,0.9,0.3);
#5835 = AXIS2_PLACEMENT_3D('',#5836,#5837,#5838);
#5836 = CARTESIAN_POINT('',(0.9,0.,0.35));
#5837 = DIRECTION('',(0.,1.,0.));
#5838 = DIRECTION('',(-1.,0.,4.93432455389E-16));
#5839 = ADVANCED_FACE('',(#5840,#5851),#5854,.T.);
#5840 = FACE_BOUND('',#5841,.T.);
#5841 = EDGE_LOOP('',(#5842));
#5842 = ORIENTED_EDGE('',*,*,#5843,.F.);
#5843 = EDGE_CURVE('',#5844,#5844,#5846,.T.);
#5844 = VERTEX_POINT('',#5845);
#5845 = CARTESIAN_POINT('',(5.385,1.25,1.25));
#5846 = CIRCLE('',#5847,1.25);
#5847 = AXIS2_PLACEMENT_3D('',#5848,#5849,#5850);
#5848 = CARTESIAN_POINT('',(5.385,0.,1.25));
#5849 = DIRECTION('',(1.,0.,0.));
#5850 = DIRECTION('',(-0.,1.,0.));
#5851 = FACE_BOUND('',#5852,.T.);
#5852 = EDGE_LOOP('',(#5853));
#5853 = ORIENTED_EDGE('',*,*,#5792,.F.);
#5854 = PLANE('',#5855);
#5855 = AXIS2_PLACEMENT_3D('',#5856,#5857,#5858);
#5856 = CARTESIAN_POINT('',(5.385,1.25,1.25));
#5857 = DIRECTION('',(-1.,0.,0.));
#5858 = DIRECTION('',(0.,0.,-1.));
#5859 = ADVANCED_FACE('',(#5860),#5879,.T.);
#5860 = FACE_BOUND('',#5861,.T.);
#5861 = EDGE_LOOP('',(#5862,#5870,#5871,#5872));
#5862 = ORIENTED_EDGE('',*,*,#5863,.T.);
#5863 = EDGE_CURVE('',#5864,#5818,#5866,.T.);
#5864 = VERTEX_POINT('',#5865);
#5865 = CARTESIAN_POINT('',(0.3,-7.347880794884E-17,-3.));
#5866 = LINE('',#5867,#5868);
#5867 = CARTESIAN_POINT('',(0.3,0.,-3.));
#5868 = VECTOR('',#5869,1.);
#5869 = DIRECTION('',(0.,0.,1.));
#5870 = ORIENTED_EDGE('',*,*,#5817,.F.);
#5871 = ORIENTED_EDGE('',*,*,#5863,.F.);
#5872 = ORIENTED_EDGE('',*,*,#5873,.T.);
#5873 = EDGE_CURVE('',#5864,#5864,#5874,.T.);
#5874 = CIRCLE('',#5875,0.3);
#5875 = AXIS2_PLACEMENT_3D('',#5876,#5877,#5878);
#5876 = CARTESIAN_POINT('',(0.,0.,-3.));
#5877 = DIRECTION('',(0.,0.,1.));
#5878 = DIRECTION('',(1.,0.,-0.));
#5879 = CYLINDRICAL_SURFACE('',#5880,0.3);
#5880 = AXIS2_PLACEMENT_3D('',#5881,#5882,#5883);
#5881 = CARTESIAN_POINT('',(0.,0.,-3.));
#5882 = DIRECTION('',(0.,0.,1.));
#5883 = DIRECTION('',(1.,0.,-0.));
#5884 = ADVANCED_FACE('',(#5885),#5904,.T.);
#5885 = FACE_BOUND('',#5886,.T.);
#5886 = EDGE_LOOP('',(#5887,#5888,#5896,#5903));
#5887 = ORIENTED_EDGE('',*,*,#5843,.T.);
#5888 = ORIENTED_EDGE('',*,*,#5889,.T.);
#5889 = EDGE_CURVE('',#5844,#5890,#5892,.T.);
#5890 = VERTEX_POINT('',#5891);
#5891 = CARTESIAN_POINT('',(6.335,1.25,1.25));
#5892 = LINE('',#5893,#5894);
#5893 = CARTESIAN_POINT('',(5.385,1.25,1.25));
#5894 = VECTOR('',#5895,1.);
#5895 = DIRECTION('',(1.,0.,0.));
#5896 = ORIENTED_EDGE('',*,*,#5897,.F.);
#5897 = EDGE_CURVE('',#5890,#5890,#5898,.T.);
#5898 = CIRCLE('',#5899,1.25);
#5899 = AXIS2_PLACEMENT_3D('',#5900,#5901,#5902);
#5900 = CARTESIAN_POINT('',(6.335,0.,1.25));
#5901 = DIRECTION('',(1.,0.,0.));
#5902 = DIRECTION('',(-0.,1.,0.));
#5903 = ORIENTED_EDGE('',*,*,#5889,.F.);
#5904 = CYLINDRICAL_SURFACE('',#5905,1.25);
#5905 = AXIS2_PLACEMENT_3D('',#5906,#5907,#5908);
#5906 = CARTESIAN_POINT('',(5.385,0.,1.25));
#5907 = DIRECTION('',(-1.,-0.,-0.));
#5908 = DIRECTION('',(0.,1.,0.));
#5909 = ADVANCED_FACE('',(#5910),#5913,.T.);
#5910 = FACE_BOUND('',#5911,.F.);
#5911 = EDGE_LOOP('',(#5912));
#5912 = ORIENTED_EDGE('',*,*,#5873,.T.);
#5913 = PLANE('',#5914);
#5914 = AXIS2_PLACEMENT_3D('',#5915,#5916,#5917);
#5915 = CARTESIAN_POINT('',(0.3,0.,-3.));
#5916 = DIRECTION('',(0.,0.,-1.));
#5917 = DIRECTION('',(-1.,0.,0.));
#5918 = ADVANCED_FACE('',(#5919),#5939,.T.);
#5919 = FACE_BOUND('',#5920,.T.);
#5920 = EDGE_LOOP('',(#5921,#5930,#5931,#5932));
#5921 = ORIENTED_EDGE('',*,*,#5922,.F.);
#5922 = EDGE_CURVE('',#5890,#5923,#5925,.T.);
#5923 = VERTEX_POINT('',#5924);
#5924 = CARTESIAN_POINT('',(6.96,0.625,1.25));
#5925 = CIRCLE('',#5926,0.625);
#5926 = AXIS2_PLACEMENT_3D('',#5927,#5928,#5929);
#5927 = CARTESIAN_POINT('',(6.335,0.625,1.25));
#5928 = DIRECTION('',(0.,0.,-1.));
#5929 = DIRECTION('',(0.,1.,0.));
#5930 = ORIENTED_EDGE('',*,*,#5897,.T.);
#5931 = ORIENTED_EDGE('',*,*,#5922,.T.);
#5932 = ORIENTED_EDGE('',*,*,#5933,.F.);
#5933 = EDGE_CURVE('',#5923,#5923,#5934,.T.);
#5934 = CIRCLE('',#5935,0.625);
#5935 = AXIS2_PLACEMENT_3D('',#5936,#5937,#5938);
#5936 = CARTESIAN_POINT('',(6.96,0.,1.25));
#5937 = DIRECTION('',(1.,0.,0.));
#5938 = DIRECTION('',(-0.,1.,0.));
#5939 = TOROIDAL_SURFACE('',#5940,0.625,0.625);
#5940 = AXIS2_PLACEMENT_3D('',#5941,#5942,#5943);
#5941 = CARTESIAN_POINT('',(6.335,0.,1.25));
#5942 = DIRECTION('',(1.,0.,0.));
#5943 = DIRECTION('',(-0.,1.,0.));
#5944 = ADVANCED_FACE('',(#5945,#5948),#6122,.F.);
#5945 = FACE_BOUND('',#5946,.F.);
#5946 = EDGE_LOOP('',(#5947));
#5947 = ORIENTED_EDGE('',*,*,#5933,.F.);
#5948 = FACE_BOUND('',#5949,.F.);
#5949 = EDGE_LOOP('',(#5950));
#5950 = ORIENTED_EDGE('',*,*,#5951,.F.);
#5951 = EDGE_CURVE('',#5952,#5952,#5954,.T.);
#5952 = VERTEX_POINT('',#5953);
#5953 = CARTESIAN_POINT('',(6.96,1.102182119233E-16,0.899909083395));
#5954 = B_SPLINE_CURVE_WITH_KNOTS('',6,(#5955,#5956,#5957,#5958,#5959,
    #5960,#5961,#5962,#5963,#5964,#5965,#5966,#5967,#5968,#5969,#5970,
    #5971,#5972,#5973,#5974,#5975,#5976,#5977,#5978,#5979,#5980,#5981,
    #5982,#5983,#5984,#5985,#5986,#5987,#5988,#5989,#5990,#5991,#5992,
    #5993,#5994,#5995,#5996,#5997,#5998,#5999,#6000,#6001,#6002,#6003,
    #6004,#6005,#6006,#6007,#6008,#6009,#6010,#6011,#6012,#6013,#6014,
    #6015,#6016,#6017,#6018,#6019,#6020,#6021,#6022,#6023,#6024,#6025,
    #6026,#6027,#6028,#6029,#6030,#6031,#6032,#6033,#6034,#6035,#6036,
    #6037,#6038,#6039,#6040,#6041,#6042,#6043,#6044,#6045,#6046,#6047,
    #6048,#6049,#6050,#6051,#6052,#6053,#6054,#6055,#6056,#6057,#6058,
    #6059,#6060,#6061,#6062,#6063,#6064,#6065,#6066,#6067,#6068,#6069,
    #6070,#6071,#6072,#6073,#6074,#6075,#6076,#6077,#6078,#6079,#6080,
    #6081,#6082,#6083,#6084,#6085,#6086,#6087,#6088,#6089,#6090,#6091,
    #6092,#6093,#6094,#6095,#6096,#6097,#6098,#6099,#6100,#6101,#6102,
    #6103,#6104,#6105,#6106,#6107,#6108,#6109,#6110,#6111,#6112,#6113,
    #6114,#6115,#6116,#6117,#6118,#6119,#6120,#6121),.UNSPECIFIED.,.T.,
  .F.,(1,6,5,5,5,5,5,5,5,5,5,5,5,5,5,5,5,5,5,5,5,5,5,5,5,5,5,5,5,5,5,5,5
    ,5,6,1),(-3.7454922963E-02,0.,2.522151735631E-02,5.431626764274E-02,
    8.648932873413E-02,0.120698905604,0.15585219498,0.191016701755,
    0.225517033144,0.258939642143,0.291086884381,0.32191412294,
    0.351469698498,0.379846555914,0.407148198058,0.433469525493,
    0.458895614127,0.483540398702,0.505898369155,0.530279933853,
    0.555348100008,0.581270886766,0.608136607836,0.636034631737,
    0.665066137875,0.695331933304,0.726904811218,0.759787311372,
    0.793856187529,0.828799116201,0.864057997078,0.898806507422,
    0.932001552493,0.962545077037,1.,1.025221517356),.UNSPECIFIED.);
#5955 = CARTESIAN_POINT('',(6.96,0.,0.899909083395));
#5956 = CARTESIAN_POINT('',(6.96,-9.860167462582E-03,0.89990896861));
#5957 = CARTESIAN_POINT('',(6.96,-1.96044152314E-02,0.900333777569));
#5958 = CARTESIAN_POINT('',(6.96,-2.906856746895E-02,0.901162791225));
#5959 = CARTESIAN_POINT('',(6.96,-3.818494668051E-02,0.902337445313));
#5960 = CARTESIAN_POINT('',(6.96,-4.697397432956E-02,0.903804960014));
#5961 = CARTESIAN_POINT('',(6.96,-6.54122858756E-02,0.907588661461));
#5962 = CARTESIAN_POINT('',(6.96,-7.491985816654E-02,0.909985989386));
#5963 = CARTESIAN_POINT('',(6.96,-8.408849098391E-02,0.912709553602));
#5964 = CARTESIAN_POINT('',(6.96,-9.294310465939E-02,0.915726321464));
#5965 = CARTESIAN_POINT('',(6.96,-0.10150496885,0.919011549987));
#5966 = CARTESIAN_POINT('',(6.96,-0.118958221281,0.926453836747));
#5967 = CARTESIAN_POINT('',(6.96,-0.127787715696,0.930666010737));
#5968 = CARTESIAN_POINT('',(6.96,-0.136306161655,0.935155928941));
#5969 = CARTESIAN_POINT('',(6.96,-0.144532121634,0.939904049757));
#5970 = CARTESIAN_POINT('',(6.96,-0.152479877126,0.944895641374));
#5971 = CARTESIAN_POINT('',(6.96,-0.168328600516,0.955672815412));
#5972 = CARTESIAN_POINT('',(6.96,-0.176194773963,0.961488214941));
#5973 = CARTESIAN_POINT('',(6.96,-0.183772608747,0.967551566344));
#5974 = CARTESIAN_POINT('',(6.96,-0.191071765541,0.973851742068));
#5975 = CARTESIAN_POINT('',(6.96,-0.198098606692,0.980379951052));
#5976 = CARTESIAN_POINT('',(6.96,-0.211800202804,0.994065659178));
#5977 = CARTESIAN_POINT('',(6.96,-0.218460270558,1.001234983766));
#5978 = CARTESIAN_POINT('',(6.96,-0.224839910615,1.00863041136));
#5979 = CARTESIAN_POINT('',(6.96,-0.230940211566,1.016245364777));
#5980 = CARTESIAN_POINT('',(6.96,-0.236759839456,1.024073990789));
#5981 = CARTESIAN_POINT('',(6.96,-0.247832003876,1.040150861324));
#5982 = CARTESIAN_POINT('',(6.96,-0.253084568675,1.048398903269));
#5983 = CARTESIAN_POINT('',(6.96,-0.258049049185,1.05685004652));
#5984 = CARTESIAN_POINT('',(6.96,-0.2627200155,1.065498685566));
#5985 = CARTESIAN_POINT('',(6.96,-0.267090290802,1.074338848812));
#5986 = CARTESIAN_POINT('',(6.96,-0.275134913375,1.092219064394));
#5987 = CARTESIAN_POINT('',(6.96,-0.278821000575,1.10125194666));
#5988 = CARTESIAN_POINT('',(6.96,-0.282200788118,1.110456818481));
#5989 = CARTESIAN_POINT('',(6.96,-0.285264726102,1.119826534893));
#5990 = CARTESIAN_POINT('',(6.96,-0.288002139566,1.129352832871));
#5991 = CARTESIAN_POINT('',(6.96,-0.292725370416,1.148397637921));
#5992 = CARTESIAN_POINT('',(6.96,-0.29473215882,1.157906911838));
#5993 = CARTESIAN_POINT('',(6.96,-0.296410834199,1.16754558505));
#5994 = CARTESIAN_POINT('',(6.96,-0.297750172302,1.177303521997));
#5995 = CARTESIAN_POINT('',(6.96,-0.298738484134,1.187169019587));
#5996 = CARTESIAN_POINT('',(6.96,-0.29996489055,1.20670853133));
#5997 = CARTESIAN_POINT('',(6.96,-0.300230362775,1.216375375657));
#5998 = CARTESIAN_POINT('',(6.96,-0.300149187552,1.22611747583));
#5999 = CARTESIAN_POINT('',(6.96,-0.299710732489,1.235921267953));
#6000 = CARTESIAN_POINT('',(6.96,-0.298904577874,1.245771488577));
#6001 = CARTESIAN_POINT('',(6.96,-0.296585075031,1.265125180201));
#6002 = CARTESIAN_POINT('',(6.96,-0.295102319855,1.27462625024));
#6003 = CARTESIAN_POINT('',(6.96,-0.293263243612,1.284139361954));
#6004 = CARTESIAN_POINT('',(6.96,-0.29105964956,1.293647958229));
#6005 = CARTESIAN_POINT('',(6.96,-0.288484151749,1.303133947704));
#6006 = CARTESIAN_POINT('',(6.96,-0.282698057797,1.321631888118));
#6007 = CARTESIAN_POINT('',(6.96,-0.279518212828,1.330647292743));
#6008 = CARTESIAN_POINT('',(6.96,-0.275984865526,1.339606568389));
#6009 = CARTESIAN_POINT('',(6.96,-0.27209347283,1.348491205415));
#6010 = CARTESIAN_POINT('',(6.96,-0.26784072321,1.357281534804));
#6011 = CARTESIAN_POINT('',(6.96,-0.258792456003,1.374285939199));
#6012 = CARTESIAN_POINT('',(6.96,-0.254025471274,1.382509099941));
#6013 = CARTESIAN_POINT('',(6.96,-0.248921774536,1.390607746147));
#6014 = CARTESIAN_POINT('',(6.96,-0.24348099529,1.398562707415));
#6015 = CARTESIAN_POINT('',(6.96,-0.237704200488,1.406354107177));
#6016 = CARTESIAN_POINT('',(6.96,-0.225715116467,1.421280374005));
#6017 = CARTESIAN_POINT('',(6.96,-0.219527700064,1.428429026844));
#6018 = CARTESIAN_POINT('',(6.96,-0.213033898729,1.435388985848));
#6019 = CARTESIAN_POINT('',(6.96,-0.206237442407,1.442141620875));
#6020 = CARTESIAN_POINT('',(6.96,-0.199143537578,1.448668007007));
#6021 = CARTESIAN_POINT('',(6.96,-0.184639358866,1.461004311837));
#6022 = CARTESIAN_POINT('',(6.96,-0.177249661366,1.46683162664));
#6023 = CARTESIAN_POINT('',(6.96,-0.169595743404,1.472413651413));
#6024 = CARTESIAN_POINT('',(6.96,-0.161685063001,1.477733185029));
#6025 = CARTESIAN_POINT('',(6.96,-0.153526567552,1.482773042789));
#6026 = CARTESIAN_POINT('',(6.96,-0.137020377957,1.492097733275));
#6027 = CARTESIAN_POINT('',(6.96,-0.128688741655,1.496402506097));
#6028 = CARTESIAN_POINT('',(6.96,-0.120145015698,1.500414870926));
#6029 = CARTESIAN_POINT('',(6.96,-0.111400273136,1.504119613979));
#6030 = CARTESIAN_POINT('',(6.96,-0.102467429294,1.507501811642));
#6031 = CARTESIAN_POINT('',(6.96,-8.453487359643E-02,1.513498183633));
#6032 = CARTESIAN_POINT('',(6.96,-7.554644720911E-02,1.51613308184));
#6033 = CARTESIAN_POINT('',(6.96,-6.640854708582E-02,1.518437839156));
#6034 = CARTESIAN_POINT('',(6.96,-5.713780068804E-02,1.520399910874));
#6035 = CARTESIAN_POINT('',(6.96,-4.775487845774E-02,1.522007893513));
#6036 = CARTESIAN_POINT('',(6.96,-2.969292548283E-02,1.52437977876));
#6037 = CARTESIAN_POINT('',(6.96,-2.102889094976E-02,1.525208924822));
#6038 = CARTESIAN_POINT('',(6.96,-1.231404153143E-02,1.525730890851));
#6039 = CARTESIAN_POINT('',(6.96,-3.572679276074E-03,1.525941220805));
#6040 = CARTESIAN_POINT('',(6.96,5.168243033088E-03,1.52583907475));
#6041 = CARTESIAN_POINT('',(6.96,2.337844678287E-02,1.524978413229));
#6042 = CARTESIAN_POINT('',(6.96,3.284373024997E-02,1.524160868463));
#6043 = CARTESIAN_POINT('',(6.96,4.224172239025E-02,1.522980299422));
#6044 = CARTESIAN_POINT('',(6.96,5.154503802108E-02,1.521444853212));
#6045 = CARTESIAN_POINT('',(6.96,6.073215666605E-02,1.519565119195));
#6046 = CARTESIAN_POINT('',(6.96,7.909771199475E-02,1.515080715405));
#6047 = CARTESIAN_POINT('',(6.96,8.82675531125E-02,1.512456387335));
#6048 = CARTESIAN_POINT('',(6.96,9.727920151967E-02,1.509494357792));
#6049 = CARTESIAN_POINT('',(6.96,0.106117302403,1.506208331254));
#6050 = CARTESIAN_POINT('',(6.96,0.114768890523,1.502612503667));
#6051 = CARTESIAN_POINT('',(6.96,0.1319661163,1.494697932395));
#6052 = CARTESIAN_POINT('',(6.96,0.140497712216,1.490358583428));
#6053 = CARTESIAN_POINT('',(6.96,0.148806071355,1.485719654426));
#6054 = CARTESIAN_POINT('',(6.96,0.156880646133,1.480797412311));
#6055 = CARTESIAN_POINT('',(6.96,0.164712447986,1.475608252032));
#6056 = CARTESIAN_POINT('',(6.96,0.180151425777,1.46453127229));
#6057 = CARTESIAN_POINT('',(6.96,0.187739967164,1.45862481836));
#6058 = CARTESIAN_POINT('',(6.96,0.195051332691,1.452467727028));
#6059 = CARTESIAN_POINT('',(6.96,0.20207865613,1.446078243141));
#6060 = CARTESIAN_POINT('',(6.96,0.208816543867,1.439474464151));
#6061 = CARTESIAN_POINT('',(6.96,0.221953238059,1.425612923524));
#6062 = CARTESIAN_POINT('',(6.96,0.228328994524,1.418339683896));
#6063 = CARTESIAN_POINT('',(6.96,0.234383964852,1.410874723556));
#6064 = CARTESIAN_POINT('',(6.96,0.240115238483,1.403237627432));
#6065 = CARTESIAN_POINT('',(6.96,0.245521373748,1.395447463058));
#6066 = CARTESIAN_POINT('',(6.96,0.25588986733,1.379276120213));
#6067 = CARTESIAN_POINT('',(6.96,0.260825161615,1.370883687614));
#6068 = CARTESIAN_POINT('',(6.96,0.265408347201,1.362366366749));
#6069 = CARTESIAN_POINT('',(6.96,0.269640836772,1.353744077057));
#6070 = CARTESIAN_POINT('',(6.96,0.273525389215,1.345035773446));
#6071 = CARTESIAN_POINT('',(6.96,0.280757370989,1.327109983642));
#6072 = CARTESIAN_POINT('',(6.96,0.284074778857,1.317886520225));
#6073 = CARTESIAN_POINT('',(6.96,0.28702301626,1.308609389122));
#6074 = CARTESIAN_POINT('',(6.96,0.289607785113,1.29929753334));
#6075 = CARTESIAN_POINT('',(6.96,0.291835806202,1.289968505808));
#6076 = CARTESIAN_POINT('',(6.96,0.295674983107,1.270905490066));
#6077 = CARTESIAN_POINT('',(6.96,0.297255138129,1.261171409814));
#6078 = CARTESIAN_POINT('',(6.96,0.298464076807,1.251454505978));
#6079 = CARTESIAN_POINT('',(6.96,0.299311079865,1.241771395371));
#6080 = CARTESIAN_POINT('',(6.96,0.299805916194,1.232137034265));
#6081 = CARTESIAN_POINT('',(6.96,0.300118111197,1.212595339038));
#6082 = CARTESIAN_POINT('',(6.96,0.299906304864,1.202693342182));
#6083 = CARTESIAN_POINT('',(6.96,0.299334986276,1.192873677979));
#6084 = CARTESIAN_POINT('',(6.96,0.298415549391,1.183149632812));
#6085 = CARTESIAN_POINT('',(6.96,0.29715921972,1.173532829284));
#6086 = CARTESIAN_POINT('',(6.96,0.293937801394,1.154190874));
#6087 = CARTESIAN_POINT('',(6.96,0.291948588365,1.144474495238));
#6088 = CARTESIAN_POINT('',(6.96,0.28962167445,1.134895115228));
#6089 = CARTESIAN_POINT('',(6.96,0.286968474246,1.125462408515));
#6090 = CARTESIAN_POINT('',(6.96,0.283999557728,1.116184698885));
#6091 = CARTESIAN_POINT('',(6.96,0.277365720041,1.097719338125));
#6092 = CARTESIAN_POINT('',(6.96,0.273684735103,1.088540329457));
#6093 = CARTESIAN_POINT('',(6.96,0.269692170683,1.079539418357));
#6094 = CARTESIAN_POINT('',(6.96,0.265397023465,1.070723360764));
#6095 = CARTESIAN_POINT('',(6.96,0.260806811571,1.062098183552));
#6096 = CARTESIAN_POINT('',(6.96,0.251004219697,1.045163947022));
#6097 = CARTESIAN_POINT('',(6.96,0.245786411547,1.036858741787));
#6098 = CARTESIAN_POINT('',(6.96,0.240280395782,1.028758943151));
#6099 = CARTESIAN_POINT('',(6.96,0.234490304979,1.02087012779));
#6100 = CARTESIAN_POINT('',(6.96,0.22841815861,1.013198074729));
#6101 = CARTESIAN_POINT('',(6.96,0.215801547815,0.998407234883));
#6102 = CARTESIAN_POINT('',(6.96,0.209264913083,0.99128247471));
#6103 = CARTESIAN_POINT('',(6.96,0.202454000094,0.984380026053));
#6104 = CARTESIAN_POINT('',(6.96,0.195365961507,0.977706983911));
#6105 = CARTESIAN_POINT('',(6.96,0.187995061392,0.971271997058));
#6106 = CARTESIAN_POINT('',(6.96,0.173012837564,0.959175029375));
#6107 = CARTESIAN_POINT('',(6.96,0.165426529007,0.953492099376));
#6108 = CARTESIAN_POINT('',(6.96,0.157566437944,0.948044934321));
#6109 = CARTESIAN_POINT('',(6.96,0.149421373308,0.942845601948));
#6110 = CARTESIAN_POINT('',(6.96,0.140976264593,0.937909781461));
#6111 = CARTESIAN_POINT('',(6.96,0.124148131162,0.928975627958));
#6112 = CARTESIAN_POINT('',(6.96,0.115814071992,0.924934439518));
#6113 = CARTESIAN_POINT('',(6.96,0.107194037794,0.921149181784));
#6114 = CARTESIAN_POINT('',(6.96,9.826937450524E-02,0.917639774974));
#6115 = CARTESIAN_POINT('',(6.96,8.901696421491E-02,0.914432828225));
#6116 = CARTESIAN_POINT('',(6.96,6.762356037127E-02,0.908046964389));
#6117 = CARTESIAN_POINT('',(6.96,5.540377745077E-02,0.905068595899));
#6118 = CARTESIAN_POINT('',(6.96,4.253681255711E-02,0.902629529668));
#6119 = CARTESIAN_POINT('',(6.96,2.893994360873E-02,0.900849442899));
#6120 = CARTESIAN_POINT('',(6.96,1.46772221458E-02,0.899909046356));
#6121 = CARTESIAN_POINT('',(6.96,0.,0.899909083395));
#6122 = PLANE('',#6123);
#6123 = AXIS2_PLACEMENT_3D('',#6124,#6125,#6126);
#6124 = CARTESIAN_POINT('',(6.96,1.25,1.25));
#6125 = DIRECTION('',(-1.,0.,0.));
#6126 = DIRECTION('',(0.,0.,-1.));
#6127 = ADVANCED_FACE('',(#6128),#6148,.T.);
#6128 = FACE_BOUND('',#6129,.T.);
#6129 = EDGE_LOOP('',(#6130,#6131,#6140,#6147));
#6130 = ORIENTED_EDGE('',*,*,#5951,.F.);
#6131 = ORIENTED_EDGE('',*,*,#6132,.T.);
#6132 = EDGE_CURVE('',#5952,#6133,#6135,.T.);
#6133 = VERTEX_POINT('',#6134);
#6134 = CARTESIAN_POINT('',(7.32,0.,0.35));
#6135 = CIRCLE('',#6136,0.6);
#6136 = AXIS2_PLACEMENT_3D('',#6137,#6138,#6139);
#6137 = CARTESIAN_POINT('',(6.72,1.102182119233E-16,0.35));
#6138 = DIRECTION('',(0.,1.,0.));
#6139 = DIRECTION('',(0.,-0.,1.));
#6140 = ORIENTED_EDGE('',*,*,#6141,.T.);
#6141 = EDGE_CURVE('',#6133,#6133,#6142,.T.);
#6142 = CIRCLE('',#6143,0.3);
#6143 = AXIS2_PLACEMENT_3D('',#6144,#6145,#6146);
#6144 = CARTESIAN_POINT('',(7.62,0.,0.35));
#6145 = DIRECTION('',(3.828568698927E-16,-0.,1.));
#6146 = DIRECTION('',(1.,0.,-3.828568698927E-16));
#6147 = ORIENTED_EDGE('',*,*,#6132,.F.);
#6148 = TOROIDAL_SURFACE('',#6149,0.9,0.3);
#6149 = AXIS2_PLACEMENT_3D('',#6150,#6151,#6152);
#6150 = CARTESIAN_POINT('',(6.72,0.,0.35));
#6151 = DIRECTION('',(0.,1.,0.));
#6152 = DIRECTION('',(0.,-0.,1.));
#6153 = ADVANCED_FACE('',(#6154),#6173,.T.);
#6154 = FACE_BOUND('',#6155,.T.);
#6155 = EDGE_LOOP('',(#6156,#6164,#6171,#6172));
#6156 = ORIENTED_EDGE('',*,*,#6157,.T.);
#6157 = EDGE_CURVE('',#6133,#6158,#6160,.T.);
#6158 = VERTEX_POINT('',#6159);
#6159 = CARTESIAN_POINT('',(7.32,-7.347880794884E-17,-3.));
#6160 = LINE('',#6161,#6162);
#6161 = CARTESIAN_POINT('',(7.32,0.,0.35));
#6162 = VECTOR('',#6163,1.);
#6163 = DIRECTION('',(0.,0.,-1.));
#6164 = ORIENTED_EDGE('',*,*,#6165,.F.);
#6165 = EDGE_CURVE('',#6158,#6158,#6166,.T.);
#6166 = CIRCLE('',#6167,0.3);
#6167 = AXIS2_PLACEMENT_3D('',#6168,#6169,#6170);
#6168 = CARTESIAN_POINT('',(7.62,0.,-3.));
#6169 = DIRECTION('',(0.,0.,-1.));
#6170 = DIRECTION('',(-1.,0.,0.));
#6171 = ORIENTED_EDGE('',*,*,#6157,.F.);
#6172 = ORIENTED_EDGE('',*,*,#6141,.F.);
#6173 = CYLINDRICAL_SURFACE('',#6174,0.3);
#6174 = AXIS2_PLACEMENT_3D('',#6175,#6176,#6177);
#6175 = CARTESIAN_POINT('',(7.62,0.,0.35));
#6176 = DIRECTION('',(0.,0.,-1.));
#6177 = DIRECTION('',(-1.,0.,0.));
#6178 = ADVANCED_FACE('',(#6179),#6182,.F.);
#6179 = FACE_BOUND('',#6180,.T.);
#6180 = EDGE_LOOP('',(#6181));
#6181 = ORIENTED_EDGE('',*,*,#6165,.T.);
#6182 = PLANE('',#6183);
#6183 = AXIS2_PLACEMENT_3D('',#6184,#6185,#6186);
#6184 = CARTESIAN_POINT('',(7.32,0.,-3.));
#6185 = DIRECTION('',(0.,0.,1.));
#6186 = DIRECTION('',(1.,0.,-0.));
#6187 = ( GEOMETRIC_REPRESENTATION_CONTEXT(3) 
GLOBAL_UNCERTAINTY_ASSIGNED_CONTEXT((#6191)) 
GLOBAL_UNIT_ASSIGNED_CONTEXT((#6188,#6189,#6190)) REPRESENTATION_CONTEXT
('Context #1','3D Context with UNIT and UNCERTAINTY') );
#6188 = ( LENGTH_UNIT() NAMED_UNIT(*) SI_UNIT(.MILLI.,.METRE.) );
#6189 = ( NAMED_UNIT(*) PLANE_ANGLE_UNIT() SI_UNIT($,.RADIAN.) );
#6190 = ( NAMED_UNIT(*) SI_UNIT($,.STERADIAN.) SOLID_ANGLE_UNIT() );
#6191 = UNCERTAINTY_MEASURE_WITH_UNIT(LENGTH_MEASURE(1.E-07),#6188,
  'distance_accuracy_value','confusion accuracy');
#6192 = CONTEXT_DEPENDENT_SHAPE_REPRESENTATION(#6193,#6195);
#6193 = ( REPRESENTATION_RELATIONSHIP('','',#5523,#10) 
REPRESENTATION_RELATIONSHIP_WITH_TRANSFORMATION(#6194) 
SHAPE_REPRESENTATION_RELATIONSHIP() );
#6194 = ITEM_DEFINED_TRANSFORMATION('','',#11,#43);
#6195 = PRODUCT_DEFINITION_SHAPE('Placement','Placement of an item',
  #6196);
#6196 = NEXT_ASSEMBLY_USAGE_OCCURRENCE('8','R2','',#5,#5518,$);
#6197 = PRODUCT_RELATED_PRODUCT_CATEGORY('part',$,(#5520));
#6198 = CONTEXT_DEPENDENT_SHAPE_REPRESENTATION(#6199,#6201);
#6199 = ( REPRESENTATION_RELATIONSHIP('','',#84,#10) 
REPRESENTATION_RELATIONSHIP_WITH_TRANSFORMATION(#6200) 
SHAPE_REPRESENTATION_RELATIONSHIP() );
#6200 = ITEM_DEFINED_TRANSFORMATION('','',#11,#47);
#6201 = PRODUCT_DEFINITION_SHAPE('Placement','Placement of an item',
  #6202);
#6202 = NEXT_ASSEMBLY_USAGE_OCCURRENCE('9','C4','',#5,#79,$);
#6203 = CONTEXT_DEPENDENT_SHAPE_REPRESENTATION(#6204,#6206);
#6204 = ( REPRESENTATION_RELATIONSHIP('','',#5523,#10) 
REPRESENTATION_RELATIONSHIP_WITH_TRANSFORMATION(#6205) 
SHAPE_REPRESENTATION_RELATIONSHIP() );
#6205 = ITEM_DEFINED_TRANSFORMATION('','',#11,#51);
#6206 = PRODUCT_DEFINITION_SHAPE('Placement','Placement of an item',
  #6207);
#6207 = NEXT_ASSEMBLY_USAGE_OCCURRENCE('10','R1','',#5,#5518,$);
#6208 = SHAPE_DEFINITION_REPRESENTATION(#6209,#6215);
#6209 = PRODUCT_DEFINITION_SHAPE('','',#6210);
#6210 = PRODUCT_DEFINITION('design','',#6211,#6214);
#6211 = PRODUCT_DEFINITION_FORMATION('','',#6212);
#6212 = PRODUCT('DIP-8_W7.62mm','DIP-8_W7.62mm','',(#6213));
#6213 = PRODUCT_CONTEXT('',#2,'mechanical');
#6214 = PRODUCT_DEFINITION_CONTEXT('part definition',#2,'design');
#6215 = ADVANCED_BREP_SHAPE_REPRESENTATION('',(#11,#6216),#10988);
#6216 = MANIFOLD_SOLID_BREP('',#6217);
#6217 = CLOSED_SHELL('',(#6218,#6258,#6351,#6374,#6461,#6478,#6508,#6538
    ,#6569,#6600,#6631,#6662,#6693,#6724,#6755,#6778,#6802,#6832,#6863,
    #6894,#6925,#6956,#6987,#7018,#7049,#7066,#7096,#7154,#7212,#7242,
    #7300,#7317,#7342,#7392,#7423,#7481,#7539,#7570,#7628,#7645,#7670,
    #7720,#7751,#7774,#7798,#7856,#7914,#7944,#8002,#8019,#8077,#8094,
    #8125,#8183,#8241,#8272,#8330,#8347,#8405,#8422,#8453,#8470,#8527,
    #8546,#8595,#8619,#8666,#8678,#8697,#8714,#8763,#8787,#8829,#8846,
    #8863,#8882,#8947,#8971,#9034,#9046,#9111,#9135,#9198,#9215,#9229,
    #9246,#9263,#9612,#9663,#9682,#9731,#9755,#9802,#9814,#9868,#9892,
    #9934,#9953,#9965,#9982,#9999,#10018,#10035,#10100,#10124,#10182,
    #10204,#10269,#10293,#10351,#10365,#10382,#10399,#10416,#10445,
    #10462,#10479,#10491,#10508,#10525,#10537,#10554,#10571,#10588,
    #10605,#10617,#10634,#10651,#10668,#10685,#10697,#10725,#10736,
    #10753,#10770,#10782,#10799,#10816,#10828,#10845,#10862,#10879,
    #10896,#10908,#10925,#10942,#10959,#10976));
#6218 = ADVANCED_FACE('',(#6219),#6253,.T.);
#6219 = FACE_BOUND('',#6220,.F.);
#6220 = EDGE_LOOP('',(#6221,#6231,#6239,#6247));
#6221 = ORIENTED_EDGE('',*,*,#6222,.T.);
#6222 = EDGE_CURVE('',#6223,#6225,#6227,.T.);
#6223 = VERTEX_POINT('',#6224);
#6224 = CARTESIAN_POINT('',(6.661276356577,-8.121276356577,0.38));
#6225 = VERTEX_POINT('',#6226);
#6226 = CARTESIAN_POINT('',(6.661276356577,0.501276356577,0.38));
#6227 = LINE('',#6228,#6229);
#6228 = CARTESIAN_POINT('',(6.661276356577,-8.121276356577,0.38));
#6229 = VECTOR('',#6230,1.);
#6230 = DIRECTION('',(-4.440892098501E-16,1.,0.));
#6231 = ORIENTED_EDGE('',*,*,#6232,.T.);
#6232 = EDGE_CURVE('',#6225,#6233,#6235,.T.);
#6233 = VERTEX_POINT('',#6234);
#6234 = CARTESIAN_POINT('',(0.958723643423,0.501276356577,0.38));
#6235 = LINE('',#6236,#6237);
#6236 = CARTESIAN_POINT('',(6.661276356577,0.501276356577,0.38));
#6237 = VECTOR('',#6238,1.);
#6238 = DIRECTION('',(-1.,-4.440892098501E-16,0.));
#6239 = ORIENTED_EDGE('',*,*,#6240,.T.);
#6240 = EDGE_CURVE('',#6233,#6241,#6243,.T.);
#6241 = VERTEX_POINT('',#6242);
#6242 = CARTESIAN_POINT('',(0.958723643423,-8.121276356577,0.38));
#6243 = LINE('',#6244,#6245);
#6244 = CARTESIAN_POINT('',(0.958723643423,0.501276356577,0.38));
#6245 = VECTOR('',#6246,1.);
#6246 = DIRECTION('',(4.440892098501E-16,-1.,0.));
#6247 = ORIENTED_EDGE('',*,*,#6248,.T.);
#6248 = EDGE_CURVE('',#6241,#6223,#6249,.T.);
#6249 = LINE('',#6250,#6251);
#6250 = CARTESIAN_POINT('',(0.958723643423,-8.121276356577,0.38));
#6251 = VECTOR('',#6252,1.);
#6252 = DIRECTION('',(1.,4.440892098501E-16,0.));
#6253 = PLANE('',#6254);
#6254 = AXIS2_PLACEMENT_3D('',#6255,#6256,#6257);
#6255 = CARTESIAN_POINT('',(6.661276356577,-8.121276356577,0.38));
#6256 = DIRECTION('',(-0.,0.,-1.));
#6257 = DIRECTION('',(-0.551628171486,0.834090139268,0.));
#6258 = ADVANCED_FACE('',(#6259),#6346,.T.);
#6259 = FACE_BOUND('',#6260,.T.);
#6260 = EDGE_LOOP('',(#6261,#6262,#6269,#6277,#6285,#6293,#6301,#6309,
    #6317,#6325,#6333,#6341));
#6261 = ORIENTED_EDGE('',*,*,#6222,.T.);
#6262 = ORIENTED_EDGE('',*,*,#6263,.T.);
#6263 = EDGE_CURVE('',#6225,#6264,#6266,.T.);
#6264 = VERTEX_POINT('',#6265);
#6265 = CARTESIAN_POINT('',(6.985,0.825,1.903));
#6266 = B_SPLINE_CURVE_WITH_KNOTS('',1,(#6267,#6268),.UNSPECIFIED.,.F.,
  .F.,(2,2),(0.,1.),.PIECEWISE_BEZIER_KNOTS.);
#6267 = CARTESIAN_POINT('',(6.661276356577,0.501276356577,0.38));
#6268 = CARTESIAN_POINT('',(6.985,0.825,1.903));
#6269 = ORIENTED_EDGE('',*,*,#6270,.F.);
#6270 = EDGE_CURVE('',#6271,#6264,#6273,.T.);
#6271 = VERTEX_POINT('',#6272);
#6272 = CARTESIAN_POINT('',(6.985,0.2285,1.903));
#6273 = LINE('',#6274,#6275);
#6274 = CARTESIAN_POINT('',(6.985,-8.445,1.903));
#6275 = VECTOR('',#6276,1.);
#6276 = DIRECTION('',(-4.440892098501E-16,1.,0.));
#6277 = ORIENTED_EDGE('',*,*,#6278,.F.);
#6278 = EDGE_CURVE('',#6279,#6271,#6281,.T.);
#6279 = VERTEX_POINT('',#6280);
#6280 = CARTESIAN_POINT('',(6.985,-0.762,1.903));
#6281 = LINE('',#6282,#6283);
#6282 = CARTESIAN_POINT('',(6.985,-8.445,1.903));
#6283 = VECTOR('',#6284,1.);
#6284 = DIRECTION('',(-4.440892098501E-16,1.,0.));
#6285 = ORIENTED_EDGE('',*,*,#6286,.F.);
#6286 = EDGE_CURVE('',#6287,#6279,#6289,.T.);
#6287 = VERTEX_POINT('',#6288);
#6288 = CARTESIAN_POINT('',(6.985,-1.778,1.903));
#6289 = LINE('',#6290,#6291);
#6290 = CARTESIAN_POINT('',(6.985,-8.445,1.903));
#6291 = VECTOR('',#6292,1.);
#6292 = DIRECTION('',(-4.440892098501E-16,1.,0.));
#6293 = ORIENTED_EDGE('',*,*,#6294,.F.);
#6294 = EDGE_CURVE('',#6295,#6287,#6297,.T.);
#6295 = VERTEX_POINT('',#6296);
#6296 = CARTESIAN_POINT('',(6.985,-3.302,1.903));
#6297 = LINE('',#6298,#6299);
#6298 = CARTESIAN_POINT('',(6.985,-8.445,1.903));
#6299 = VECTOR('',#6300,1.);
#6300 = DIRECTION('',(-4.440892098501E-16,1.,0.));
#6301 = ORIENTED_EDGE('',*,*,#6302,.F.);
#6302 = EDGE_CURVE('',#6303,#6295,#6305,.T.);
#6303 = VERTEX_POINT('',#6304);
#6304 = CARTESIAN_POINT('',(6.985,-4.318,1.903));
#6305 = LINE('',#6306,#6307);
#6306 = CARTESIAN_POINT('',(6.985,-8.445,1.903));
#6307 = VECTOR('',#6308,1.);
#6308 = DIRECTION('',(-4.440892098501E-16,1.,0.));
#6309 = ORIENTED_EDGE('',*,*,#6310,.F.);
#6310 = EDGE_CURVE('',#6311,#6303,#6313,.T.);
#6311 = VERTEX_POINT('',#6312);
#6312 = CARTESIAN_POINT('',(6.985,-5.842,1.903));
#6313 = LINE('',#6314,#6315);
#6314 = CARTESIAN_POINT('',(6.985,-8.445,1.903));
#6315 = VECTOR('',#6316,1.);
#6316 = DIRECTION('',(-4.440892098501E-16,1.,0.));
#6317 = ORIENTED_EDGE('',*,*,#6318,.F.);
#6318 = EDGE_CURVE('',#6319,#6311,#6321,.T.);
#6319 = VERTEX_POINT('',#6320);
#6320 = CARTESIAN_POINT('',(6.985,-6.858,1.903));
#6321 = LINE('',#6322,#6323);
#6322 = CARTESIAN_POINT('',(6.985,-8.445,1.903));
#6323 = VECTOR('',#6324,1.);
#6324 = DIRECTION('',(-4.440892098501E-16,1.,0.));
#6325 = ORIENTED_EDGE('',*,*,#6326,.F.);
#6326 = EDGE_CURVE('',#6327,#6319,#6329,.T.);
#6327 = VERTEX_POINT('',#6328);
#6328 = CARTESIAN_POINT('',(6.985,-7.8485,1.903));
#6329 = LINE('',#6330,#6331);
#6330 = CARTESIAN_POINT('',(6.985,-8.445,1.903));
#6331 = VECTOR('',#6332,1.);
#6332 = DIRECTION('',(-4.440892098501E-16,1.,0.));
#6333 = ORIENTED_EDGE('',*,*,#6334,.F.);
#6334 = EDGE_CURVE('',#6335,#6327,#6337,.T.);
#6335 = VERTEX_POINT('',#6336);
#6336 = CARTESIAN_POINT('',(6.985,-8.445,1.903));
#6337 = LINE('',#6338,#6339);
#6338 = CARTESIAN_POINT('',(6.985,-8.445,1.903));
#6339 = VECTOR('',#6340,1.);
#6340 = DIRECTION('',(-4.440892098501E-16,1.,0.));
#6341 = ORIENTED_EDGE('',*,*,#6342,.F.);
#6342 = EDGE_CURVE('',#6223,#6335,#6343,.T.);
#6343 = B_SPLINE_CURVE_WITH_KNOTS('',1,(#6344,#6345),.UNSPECIFIED.,.F.,
  .F.,(2,2),(0.,1.),.PIECEWISE_BEZIER_KNOTS.);
#6344 = CARTESIAN_POINT('',(6.661276356577,-8.121276356577,0.38));
#6345 = CARTESIAN_POINT('',(6.985,-8.445,1.903));
#6346 = B_SPLINE_SURFACE_WITH_KNOTS('',1,1,(
    (#6347,#6348)
    ,(#6349,#6350
    )),.UNSPECIFIED.,.F.,.F.,.F.,(2,2),(2,2),(0.,9.27),(0.,1.),
  .PIECEWISE_BEZIER_KNOTS.);
#6347 = CARTESIAN_POINT('',(6.661276356577,-8.121276356577,0.38));
#6348 = CARTESIAN_POINT('',(6.985,-8.445,1.903));
#6349 = CARTESIAN_POINT('',(6.661276356577,0.501276356577,0.38));
#6350 = CARTESIAN_POINT('',(6.985,0.825,1.903));
#6351 = ADVANCED_FACE('',(#6352),#6369,.T.);
#6352 = FACE_BOUND('',#6353,.T.);
#6353 = EDGE_LOOP('',(#6354,#6355,#6362,#6368));
#6354 = ORIENTED_EDGE('',*,*,#6232,.T.);
#6355 = ORIENTED_EDGE('',*,*,#6356,.T.);
#6356 = EDGE_CURVE('',#6233,#6357,#6359,.T.);
#6357 = VERTEX_POINT('',#6358);
#6358 = CARTESIAN_POINT('',(0.635,0.825,1.903));
#6359 = B_SPLINE_CURVE_WITH_KNOTS('',1,(#6360,#6361),.UNSPECIFIED.,.F.,
  .F.,(2,2),(0.,1.),.PIECEWISE_BEZIER_KNOTS.);
#6360 = CARTESIAN_POINT('',(0.958723643423,0.501276356577,0.38));
#6361 = CARTESIAN_POINT('',(0.635,0.825,1.903));
#6362 = ORIENTED_EDGE('',*,*,#6363,.F.);
#6363 = EDGE_CURVE('',#6264,#6357,#6364,.T.);
#6364 = LINE('',#6365,#6366);
#6365 = CARTESIAN_POINT('',(6.985,0.825,1.903));
#6366 = VECTOR('',#6367,1.);
#6367 = DIRECTION('',(-1.,-4.440892098501E-16,0.));
#6368 = ORIENTED_EDGE('',*,*,#6263,.F.);
#6369 = B_SPLINE_SURFACE_WITH_KNOTS('',1,1,(
    (#6370,#6371)
    ,(#6372,#6373
    )),.UNSPECIFIED.,.F.,.F.,.F.,(2,2),(2,2),(0.,6.35),(0.,1.),
  .PIECEWISE_BEZIER_KNOTS.);
#6370 = CARTESIAN_POINT('',(6.661276356577,0.501276356577,0.38));
#6371 = CARTESIAN_POINT('',(6.985,0.825,1.903));
#6372 = CARTESIAN_POINT('',(0.958723643423,0.501276356577,0.38));
#6373 = CARTESIAN_POINT('',(0.635,0.825,1.903));
#6374 = ADVANCED_FACE('',(#6375),#6456,.T.);
#6375 = FACE_BOUND('',#6376,.T.);
#6376 = EDGE_LOOP('',(#6377,#6378,#6385,#6393,#6401,#6409,#6417,#6425,
    #6433,#6441,#6449,#6455));
#6377 = ORIENTED_EDGE('',*,*,#6240,.T.);
#6378 = ORIENTED_EDGE('',*,*,#6379,.T.);
#6379 = EDGE_CURVE('',#6241,#6380,#6382,.T.);
#6380 = VERTEX_POINT('',#6381);
#6381 = CARTESIAN_POINT('',(0.635,-8.445,1.903));
#6382 = B_SPLINE_CURVE_WITH_KNOTS('',1,(#6383,#6384),.UNSPECIFIED.,.F.,
  .F.,(2,2),(0.,1.),.PIECEWISE_BEZIER_KNOTS.);
#6383 = CARTESIAN_POINT('',(0.958723643423,-8.121276356577,0.38));
#6384 = CARTESIAN_POINT('',(0.635,-8.445,1.903));
#6385 = ORIENTED_EDGE('',*,*,#6386,.F.);
#6386 = EDGE_CURVE('',#6387,#6380,#6389,.T.);
#6387 = VERTEX_POINT('',#6388);
#6388 = CARTESIAN_POINT('',(0.635,-7.8485,1.903));
#6389 = LINE('',#6390,#6391);
#6390 = CARTESIAN_POINT('',(0.635,0.825,1.903));
#6391 = VECTOR('',#6392,1.);
#6392 = DIRECTION('',(4.440892098501E-16,-1.,0.));
#6393 = ORIENTED_EDGE('',*,*,#6394,.F.);
#6394 = EDGE_CURVE('',#6395,#6387,#6397,.T.);
#6395 = VERTEX_POINT('',#6396);
#6396 = CARTESIAN_POINT('',(0.635,-6.858,1.903));
#6397 = LINE('',#6398,#6399);
#6398 = CARTESIAN_POINT('',(0.635,0.825,1.903));
#6399 = VECTOR('',#6400,1.);
#6400 = DIRECTION('',(4.440892098501E-16,-1.,0.));
#6401 = ORIENTED_EDGE('',*,*,#6402,.F.);
#6402 = EDGE_CURVE('',#6403,#6395,#6405,.T.);
#6403 = VERTEX_POINT('',#6404);
#6404 = CARTESIAN_POINT('',(0.635,-5.842,1.903));
#6405 = LINE('',#6406,#6407);
#6406 = CARTESIAN_POINT('',(0.635,0.825,1.903));
#6407 = VECTOR('',#6408,1.);
#6408 = DIRECTION('',(4.440892098501E-16,-1.,0.));
#6409 = ORIENTED_EDGE('',*,*,#6410,.F.);
#6410 = EDGE_CURVE('',#6411,#6403,#6413,.T.);
#6411 = VERTEX_POINT('',#6412);
#6412 = CARTESIAN_POINT('',(0.635,-4.318,1.903));
#6413 = LINE('',#6414,#6415);
#6414 = CARTESIAN_POINT('',(0.635,0.825,1.903));
#6415 = VECTOR('',#6416,1.);
#6416 = DIRECTION('',(4.440892098501E-16,-1.,0.));
#6417 = ORIENTED_EDGE('',*,*,#6418,.F.);
#6418 = EDGE_CURVE('',#6419,#6411,#6421,.T.);
#6419 = VERTEX_POINT('',#6420);
#6420 = CARTESIAN_POINT('',(0.635,-3.302,1.903));
#6421 = LINE('',#6422,#6423);
#6422 = CARTESIAN_POINT('',(0.635,0.825,1.903));
#6423 = VECTOR('',#6424,1.);
#6424 = DIRECTION('',(4.440892098501E-16,-1.,0.));
#6425 = ORIENTED_EDGE('',*,*,#6426,.F.);
#6426 = EDGE_CURVE('',#6427,#6419,#6429,.T.);
#6427 = VERTEX_POINT('',#6428);
#6428 = CARTESIAN_POINT('',(0.635,-1.778,1.903));
#6429 = LINE('',#6430,#6431);
#6430 = CARTESIAN_POINT('',(0.635,0.825,1.903));
#6431 = VECTOR('',#6432,1.);
#6432 = DIRECTION('',(4.440892098501E-16,-1.,0.));
#6433 = ORIENTED_EDGE('',*,*,#6434,.F.);
#6434 = EDGE_CURVE('',#6435,#6427,#6437,.T.);
#6435 = VERTEX_POINT('',#6436);
#6436 = CARTESIAN_POINT('',(0.635,-0.762,1.903));
#6437 = LINE('',#6438,#6439);
#6438 = CARTESIAN_POINT('',(0.635,0.825,1.903));
#6439 = VECTOR('',#6440,1.);
#6440 = DIRECTION('',(4.440892098501E-16,-1.,0.));
#6441 = ORIENTED_EDGE('',*,*,#6442,.F.);
#6442 = EDGE_CURVE('',#6443,#6435,#6445,.T.);
#6443 = VERTEX_POINT('',#6444);
#6444 = CARTESIAN_POINT('',(0.635,0.2285,1.903));
#6445 = LINE('',#6446,#6447);
#6446 = CARTESIAN_POINT('',(0.635,0.825,1.903));
#6447 = VECTOR('',#6448,1.);
#6448 = DIRECTION('',(4.440892098501E-16,-1.,0.));
#6449 = ORIENTED_EDGE('',*,*,#6450,.F.);
#6450 = EDGE_CURVE('',#6357,#6443,#6451,.T.);
#6451 = LINE('',#6452,#6453);
#6452 = CARTESIAN_POINT('',(0.635,0.825,1.903));
#6453 = VECTOR('',#6454,1.);
#6454 = DIRECTION('',(4.440892098501E-16,-1.,0.));
#6455 = ORIENTED_EDGE('',*,*,#6356,.F.);
#6456 = B_SPLINE_SURFACE_WITH_KNOTS('',1,1,(
    (#6457,#6458)
    ,(#6459,#6460
    )),.UNSPECIFIED.,.F.,.F.,.F.,(2,2),(2,2),(0.,9.27),(0.,1.),
  .PIECEWISE_BEZIER_KNOTS.);
#6457 = CARTESIAN_POINT('',(0.958723643423,0.501276356577,0.38));
#6458 = CARTESIAN_POINT('',(0.635,0.825,1.903));
#6459 = CARTESIAN_POINT('',(0.958723643423,-8.121276356577,0.38));
#6460 = CARTESIAN_POINT('',(0.635,-8.445,1.903));
#6461 = ADVANCED_FACE('',(#6462),#6473,.T.);
#6462 = FACE_BOUND('',#6463,.T.);
#6463 = EDGE_LOOP('',(#6464,#6465,#6466,#6472));
#6464 = ORIENTED_EDGE('',*,*,#6248,.T.);
#6465 = ORIENTED_EDGE('',*,*,#6342,.T.);
#6466 = ORIENTED_EDGE('',*,*,#6467,.F.);
#6467 = EDGE_CURVE('',#6380,#6335,#6468,.T.);
#6468 = LINE('',#6469,#6470);
#6469 = CARTESIAN_POINT('',(0.635,-8.445,1.903));
#6470 = VECTOR('',#6471,1.);
#6471 = DIRECTION('',(1.,4.440892098501E-16,0.));
#6472 = ORIENTED_EDGE('',*,*,#6379,.F.);
#6473 = B_SPLINE_SURFACE_WITH_KNOTS('',1,1,(
    (#6474,#6475)
    ,(#6476,#6477
    )),.UNSPECIFIED.,.F.,.F.,.F.,(2,2),(2,2),(0.,6.35),(0.,1.),
  .PIECEWISE_BEZIER_KNOTS.);
#6474 = CARTESIAN_POINT('',(0.958723643423,-8.121276356577,0.38));
#6475 = CARTESIAN_POINT('',(0.635,-8.445,1.903));
#6476 = CARTESIAN_POINT('',(6.661276356577,-8.121276356577,0.38));
#6477 = CARTESIAN_POINT('',(6.985,-8.445,1.903));
#6478 = ADVANCED_FACE('',(#6479),#6503,.T.);
#6479 = FACE_BOUND('',#6480,.T.);
#6480 = EDGE_LOOP('',(#6481,#6488,#6489,#6497));
#6481 = ORIENTED_EDGE('',*,*,#6482,.F.);
#6482 = EDGE_CURVE('',#6335,#6483,#6485,.T.);
#6483 = VERTEX_POINT('',#6484);
#6484 = CARTESIAN_POINT('',(6.985,-8.445,2.157));
#6485 = B_SPLINE_CURVE_WITH_KNOTS('',1,(#6486,#6487),.UNSPECIFIED.,.F.,
  .F.,(2,2),(0.,1.),.PIECEWISE_BEZIER_KNOTS.);
#6486 = CARTESIAN_POINT('',(6.985,-8.445,1.903));
#6487 = CARTESIAN_POINT('',(6.985,-8.445,2.157));
#6488 = ORIENTED_EDGE('',*,*,#6334,.T.);
#6489 = ORIENTED_EDGE('',*,*,#6490,.T.);
#6490 = EDGE_CURVE('',#6327,#6491,#6493,.T.);
#6491 = VERTEX_POINT('',#6492);
#6492 = CARTESIAN_POINT('',(6.985,-7.8485,2.157));
#6493 = LINE('',#6494,#6495);
#6494 = CARTESIAN_POINT('',(6.985,-7.8485,1.9665));
#6495 = VECTOR('',#6496,1.);
#6496 = DIRECTION('',(0.,0.,1.));
#6497 = ORIENTED_EDGE('',*,*,#6498,.F.);
#6498 = EDGE_CURVE('',#6483,#6491,#6499,.T.);
#6499 = LINE('',#6500,#6501);
#6500 = CARTESIAN_POINT('',(6.985,-8.445,2.157));
#6501 = VECTOR('',#6502,1.);
#6502 = DIRECTION('',(-4.440892098501E-16,1.,0.));
#6503 = PLANE('',#6504);
#6504 = AXIS2_PLACEMENT_3D('',#6505,#6506,#6507);
#6505 = CARTESIAN_POINT('',(6.985,-8.445,2.157));
#6506 = DIRECTION('',(1.,4.440892098501E-16,0.));
#6507 = DIRECTION('',(-4.440892098501E-16,1.,0.));
#6508 = ADVANCED_FACE('',(#6509),#6533,.T.);
#6509 = FACE_BOUND('',#6510,.T.);
#6510 = EDGE_LOOP('',(#6511,#6519,#6520,#6527));
#6511 = ORIENTED_EDGE('',*,*,#6512,.T.);
#6512 = EDGE_CURVE('',#6513,#6271,#6515,.T.);
#6513 = VERTEX_POINT('',#6514);
#6514 = CARTESIAN_POINT('',(6.985,0.2285,2.157));
#6515 = LINE('',#6516,#6517);
#6516 = CARTESIAN_POINT('',(6.985,0.2285,2.157));
#6517 = VECTOR('',#6518,1.);
#6518 = DIRECTION('',(1.035250531786E-30,-2.331176954594E-15,-1.));
#6519 = ORIENTED_EDGE('',*,*,#6270,.T.);
#6520 = ORIENTED_EDGE('',*,*,#6521,.T.);
#6521 = EDGE_CURVE('',#6264,#6522,#6524,.T.);
#6522 = VERTEX_POINT('',#6523);
#6523 = CARTESIAN_POINT('',(6.985,0.825,2.157));
#6524 = B_SPLINE_CURVE_WITH_KNOTS('',1,(#6525,#6526),.UNSPECIFIED.,.F.,
  .F.,(2,2),(0.,1.),.PIECEWISE_BEZIER_KNOTS.);
#6525 = CARTESIAN_POINT('',(6.985,0.825,1.903));
#6526 = CARTESIAN_POINT('',(6.985,0.825,2.157));
#6527 = ORIENTED_EDGE('',*,*,#6528,.F.);
#6528 = EDGE_CURVE('',#6513,#6522,#6529,.T.);
#6529 = LINE('',#6530,#6531);
#6530 = CARTESIAN_POINT('',(6.985,-8.445,2.157));
#6531 = VECTOR('',#6532,1.);
#6532 = DIRECTION('',(-4.440892098501E-16,1.,0.));
#6533 = PLANE('',#6534);
#6534 = AXIS2_PLACEMENT_3D('',#6535,#6536,#6537);
#6535 = CARTESIAN_POINT('',(6.985,-8.445,2.157));
#6536 = DIRECTION('',(1.,4.440892098501E-16,0.));
#6537 = DIRECTION('',(-4.440892098501E-16,1.,0.));
#6538 = ADVANCED_FACE('',(#6539),#6564,.F.);
#6539 = FACE_BOUND('',#6540,.F.);
#6540 = EDGE_LOOP('',(#6541,#6549,#6550,#6558));
#6541 = ORIENTED_EDGE('',*,*,#6542,.F.);
#6542 = EDGE_CURVE('',#6319,#6543,#6545,.T.);
#6543 = VERTEX_POINT('',#6544);
#6544 = CARTESIAN_POINT('',(7.366,-6.858,1.903));
#6545 = LINE('',#6546,#6547);
#6546 = CARTESIAN_POINT('',(3.81,-6.858,1.903));
#6547 = VECTOR('',#6548,1.);
#6548 = DIRECTION('',(1.,3.216245299353E-16,0.));
#6549 = ORIENTED_EDGE('',*,*,#6326,.F.);
#6550 = ORIENTED_EDGE('',*,*,#6551,.F.);
#6551 = EDGE_CURVE('',#6552,#6327,#6554,.T.);
#6552 = VERTEX_POINT('',#6553);
#6553 = CARTESIAN_POINT('',(7.366,-7.8485,1.903));
#6554 = LINE('',#6555,#6556);
#6555 = CARTESIAN_POINT('',(7.747,-7.8485,1.903));
#6556 = VECTOR('',#6557,1.);
#6557 = DIRECTION('',(-1.,-3.216245299353E-16,0.));
#6558 = ORIENTED_EDGE('',*,*,#6559,.T.);
#6559 = EDGE_CURVE('',#6552,#6543,#6560,.T.);
#6560 = LINE('',#6561,#6562);
#6561 = CARTESIAN_POINT('',(7.366,-7.8485,1.903));
#6562 = VECTOR('',#6563,1.);
#6563 = DIRECTION('',(-3.216245299353E-16,1.,0.));
#6564 = PLANE('',#6565);
#6565 = AXIS2_PLACEMENT_3D('',#6566,#6567,#6568);
#6566 = CARTESIAN_POINT('',(0.254,-6.858,1.903));
#6567 = DIRECTION('',(0.,0.,1.));
#6568 = DIRECTION('',(-4.440892098501E-16,1.,0.));
#6569 = ADVANCED_FACE('',(#6570),#6595,.F.);
#6570 = FACE_BOUND('',#6571,.F.);
#6571 = EDGE_LOOP('',(#6572,#6580,#6581,#6589));
#6572 = ORIENTED_EDGE('',*,*,#6573,.F.);
#6573 = EDGE_CURVE('',#6271,#6574,#6576,.T.);
#6574 = VERTEX_POINT('',#6575);
#6575 = CARTESIAN_POINT('',(7.366,0.2285,1.903));
#6576 = LINE('',#6577,#6578);
#6577 = CARTESIAN_POINT('',(3.81,0.2285,1.903));
#6578 = VECTOR('',#6579,1.);
#6579 = DIRECTION('',(1.,3.216245299353E-16,0.));
#6580 = ORIENTED_EDGE('',*,*,#6278,.F.);
#6581 = ORIENTED_EDGE('',*,*,#6582,.F.);
#6582 = EDGE_CURVE('',#6583,#6279,#6585,.T.);
#6583 = VERTEX_POINT('',#6584);
#6584 = CARTESIAN_POINT('',(7.366,-0.762,1.903));
#6585 = LINE('',#6586,#6587);
#6586 = CARTESIAN_POINT('',(7.747,-0.762,1.903));
#6587 = VECTOR('',#6588,1.);
#6588 = DIRECTION('',(-1.,-3.216245299353E-16,0.));
#6589 = ORIENTED_EDGE('',*,*,#6590,.F.);
#6590 = EDGE_CURVE('',#6574,#6583,#6591,.T.);
#6591 = LINE('',#6592,#6593);
#6592 = CARTESIAN_POINT('',(7.366,0.2285,1.903));
#6593 = VECTOR('',#6594,1.);
#6594 = DIRECTION('',(3.216245299353E-16,-1.,0.));
#6595 = PLANE('',#6596);
#6596 = AXIS2_PLACEMENT_3D('',#6597,#6598,#6599);
#6597 = CARTESIAN_POINT('',(0.254,0.2285,1.903));
#6598 = DIRECTION('',(0.,0.,1.));
#6599 = DIRECTION('',(-4.440892098501E-16,1.,0.));
#6600 = ADVANCED_FACE('',(#6601),#6626,.T.);
#6601 = FACE_BOUND('',#6602,.T.);
#6602 = EDGE_LOOP('',(#6603,#6611,#6612,#6620));
#6603 = ORIENTED_EDGE('',*,*,#6604,.T.);
#6604 = EDGE_CURVE('',#6605,#6319,#6607,.T.);
#6605 = VERTEX_POINT('',#6606);
#6606 = CARTESIAN_POINT('',(6.985,-6.858,2.157));
#6607 = LINE('',#6608,#6609);
#6608 = CARTESIAN_POINT('',(6.985,-6.858,2.157));
#6609 = VECTOR('',#6610,1.);
#6610 = DIRECTION('',(0.,0.,-1.));
#6611 = ORIENTED_EDGE('',*,*,#6318,.T.);
#6612 = ORIENTED_EDGE('',*,*,#6613,.T.);
#6613 = EDGE_CURVE('',#6311,#6614,#6616,.T.);
#6614 = VERTEX_POINT('',#6615);
#6615 = CARTESIAN_POINT('',(6.985,-5.842,2.157));
#6616 = LINE('',#6617,#6618);
#6617 = CARTESIAN_POINT('',(6.985,-5.842,2.157));
#6618 = VECTOR('',#6619,1.);
#6619 = DIRECTION('',(0.,0.,1.));
#6620 = ORIENTED_EDGE('',*,*,#6621,.F.);
#6621 = EDGE_CURVE('',#6605,#6614,#6622,.T.);
#6622 = LINE('',#6623,#6624);
#6623 = CARTESIAN_POINT('',(6.985,-8.445,2.157));
#6624 = VECTOR('',#6625,1.);
#6625 = DIRECTION('',(-4.440892098501E-16,1.,0.));
#6626 = PLANE('',#6627);
#6627 = AXIS2_PLACEMENT_3D('',#6628,#6629,#6630);
#6628 = CARTESIAN_POINT('',(6.985,-8.445,2.157));
#6629 = DIRECTION('',(1.,4.440892098501E-16,0.));
#6630 = DIRECTION('',(-4.440892098501E-16,1.,0.));
#6631 = ADVANCED_FACE('',(#6632),#6657,.T.);
#6632 = FACE_BOUND('',#6633,.T.);
#6633 = EDGE_LOOP('',(#6634,#6642,#6643,#6651));
#6634 = ORIENTED_EDGE('',*,*,#6635,.F.);
#6635 = EDGE_CURVE('',#6287,#6636,#6638,.T.);
#6636 = VERTEX_POINT('',#6637);
#6637 = CARTESIAN_POINT('',(6.985,-1.778,2.157));
#6638 = LINE('',#6639,#6640);
#6639 = CARTESIAN_POINT('',(6.985,-1.778,2.157));
#6640 = VECTOR('',#6641,1.);
#6641 = DIRECTION('',(0.,0.,1.));
#6642 = ORIENTED_EDGE('',*,*,#6286,.T.);
#6643 = ORIENTED_EDGE('',*,*,#6644,.F.);
#6644 = EDGE_CURVE('',#6645,#6279,#6647,.T.);
#6645 = VERTEX_POINT('',#6646);
#6646 = CARTESIAN_POINT('',(6.985,-0.762,2.157));
#6647 = LINE('',#6648,#6649);
#6648 = CARTESIAN_POINT('',(6.985,-0.762,1.0785));
#6649 = VECTOR('',#6650,1.);
#6650 = DIRECTION('',(0.,0.,-1.));
#6651 = ORIENTED_EDGE('',*,*,#6652,.F.);
#6652 = EDGE_CURVE('',#6636,#6645,#6653,.T.);
#6653 = LINE('',#6654,#6655);
#6654 = CARTESIAN_POINT('',(6.985,-8.445,2.157));
#6655 = VECTOR('',#6656,1.);
#6656 = DIRECTION('',(-4.440892098501E-16,1.,0.));
#6657 = PLANE('',#6658);
#6658 = AXIS2_PLACEMENT_3D('',#6659,#6660,#6661);
#6659 = CARTESIAN_POINT('',(6.985,-8.445,2.157));
#6660 = DIRECTION('',(1.,4.440892098501E-16,0.));
#6661 = DIRECTION('',(-4.440892098501E-16,1.,0.));
#6662 = ADVANCED_FACE('',(#6663),#6688,.F.);
#6663 = FACE_BOUND('',#6664,.F.);
#6664 = EDGE_LOOP('',(#6665,#6673,#6674,#6682));
#6665 = ORIENTED_EDGE('',*,*,#6666,.F.);
#6666 = EDGE_CURVE('',#6303,#6667,#6669,.T.);
#6667 = VERTEX_POINT('',#6668);
#6668 = CARTESIAN_POINT('',(7.366,-4.318,1.903));
#6669 = LINE('',#6670,#6671);
#6670 = CARTESIAN_POINT('',(3.683,-4.318,1.903));
#6671 = VECTOR('',#6672,1.);
#6672 = DIRECTION('',(1.,3.216245299353E-16,0.));
#6673 = ORIENTED_EDGE('',*,*,#6310,.F.);
#6674 = ORIENTED_EDGE('',*,*,#6675,.F.);
#6675 = EDGE_CURVE('',#6676,#6311,#6678,.T.);
#6676 = VERTEX_POINT('',#6677);
#6677 = CARTESIAN_POINT('',(7.366,-5.842,1.903));
#6678 = LINE('',#6679,#6680);
#6679 = CARTESIAN_POINT('',(7.62,-5.842,1.903));
#6680 = VECTOR('',#6681,1.);
#6681 = DIRECTION('',(-1.,-3.216245299353E-16,0.));
#6682 = ORIENTED_EDGE('',*,*,#6683,.T.);
#6683 = EDGE_CURVE('',#6676,#6667,#6684,.T.);
#6684 = LINE('',#6685,#6686);
#6685 = CARTESIAN_POINT('',(7.366,-5.842,1.903));
#6686 = VECTOR('',#6687,1.);
#6687 = DIRECTION('',(-3.216245299353E-16,1.,0.));
#6688 = PLANE('',#6689);
#6689 = AXIS2_PLACEMENT_3D('',#6690,#6691,#6692);
#6690 = CARTESIAN_POINT('',(0.254,-4.318,1.903));
#6691 = DIRECTION('',(0.,0.,1.));
#6692 = DIRECTION('',(-4.440892098501E-16,1.,0.));
#6693 = ADVANCED_FACE('',(#6694),#6719,.F.);
#6694 = FACE_BOUND('',#6695,.F.);
#6695 = EDGE_LOOP('',(#6696,#6704,#6705,#6713));
#6696 = ORIENTED_EDGE('',*,*,#6697,.F.);
#6697 = EDGE_CURVE('',#6287,#6698,#6700,.T.);
#6698 = VERTEX_POINT('',#6699);
#6699 = CARTESIAN_POINT('',(7.366,-1.778,1.903));
#6700 = LINE('',#6701,#6702);
#6701 = CARTESIAN_POINT('',(3.683,-1.778,1.903));
#6702 = VECTOR('',#6703,1.);
#6703 = DIRECTION('',(1.,3.216245299353E-16,0.));
#6704 = ORIENTED_EDGE('',*,*,#6294,.F.);
#6705 = ORIENTED_EDGE('',*,*,#6706,.F.);
#6706 = EDGE_CURVE('',#6707,#6295,#6709,.T.);
#6707 = VERTEX_POINT('',#6708);
#6708 = CARTESIAN_POINT('',(7.366,-3.302,1.903));
#6709 = LINE('',#6710,#6711);
#6710 = CARTESIAN_POINT('',(7.62,-3.302,1.903));
#6711 = VECTOR('',#6712,1.);
#6712 = DIRECTION('',(-1.,-3.216245299353E-16,0.));
#6713 = ORIENTED_EDGE('',*,*,#6714,.T.);
#6714 = EDGE_CURVE('',#6707,#6698,#6715,.T.);
#6715 = LINE('',#6716,#6717);
#6716 = CARTESIAN_POINT('',(7.366,-3.302,1.903));
#6717 = VECTOR('',#6718,1.);
#6718 = DIRECTION('',(-3.216245299353E-16,1.,0.));
#6719 = PLANE('',#6720);
#6720 = AXIS2_PLACEMENT_3D('',#6721,#6722,#6723);
#6721 = CARTESIAN_POINT('',(0.254,-1.778,1.903));
#6722 = DIRECTION('',(0.,0.,1.));
#6723 = DIRECTION('',(-4.440892098501E-16,1.,0.));
#6724 = ADVANCED_FACE('',(#6725),#6750,.T.);
#6725 = FACE_BOUND('',#6726,.T.);
#6726 = EDGE_LOOP('',(#6727,#6735,#6736,#6744));
#6727 = ORIENTED_EDGE('',*,*,#6728,.F.);
#6728 = EDGE_CURVE('',#6303,#6729,#6731,.T.);
#6729 = VERTEX_POINT('',#6730);
#6730 = CARTESIAN_POINT('',(6.985,-4.318,2.157));
#6731 = LINE('',#6732,#6733);
#6732 = CARTESIAN_POINT('',(6.985,-4.318,2.157));
#6733 = VECTOR('',#6734,1.);
#6734 = DIRECTION('',(0.,0.,1.));
#6735 = ORIENTED_EDGE('',*,*,#6302,.T.);
#6736 = ORIENTED_EDGE('',*,*,#6737,.T.);
#6737 = EDGE_CURVE('',#6295,#6738,#6740,.T.);
#6738 = VERTEX_POINT('',#6739);
#6739 = CARTESIAN_POINT('',(6.985,-3.302,2.157));
#6740 = LINE('',#6741,#6742);
#6741 = CARTESIAN_POINT('',(6.985,-3.302,2.157));
#6742 = VECTOR('',#6743,1.);
#6743 = DIRECTION('',(0.,0.,1.));
#6744 = ORIENTED_EDGE('',*,*,#6745,.F.);
#6745 = EDGE_CURVE('',#6729,#6738,#6746,.T.);
#6746 = LINE('',#6747,#6748);
#6747 = CARTESIAN_POINT('',(6.985,-8.445,2.157));
#6748 = VECTOR('',#6749,1.);
#6749 = DIRECTION('',(-4.440892098501E-16,1.,0.));
#6750 = PLANE('',#6751);
#6751 = AXIS2_PLACEMENT_3D('',#6752,#6753,#6754);
#6752 = CARTESIAN_POINT('',(6.985,-8.445,2.157));
#6753 = DIRECTION('',(1.,4.440892098501E-16,0.));
#6754 = DIRECTION('',(-4.440892098501E-16,1.,0.));
#6755 = ADVANCED_FACE('',(#6756),#6773,.T.);
#6756 = FACE_BOUND('',#6757,.T.);
#6757 = EDGE_LOOP('',(#6758,#6759,#6766,#6772));
#6758 = ORIENTED_EDGE('',*,*,#6363,.T.);
#6759 = ORIENTED_EDGE('',*,*,#6760,.T.);
#6760 = EDGE_CURVE('',#6357,#6761,#6763,.T.);
#6761 = VERTEX_POINT('',#6762);
#6762 = CARTESIAN_POINT('',(0.635,0.825,2.157));
#6763 = B_SPLINE_CURVE_WITH_KNOTS('',1,(#6764,#6765),.UNSPECIFIED.,.F.,
  .F.,(2,2),(0.,1.),.PIECEWISE_BEZIER_KNOTS.);
#6764 = CARTESIAN_POINT('',(0.635,0.825,1.903));
#6765 = CARTESIAN_POINT('',(0.635,0.825,2.157));
#6766 = ORIENTED_EDGE('',*,*,#6767,.F.);
#6767 = EDGE_CURVE('',#6522,#6761,#6768,.T.);
#6768 = LINE('',#6769,#6770);
#6769 = CARTESIAN_POINT('',(6.985,0.825,2.157));
#6770 = VECTOR('',#6771,1.);
#6771 = DIRECTION('',(-1.,-4.440892098501E-16,0.));
#6772 = ORIENTED_EDGE('',*,*,#6521,.F.);
#6773 = PLANE('',#6774);
#6774 = AXIS2_PLACEMENT_3D('',#6775,#6776,#6777);
#6775 = CARTESIAN_POINT('',(6.985,0.825,2.157));
#6776 = DIRECTION('',(-4.440892098501E-16,1.,0.));
#6777 = DIRECTION('',(-1.,-4.440892098501E-16,0.));
#6778 = ADVANCED_FACE('',(#6779),#6797,.T.);
#6779 = FACE_BOUND('',#6780,.T.);
#6780 = EDGE_LOOP('',(#6781,#6782,#6783,#6791));
#6781 = ORIENTED_EDGE('',*,*,#6760,.F.);
#6782 = ORIENTED_EDGE('',*,*,#6450,.T.);
#6783 = ORIENTED_EDGE('',*,*,#6784,.T.);
#6784 = EDGE_CURVE('',#6443,#6785,#6787,.T.);
#6785 = VERTEX_POINT('',#6786);
#6786 = CARTESIAN_POINT('',(0.635,0.2285,2.157));
#6787 = LINE('',#6788,#6789);
#6788 = CARTESIAN_POINT('',(0.635,0.2285,2.157));
#6789 = VECTOR('',#6790,1.);
#6790 = DIRECTION('',(-1.035250531786E-30,2.331176954594E-15,1.));
#6791 = ORIENTED_EDGE('',*,*,#6792,.F.);
#6792 = EDGE_CURVE('',#6761,#6785,#6793,.T.);
#6793 = LINE('',#6794,#6795);
#6794 = CARTESIAN_POINT('',(0.635,0.825,2.157));
#6795 = VECTOR('',#6796,1.);
#6796 = DIRECTION('',(4.440892098501E-16,-1.,0.));
#6797 = PLANE('',#6798);
#6798 = AXIS2_PLACEMENT_3D('',#6799,#6800,#6801);
#6799 = CARTESIAN_POINT('',(0.635,0.825,2.157));
#6800 = DIRECTION('',(-1.,-4.440892098501E-16,0.));
#6801 = DIRECTION('',(4.440892098501E-16,-1.,0.));
#6802 = ADVANCED_FACE('',(#6803),#6827,.T.);
#6803 = FACE_BOUND('',#6804,.T.);
#6804 = EDGE_LOOP('',(#6805,#6813,#6814,#6821));
#6805 = ORIENTED_EDGE('',*,*,#6806,.T.);
#6806 = EDGE_CURVE('',#6807,#6387,#6809,.T.);
#6807 = VERTEX_POINT('',#6808);
#6808 = CARTESIAN_POINT('',(0.635,-7.8485,2.157));
#6809 = LINE('',#6810,#6811);
#6810 = CARTESIAN_POINT('',(0.635,-7.8485,1.9665));
#6811 = VECTOR('',#6812,1.);
#6812 = DIRECTION('',(0.,0.,-1.));
#6813 = ORIENTED_EDGE('',*,*,#6386,.T.);
#6814 = ORIENTED_EDGE('',*,*,#6815,.T.);
#6815 = EDGE_CURVE('',#6380,#6816,#6818,.T.);
#6816 = VERTEX_POINT('',#6817);
#6817 = CARTESIAN_POINT('',(0.635,-8.445,2.157));
#6818 = B_SPLINE_CURVE_WITH_KNOTS('',1,(#6819,#6820),.UNSPECIFIED.,.F.,
  .F.,(2,2),(0.,1.),.PIECEWISE_BEZIER_KNOTS.);
#6819 = CARTESIAN_POINT('',(0.635,-8.445,1.903));
#6820 = CARTESIAN_POINT('',(0.635,-8.445,2.157));
#6821 = ORIENTED_EDGE('',*,*,#6822,.F.);
#6822 = EDGE_CURVE('',#6807,#6816,#6823,.T.);
#6823 = LINE('',#6824,#6825);
#6824 = CARTESIAN_POINT('',(0.635,0.825,2.157));
#6825 = VECTOR('',#6826,1.);
#6826 = DIRECTION('',(4.440892098501E-16,-1.,0.));
#6827 = PLANE('',#6828);
#6828 = AXIS2_PLACEMENT_3D('',#6829,#6830,#6831);
#6829 = CARTESIAN_POINT('',(0.635,0.825,2.157));
#6830 = DIRECTION('',(-1.,-4.440892098501E-16,0.));
#6831 = DIRECTION('',(4.440892098501E-16,-1.,0.));
#6832 = ADVANCED_FACE('',(#6833),#6858,.F.);
#6833 = FACE_BOUND('',#6834,.F.);
#6834 = EDGE_LOOP('',(#6835,#6843,#6851,#6857));
#6835 = ORIENTED_EDGE('',*,*,#6836,.F.);
#6836 = EDGE_CURVE('',#6837,#6443,#6839,.T.);
#6837 = VERTEX_POINT('',#6838);
#6838 = CARTESIAN_POINT('',(0.254,0.2285,1.903));
#6839 = LINE('',#6840,#6841);
#6840 = CARTESIAN_POINT('',(-0.127,0.2285,1.903));
#6841 = VECTOR('',#6842,1.);
#6842 = DIRECTION('',(1.,4.440892098501E-16,0.));
#6843 = ORIENTED_EDGE('',*,*,#6844,.T.);
#6844 = EDGE_CURVE('',#6837,#6845,#6847,.T.);
#6845 = VERTEX_POINT('',#6846);
#6846 = CARTESIAN_POINT('',(0.254,-0.762,1.903));
#6847 = LINE('',#6848,#6849);
#6848 = CARTESIAN_POINT('',(0.254,0.2285,1.903));
#6849 = VECTOR('',#6850,1.);
#6850 = DIRECTION('',(4.440892098501E-16,-1.,0.));
#6851 = ORIENTED_EDGE('',*,*,#6852,.F.);
#6852 = EDGE_CURVE('',#6435,#6845,#6853,.T.);
#6853 = LINE('',#6854,#6855);
#6854 = CARTESIAN_POINT('',(3.81,-0.762,1.903));
#6855 = VECTOR('',#6856,1.);
#6856 = DIRECTION('',(-1.,-4.440892098501E-16,0.));
#6857 = ORIENTED_EDGE('',*,*,#6442,.F.);
#6858 = PLANE('',#6859);
#6859 = AXIS2_PLACEMENT_3D('',#6860,#6861,#6862);
#6860 = CARTESIAN_POINT('',(0.254,0.2285,1.903));
#6861 = DIRECTION('',(0.,0.,1.));
#6862 = DIRECTION('',(-4.440892098501E-16,1.,0.));
#6863 = ADVANCED_FACE('',(#6864),#6889,.F.);
#6864 = FACE_BOUND('',#6865,.F.);
#6865 = EDGE_LOOP('',(#6866,#6874,#6882,#6888));
#6866 = ORIENTED_EDGE('',*,*,#6867,.F.);
#6867 = EDGE_CURVE('',#6868,#6395,#6870,.T.);
#6868 = VERTEX_POINT('',#6869);
#6869 = CARTESIAN_POINT('',(0.254,-6.858,1.903));
#6870 = LINE('',#6871,#6872);
#6871 = CARTESIAN_POINT('',(-0.127,-6.858,1.903));
#6872 = VECTOR('',#6873,1.);
#6873 = DIRECTION('',(1.,4.440892098501E-16,0.));
#6874 = ORIENTED_EDGE('',*,*,#6875,.F.);
#6875 = EDGE_CURVE('',#6876,#6868,#6878,.T.);
#6876 = VERTEX_POINT('',#6877);
#6877 = CARTESIAN_POINT('',(0.254,-7.8485,1.903));
#6878 = LINE('',#6879,#6880);
#6879 = CARTESIAN_POINT('',(0.254,-7.8485,1.903));
#6880 = VECTOR('',#6881,1.);
#6881 = DIRECTION('',(-4.440892098501E-16,1.,0.));
#6882 = ORIENTED_EDGE('',*,*,#6883,.F.);
#6883 = EDGE_CURVE('',#6387,#6876,#6884,.T.);
#6884 = LINE('',#6885,#6886);
#6885 = CARTESIAN_POINT('',(3.81,-7.8485,1.903));
#6886 = VECTOR('',#6887,1.);
#6887 = DIRECTION('',(-1.,-4.440892098501E-16,0.));
#6888 = ORIENTED_EDGE('',*,*,#6394,.F.);
#6889 = PLANE('',#6890);
#6890 = AXIS2_PLACEMENT_3D('',#6891,#6892,#6893);
#6891 = CARTESIAN_POINT('',(0.254,-6.858,1.903));
#6892 = DIRECTION('',(0.,0.,1.));
#6893 = DIRECTION('',(-4.440892098501E-16,1.,0.));
#6894 = ADVANCED_FACE('',(#6895),#6920,.T.);
#6895 = FACE_BOUND('',#6896,.T.);
#6896 = EDGE_LOOP('',(#6897,#6905,#6906,#6914));
#6897 = ORIENTED_EDGE('',*,*,#6898,.F.);
#6898 = EDGE_CURVE('',#6435,#6899,#6901,.T.);
#6899 = VERTEX_POINT('',#6900);
#6900 = CARTESIAN_POINT('',(0.635,-0.762,2.157));
#6901 = LINE('',#6902,#6903);
#6902 = CARTESIAN_POINT('',(0.635,-0.762,1.0785));
#6903 = VECTOR('',#6904,1.);
#6904 = DIRECTION('',(0.,0.,1.));
#6905 = ORIENTED_EDGE('',*,*,#6434,.T.);
#6906 = ORIENTED_EDGE('',*,*,#6907,.F.);
#6907 = EDGE_CURVE('',#6908,#6427,#6910,.T.);
#6908 = VERTEX_POINT('',#6909);
#6909 = CARTESIAN_POINT('',(0.635,-1.778,2.157));
#6910 = LINE('',#6911,#6912);
#6911 = CARTESIAN_POINT('',(0.635,-1.778,2.157));
#6912 = VECTOR('',#6913,1.);
#6913 = DIRECTION('',(0.,0.,-1.));
#6914 = ORIENTED_EDGE('',*,*,#6915,.F.);
#6915 = EDGE_CURVE('',#6899,#6908,#6916,.T.);
#6916 = LINE('',#6917,#6918);
#6917 = CARTESIAN_POINT('',(0.635,0.825,2.157));
#6918 = VECTOR('',#6919,1.);
#6919 = DIRECTION('',(4.440892098501E-16,-1.,0.));
#6920 = PLANE('',#6921);
#6921 = AXIS2_PLACEMENT_3D('',#6922,#6923,#6924);
#6922 = CARTESIAN_POINT('',(0.635,0.825,2.157));
#6923 = DIRECTION('',(-1.,-4.440892098501E-16,0.));
#6924 = DIRECTION('',(4.440892098501E-16,-1.,0.));
#6925 = ADVANCED_FACE('',(#6926),#6951,.T.);
#6926 = FACE_BOUND('',#6927,.T.);
#6927 = EDGE_LOOP('',(#6928,#6936,#6937,#6945));
#6928 = ORIENTED_EDGE('',*,*,#6929,.T.);
#6929 = EDGE_CURVE('',#6930,#6403,#6932,.T.);
#6930 = VERTEX_POINT('',#6931);
#6931 = CARTESIAN_POINT('',(0.635,-5.842,2.157));
#6932 = LINE('',#6933,#6934);
#6933 = CARTESIAN_POINT('',(0.635,-5.842,2.157));
#6934 = VECTOR('',#6935,1.);
#6935 = DIRECTION('',(0.,0.,-1.));
#6936 = ORIENTED_EDGE('',*,*,#6402,.T.);
#6937 = ORIENTED_EDGE('',*,*,#6938,.T.);
#6938 = EDGE_CURVE('',#6395,#6939,#6941,.T.);
#6939 = VERTEX_POINT('',#6940);
#6940 = CARTESIAN_POINT('',(0.635,-6.858,2.157));
#6941 = LINE('',#6942,#6943);
#6942 = CARTESIAN_POINT('',(0.635,-6.858,2.157));
#6943 = VECTOR('',#6944,1.);
#6944 = DIRECTION('',(0.,0.,1.));
#6945 = ORIENTED_EDGE('',*,*,#6946,.F.);
#6946 = EDGE_CURVE('',#6930,#6939,#6947,.T.);
#6947 = LINE('',#6948,#6949);
#6948 = CARTESIAN_POINT('',(0.635,0.825,2.157));
#6949 = VECTOR('',#6950,1.);
#6950 = DIRECTION('',(4.440892098501E-16,-1.,0.));
#6951 = PLANE('',#6952);
#6952 = AXIS2_PLACEMENT_3D('',#6953,#6954,#6955);
#6953 = CARTESIAN_POINT('',(0.635,0.825,2.157));
#6954 = DIRECTION('',(-1.,-4.440892098501E-16,0.));
#6955 = DIRECTION('',(4.440892098501E-16,-1.,0.));
#6956 = ADVANCED_FACE('',(#6957),#6982,.F.);
#6957 = FACE_BOUND('',#6958,.F.);
#6958 = EDGE_LOOP('',(#6959,#6967,#6975,#6981));
#6959 = ORIENTED_EDGE('',*,*,#6960,.F.);
#6960 = EDGE_CURVE('',#6961,#6427,#6963,.T.);
#6961 = VERTEX_POINT('',#6962);
#6962 = CARTESIAN_POINT('',(0.254,-1.778,1.903));
#6963 = LINE('',#6964,#6965);
#6964 = CARTESIAN_POINT('',(-2.442490654175E-15,-1.778,1.903));
#6965 = VECTOR('',#6966,1.);
#6966 = DIRECTION('',(1.,4.440892098501E-16,0.));
#6967 = ORIENTED_EDGE('',*,*,#6968,.T.);
#6968 = EDGE_CURVE('',#6961,#6969,#6971,.T.);
#6969 = VERTEX_POINT('',#6970);
#6970 = CARTESIAN_POINT('',(0.254,-3.302,1.903));
#6971 = LINE('',#6972,#6973);
#6972 = CARTESIAN_POINT('',(0.254,-1.778,1.903));
#6973 = VECTOR('',#6974,1.);
#6974 = DIRECTION('',(4.440892098501E-16,-1.,0.));
#6975 = ORIENTED_EDGE('',*,*,#6976,.F.);
#6976 = EDGE_CURVE('',#6419,#6969,#6977,.T.);
#6977 = LINE('',#6978,#6979);
#6978 = CARTESIAN_POINT('',(3.937,-3.302,1.903));
#6979 = VECTOR('',#6980,1.);
#6980 = DIRECTION('',(-1.,-4.440892098501E-16,0.));
#6981 = ORIENTED_EDGE('',*,*,#6426,.F.);
#6982 = PLANE('',#6983);
#6983 = AXIS2_PLACEMENT_3D('',#6984,#6985,#6986);
#6984 = CARTESIAN_POINT('',(0.254,-1.778,1.903));
#6985 = DIRECTION('',(0.,0.,1.));
#6986 = DIRECTION('',(-4.440892098501E-16,1.,0.));
#6987 = ADVANCED_FACE('',(#6988),#7013,.F.);
#6988 = FACE_BOUND('',#6989,.F.);
#6989 = EDGE_LOOP('',(#6990,#6998,#7006,#7012));
#6990 = ORIENTED_EDGE('',*,*,#6991,.F.);
#6991 = EDGE_CURVE('',#6992,#6411,#6994,.T.);
#6992 = VERTEX_POINT('',#6993);
#6993 = CARTESIAN_POINT('',(0.254,-4.318,1.903));
#6994 = LINE('',#6995,#6996);
#6995 = CARTESIAN_POINT('',(-1.110223024625E-15,-4.318,1.903));
#6996 = VECTOR('',#6997,1.);
#6997 = DIRECTION('',(1.,4.440892098501E-16,0.));
#6998 = ORIENTED_EDGE('',*,*,#6999,.T.);
#6999 = EDGE_CURVE('',#6992,#7000,#7002,.T.);
#7000 = VERTEX_POINT('',#7001);
#7001 = CARTESIAN_POINT('',(0.254,-5.842,1.903));
#7002 = LINE('',#7003,#7004);
#7003 = CARTESIAN_POINT('',(0.254,-4.318,1.903));
#7004 = VECTOR('',#7005,1.);
#7005 = DIRECTION('',(4.440892098501E-16,-1.,0.));
#7006 = ORIENTED_EDGE('',*,*,#7007,.F.);
#7007 = EDGE_CURVE('',#6403,#7000,#7008,.T.);
#7008 = LINE('',#7009,#7010);
#7009 = CARTESIAN_POINT('',(3.937,-5.842,1.903));
#7010 = VECTOR('',#7011,1.);
#7011 = DIRECTION('',(-1.,-4.440892098501E-16,0.));
#7012 = ORIENTED_EDGE('',*,*,#6410,.F.);
#7013 = PLANE('',#7014);
#7014 = AXIS2_PLACEMENT_3D('',#7015,#7016,#7017);
#7015 = CARTESIAN_POINT('',(0.254,-4.318,1.903));
#7016 = DIRECTION('',(0.,0.,1.));
#7017 = DIRECTION('',(-4.440892098501E-16,1.,0.));
#7018 = ADVANCED_FACE('',(#7019),#7044,.T.);
#7019 = FACE_BOUND('',#7020,.T.);
#7020 = EDGE_LOOP('',(#7021,#7029,#7030,#7038));
#7021 = ORIENTED_EDGE('',*,*,#7022,.T.);
#7022 = EDGE_CURVE('',#7023,#6419,#7025,.T.);
#7023 = VERTEX_POINT('',#7024);
#7024 = CARTESIAN_POINT('',(0.635,-3.302,2.157));
#7025 = LINE('',#7026,#7027);
#7026 = CARTESIAN_POINT('',(0.635,-3.302,2.157));
#7027 = VECTOR('',#7028,1.);
#7028 = DIRECTION('',(0.,0.,-1.));
#7029 = ORIENTED_EDGE('',*,*,#6418,.T.);
#7030 = ORIENTED_EDGE('',*,*,#7031,.F.);
#7031 = EDGE_CURVE('',#7032,#6411,#7034,.T.);
#7032 = VERTEX_POINT('',#7033);
#7033 = CARTESIAN_POINT('',(0.635,-4.318,2.157));
#7034 = LINE('',#7035,#7036);
#7035 = CARTESIAN_POINT('',(0.635,-4.318,2.157));
#7036 = VECTOR('',#7037,1.);
#7037 = DIRECTION('',(0.,0.,-1.));
#7038 = ORIENTED_EDGE('',*,*,#7039,.F.);
#7039 = EDGE_CURVE('',#7023,#7032,#7040,.T.);
#7040 = LINE('',#7041,#7042);
#7041 = CARTESIAN_POINT('',(0.635,0.825,2.157));
#7042 = VECTOR('',#7043,1.);
#7043 = DIRECTION('',(4.440892098501E-16,-1.,0.));
#7044 = PLANE('',#7045);
#7045 = AXIS2_PLACEMENT_3D('',#7046,#7047,#7048);
#7046 = CARTESIAN_POINT('',(0.635,0.825,2.157));
#7047 = DIRECTION('',(-1.,-4.440892098501E-16,0.));
#7048 = DIRECTION('',(4.440892098501E-16,-1.,0.));
#7049 = ADVANCED_FACE('',(#7050),#7061,.T.);
#7050 = FACE_BOUND('',#7051,.T.);
#7051 = EDGE_LOOP('',(#7052,#7053,#7054,#7060));
#7052 = ORIENTED_EDGE('',*,*,#6467,.T.);
#7053 = ORIENTED_EDGE('',*,*,#6482,.T.);
#7054 = ORIENTED_EDGE('',*,*,#7055,.F.);
#7055 = EDGE_CURVE('',#6816,#6483,#7056,.T.);
#7056 = LINE('',#7057,#7058);
#7057 = CARTESIAN_POINT('',(0.635,-8.445,2.157));
#7058 = VECTOR('',#7059,1.);
#7059 = DIRECTION('',(1.,4.440892098501E-16,0.));
#7060 = ORIENTED_EDGE('',*,*,#6815,.F.);
#7061 = PLANE('',#7062);
#7062 = AXIS2_PLACEMENT_3D('',#7063,#7064,#7065);
#7063 = CARTESIAN_POINT('',(0.635,-8.445,2.157));
#7064 = DIRECTION('',(4.440892098501E-16,-1.,0.));
#7065 = DIRECTION('',(1.,4.440892098501E-16,0.));
#7066 = ADVANCED_FACE('',(#7067),#7091,.T.);
#7067 = FACE_BOUND('',#7068,.T.);
#7068 = EDGE_LOOP('',(#7069,#7076,#7077,#7085));
#7069 = ORIENTED_EDGE('',*,*,#7070,.F.);
#7070 = EDGE_CURVE('',#6483,#7071,#7073,.T.);
#7071 = VERTEX_POINT('',#7072);
#7072 = CARTESIAN_POINT('',(6.91,-8.37,2.157));
#7073 = B_SPLINE_CURVE_WITH_KNOTS('',1,(#7074,#7075),.UNSPECIFIED.,.F.,
  .F.,(2,2),(0.,1.),.PIECEWISE_BEZIER_KNOTS.);
#7074 = CARTESIAN_POINT('',(6.985,-8.445,2.157));
#7075 = CARTESIAN_POINT('',(6.91,-8.37,2.157));
#7076 = ORIENTED_EDGE('',*,*,#6498,.T.);
#7077 = ORIENTED_EDGE('',*,*,#7078,.T.);
#7078 = EDGE_CURVE('',#6491,#7079,#7081,.T.);
#7079 = VERTEX_POINT('',#7080);
#7080 = CARTESIAN_POINT('',(6.91,-7.8485,2.157));
#7081 = LINE('',#7082,#7083);
#7082 = CARTESIAN_POINT('',(7.747,-7.8485,2.157));
#7083 = VECTOR('',#7084,1.);
#7084 = DIRECTION('',(-1.,-3.216245299353E-16,0.));
#7085 = ORIENTED_EDGE('',*,*,#7086,.F.);
#7086 = EDGE_CURVE('',#7071,#7079,#7087,.T.);
#7087 = LINE('',#7088,#7089);
#7088 = CARTESIAN_POINT('',(6.91,-8.37,2.157));
#7089 = VECTOR('',#7090,1.);
#7090 = DIRECTION('',(-4.440892098501E-16,1.,0.));
#7091 = B_SPLINE_SURFACE_WITH_KNOTS('',1,1,(
    (#7092,#7093)
    ,(#7094,#7095
    )),.UNSPECIFIED.,.F.,.F.,.F.,(2,2),(2,2),(0.,9.27),(0.,1.),
  .PIECEWISE_BEZIER_KNOTS.);
#7092 = CARTESIAN_POINT('',(6.985,-8.445,2.157));
#7093 = CARTESIAN_POINT('',(6.91,-8.37,2.157));
#7094 = CARTESIAN_POINT('',(6.985,0.825,2.157));
#7095 = CARTESIAN_POINT('',(6.91,0.75,2.157));
#7096 = ADVANCED_FACE('',(#7097),#7149,.F.);
#7097 = FACE_BOUND('',#7098,.F.);
#7098 = EDGE_LOOP('',(#7099,#7100,#7101,#7109,#7118,#7126,#7134,#7142));
#7099 = ORIENTED_EDGE('',*,*,#6551,.T.);
#7100 = ORIENTED_EDGE('',*,*,#6490,.T.);
#7101 = ORIENTED_EDGE('',*,*,#7102,.F.);
#7102 = EDGE_CURVE('',#7103,#6491,#7105,.T.);
#7103 = VERTEX_POINT('',#7104);
#7104 = CARTESIAN_POINT('',(7.366,-7.8485,2.157));
#7105 = LINE('',#7106,#7107);
#7106 = CARTESIAN_POINT('',(7.747,-7.8485,2.157));
#7107 = VECTOR('',#7108,1.);
#7108 = DIRECTION('',(-1.,-3.216245299353E-16,0.));
#7109 = ORIENTED_EDGE('',*,*,#7110,.T.);
#7110 = EDGE_CURVE('',#7103,#7111,#7113,.T.);
#7111 = VERTEX_POINT('',#7112);
#7112 = CARTESIAN_POINT('',(7.747,-7.8485,1.776));
#7113 = CIRCLE('',#7114,0.381);
#7114 = AXIS2_PLACEMENT_3D('',#7115,#7116,#7117);
#7115 = CARTESIAN_POINT('',(7.366,-7.8485,1.776));
#7116 = DIRECTION('',(-3.216245299353E-16,1.,0.));
#7117 = DIRECTION('',(0.,0.,1.));
#7118 = ORIENTED_EDGE('',*,*,#7119,.T.);
#7119 = EDGE_CURVE('',#7111,#7120,#7122,.T.);
#7120 = VERTEX_POINT('',#7121);
#7121 = CARTESIAN_POINT('',(7.747,-7.8485,-2.843));
#7122 = LINE('',#7123,#7124);
#7123 = CARTESIAN_POINT('',(7.747,-7.8485,2.157));
#7124 = VECTOR('',#7125,1.);
#7125 = DIRECTION('',(0.,0.,-1.));
#7126 = ORIENTED_EDGE('',*,*,#7127,.T.);
#7127 = EDGE_CURVE('',#7120,#7128,#7130,.T.);
#7128 = VERTEX_POINT('',#7129);
#7129 = CARTESIAN_POINT('',(7.493,-7.8485,-2.843));
#7130 = LINE('',#7131,#7132);
#7131 = CARTESIAN_POINT('',(7.747,-7.8485,-2.843));
#7132 = VECTOR('',#7133,1.);
#7133 = DIRECTION('',(-1.,-3.216245299353E-16,0.));
#7134 = ORIENTED_EDGE('',*,*,#7135,.F.);
#7135 = EDGE_CURVE('',#7136,#7128,#7138,.T.);
#7136 = VERTEX_POINT('',#7137);
#7137 = CARTESIAN_POINT('',(7.493,-7.8485,1.776));
#7138 = LINE('',#7139,#7140);
#7139 = CARTESIAN_POINT('',(7.493,-7.8485,2.157));
#7140 = VECTOR('',#7141,1.);
#7141 = DIRECTION('',(0.,0.,-1.));
#7142 = ORIENTED_EDGE('',*,*,#7143,.T.);
#7143 = EDGE_CURVE('',#7136,#6552,#7144,.T.);
#7144 = CIRCLE('',#7145,0.127);
#7145 = AXIS2_PLACEMENT_3D('',#7146,#7147,#7148);
#7146 = CARTESIAN_POINT('',(7.366,-7.8485,1.776));
#7147 = DIRECTION('',(3.216245299353E-16,-1.,0.));
#7148 = DIRECTION('',(0.,0.,-1.));
#7149 = PLANE('',#7150);
#7150 = AXIS2_PLACEMENT_3D('',#7151,#7152,#7153);
#7151 = CARTESIAN_POINT('',(-0.127,-7.8485,1.776));
#7152 = DIRECTION('',(-4.440892098501E-16,1.,0.));
#7153 = DIRECTION('',(0.,0.,1.));
#7154 = ADVANCED_FACE('',(#7155),#7207,.F.);
#7155 = FACE_BOUND('',#7156,.F.);
#7156 = EDGE_LOOP('',(#7157,#7158,#7159,#7168,#7176,#7184,#7192,#7201));
#7157 = ORIENTED_EDGE('',*,*,#6512,.T.);
#7158 = ORIENTED_EDGE('',*,*,#6573,.T.);
#7159 = ORIENTED_EDGE('',*,*,#7160,.F.);
#7160 = EDGE_CURVE('',#7161,#6574,#7163,.T.);
#7161 = VERTEX_POINT('',#7162);
#7162 = CARTESIAN_POINT('',(7.493,0.2285,1.776));
#7163 = CIRCLE('',#7164,0.127);
#7164 = AXIS2_PLACEMENT_3D('',#7165,#7166,#7167);
#7165 = CARTESIAN_POINT('',(7.366,0.2285,1.776));
#7166 = DIRECTION('',(3.216245299353E-16,-1.,0.));
#7167 = DIRECTION('',(0.,0.,1.));
#7168 = ORIENTED_EDGE('',*,*,#7169,.T.);
#7169 = EDGE_CURVE('',#7161,#7170,#7172,.T.);
#7170 = VERTEX_POINT('',#7171);
#7171 = CARTESIAN_POINT('',(7.493,0.2285,-2.843));
#7172 = LINE('',#7173,#7174);
#7173 = CARTESIAN_POINT('',(7.493,0.2285,2.157));
#7174 = VECTOR('',#7175,1.);
#7175 = DIRECTION('',(0.,0.,-1.));
#7176 = ORIENTED_EDGE('',*,*,#7177,.F.);
#7177 = EDGE_CURVE('',#7178,#7170,#7180,.T.);
#7178 = VERTEX_POINT('',#7179);
#7179 = CARTESIAN_POINT('',(7.747,0.2285,-2.843));
#7180 = LINE('',#7181,#7182);
#7181 = CARTESIAN_POINT('',(7.747,0.2285,-2.843));
#7182 = VECTOR('',#7183,1.);
#7183 = DIRECTION('',(-1.,-3.216245299353E-16,0.));
#7184 = ORIENTED_EDGE('',*,*,#7185,.F.);
#7185 = EDGE_CURVE('',#7186,#7178,#7188,.T.);
#7186 = VERTEX_POINT('',#7187);
#7187 = CARTESIAN_POINT('',(7.747,0.2285,1.776));
#7188 = LINE('',#7189,#7190);
#7189 = CARTESIAN_POINT('',(7.747,0.2285,2.157));
#7190 = VECTOR('',#7191,1.);
#7191 = DIRECTION('',(0.,0.,-1.));
#7192 = ORIENTED_EDGE('',*,*,#7193,.T.);
#7193 = EDGE_CURVE('',#7186,#7194,#7196,.T.);
#7194 = VERTEX_POINT('',#7195);
#7195 = CARTESIAN_POINT('',(7.366,0.2285,2.157));
#7196 = CIRCLE('',#7197,0.381);
#7197 = AXIS2_PLACEMENT_3D('',#7198,#7199,#7200);
#7198 = CARTESIAN_POINT('',(7.366,0.2285,1.776));
#7199 = DIRECTION('',(3.216245299353E-16,-1.,0.));
#7200 = DIRECTION('',(0.,0.,1.));
#7201 = ORIENTED_EDGE('',*,*,#7202,.F.);
#7202 = EDGE_CURVE('',#6513,#7194,#7203,.T.);
#7203 = LINE('',#7204,#7205);
#7204 = CARTESIAN_POINT('',(3.81,0.2285,2.157));
#7205 = VECTOR('',#7206,1.);
#7206 = DIRECTION('',(1.,3.216245299353E-16,0.));
#7207 = PLANE('',#7208);
#7208 = AXIS2_PLACEMENT_3D('',#7209,#7210,#7211);
#7209 = CARTESIAN_POINT('',(0.254,0.2285,2.157));
#7210 = DIRECTION('',(4.440892098501E-16,-1.,2.331176954594E-15));
#7211 = DIRECTION('',(1.035250531786E-30,-2.331176954594E-15,-1.));
#7212 = ADVANCED_FACE('',(#7213),#7237,.T.);
#7213 = FACE_BOUND('',#7214,.T.);
#7214 = EDGE_LOOP('',(#7215,#7223,#7224,#7231));
#7215 = ORIENTED_EDGE('',*,*,#7216,.T.);
#7216 = EDGE_CURVE('',#7217,#6513,#7219,.T.);
#7217 = VERTEX_POINT('',#7218);
#7218 = CARTESIAN_POINT('',(6.91,0.2285,2.157));
#7219 = LINE('',#7220,#7221);
#7220 = CARTESIAN_POINT('',(3.81,0.2285,2.157));
#7221 = VECTOR('',#7222,1.);
#7222 = DIRECTION('',(1.,3.216245299353E-16,0.));
#7223 = ORIENTED_EDGE('',*,*,#6528,.T.);
#7224 = ORIENTED_EDGE('',*,*,#7225,.T.);
#7225 = EDGE_CURVE('',#6522,#7226,#7228,.T.);
#7226 = VERTEX_POINT('',#7227);
#7227 = CARTESIAN_POINT('',(6.91,0.75,2.157));
#7228 = B_SPLINE_CURVE_WITH_KNOTS('',1,(#7229,#7230),.UNSPECIFIED.,.F.,
  .F.,(2,2),(0.,1.),.PIECEWISE_BEZIER_KNOTS.);
#7229 = CARTESIAN_POINT('',(6.985,0.825,2.157));
#7230 = CARTESIAN_POINT('',(6.91,0.75,2.157));
#7231 = ORIENTED_EDGE('',*,*,#7232,.F.);
#7232 = EDGE_CURVE('',#7217,#7226,#7233,.T.);
#7233 = LINE('',#7234,#7235);
#7234 = CARTESIAN_POINT('',(6.91,-8.37,2.157));
#7235 = VECTOR('',#7236,1.);
#7236 = DIRECTION('',(-4.440892098501E-16,1.,0.));
#7237 = B_SPLINE_SURFACE_WITH_KNOTS('',1,1,(
    (#7238,#7239)
    ,(#7240,#7241
    )),.UNSPECIFIED.,.F.,.F.,.F.,(2,2),(2,2),(0.,9.27),(0.,1.),
  .PIECEWISE_BEZIER_KNOTS.);
#7238 = CARTESIAN_POINT('',(6.985,-8.445,2.157));
#7239 = CARTESIAN_POINT('',(6.91,-8.37,2.157));
#7240 = CARTESIAN_POINT('',(6.985,0.825,2.157));
#7241 = CARTESIAN_POINT('',(6.91,0.75,2.157));
#7242 = ADVANCED_FACE('',(#7243),#7295,.F.);
#7243 = FACE_BOUND('',#7244,.F.);
#7244 = EDGE_LOOP('',(#7245,#7246,#7247,#7256,#7264,#7272,#7280,#7289));
#7245 = ORIENTED_EDGE('',*,*,#6604,.T.);
#7246 = ORIENTED_EDGE('',*,*,#6542,.T.);
#7247 = ORIENTED_EDGE('',*,*,#7248,.F.);
#7248 = EDGE_CURVE('',#7249,#6543,#7251,.T.);
#7249 = VERTEX_POINT('',#7250);
#7250 = CARTESIAN_POINT('',(7.493,-6.858,1.776));
#7251 = CIRCLE('',#7252,0.127);
#7252 = AXIS2_PLACEMENT_3D('',#7253,#7254,#7255);
#7253 = CARTESIAN_POINT('',(7.366,-6.858,1.776));
#7254 = DIRECTION('',(3.216245299353E-16,-1.,0.));
#7255 = DIRECTION('',(0.,0.,-1.));
#7256 = ORIENTED_EDGE('',*,*,#7257,.F.);
#7257 = EDGE_CURVE('',#7258,#7249,#7260,.T.);
#7258 = VERTEX_POINT('',#7259);
#7259 = CARTESIAN_POINT('',(7.493,-6.858,0.));
#7260 = LINE('',#7261,#7262);
#7261 = CARTESIAN_POINT('',(7.493,-6.858,0.));
#7262 = VECTOR('',#7263,1.);
#7263 = DIRECTION('',(0.,0.,1.));
#7264 = ORIENTED_EDGE('',*,*,#7265,.F.);
#7265 = EDGE_CURVE('',#7266,#7258,#7268,.T.);
#7266 = VERTEX_POINT('',#7267);
#7267 = CARTESIAN_POINT('',(7.747,-6.858,0.));
#7268 = LINE('',#7269,#7270);
#7269 = CARTESIAN_POINT('',(7.747,-6.858,0.));
#7270 = VECTOR('',#7271,1.);
#7271 = DIRECTION('',(-1.,-3.216245299353E-16,0.));
#7272 = ORIENTED_EDGE('',*,*,#7273,.T.);
#7273 = EDGE_CURVE('',#7266,#7274,#7276,.T.);
#7274 = VERTEX_POINT('',#7275);
#7275 = CARTESIAN_POINT('',(7.747,-6.858,1.776));
#7276 = LINE('',#7277,#7278);
#7277 = CARTESIAN_POINT('',(7.747,-6.858,0.));
#7278 = VECTOR('',#7279,1.);
#7279 = DIRECTION('',(0.,0.,1.));
#7280 = ORIENTED_EDGE('',*,*,#7281,.F.);
#7281 = EDGE_CURVE('',#7282,#7274,#7284,.T.);
#7282 = VERTEX_POINT('',#7283);
#7283 = CARTESIAN_POINT('',(7.366,-6.858,2.157));
#7284 = CIRCLE('',#7285,0.381);
#7285 = AXIS2_PLACEMENT_3D('',#7286,#7287,#7288);
#7286 = CARTESIAN_POINT('',(7.366,-6.858,1.776));
#7287 = DIRECTION('',(-3.216245299353E-16,1.,0.));
#7288 = DIRECTION('',(0.,0.,1.));
#7289 = ORIENTED_EDGE('',*,*,#7290,.F.);
#7290 = EDGE_CURVE('',#6605,#7282,#7291,.T.);
#7291 = LINE('',#7292,#7293);
#7292 = CARTESIAN_POINT('',(3.81,-6.858,2.157));
#7293 = VECTOR('',#7294,1.);
#7294 = DIRECTION('',(1.,3.216245299353E-16,0.));
#7295 = PLANE('',#7296);
#7296 = AXIS2_PLACEMENT_3D('',#7297,#7298,#7299);
#7297 = CARTESIAN_POINT('',(0.254,-6.858,2.157));
#7298 = DIRECTION('',(4.440892098501E-16,-1.,0.));
#7299 = DIRECTION('',(0.,-0.,-1.));
#7300 = ADVANCED_FACE('',(#7301),#7312,.F.);
#7301 = FACE_BOUND('',#7302,.F.);
#7302 = EDGE_LOOP('',(#7303,#7309,#7310,#7311));
#7303 = ORIENTED_EDGE('',*,*,#7304,.T.);
#7304 = EDGE_CURVE('',#7136,#7249,#7305,.T.);
#7305 = LINE('',#7306,#7307);
#7306 = CARTESIAN_POINT('',(7.493,-7.8485,1.776));
#7307 = VECTOR('',#7308,1.);
#7308 = DIRECTION('',(-3.216245299353E-16,1.,0.));
#7309 = ORIENTED_EDGE('',*,*,#7248,.T.);
#7310 = ORIENTED_EDGE('',*,*,#6559,.F.);
#7311 = ORIENTED_EDGE('',*,*,#7143,.F.);
#7312 = CYLINDRICAL_SURFACE('',#7313,0.127);
#7313 = AXIS2_PLACEMENT_3D('',#7314,#7315,#7316);
#7314 = CARTESIAN_POINT('',(7.366,-7.8485,1.776));
#7315 = DIRECTION('',(-3.216245299353E-16,1.,0.));
#7316 = DIRECTION('',(1.,3.216245299353E-16,0.));
#7317 = ADVANCED_FACE('',(#7318),#7337,.F.);
#7318 = FACE_BOUND('',#7319,.F.);
#7319 = EDGE_LOOP('',(#7320,#7321,#7322,#7331));
#7320 = ORIENTED_EDGE('',*,*,#7160,.T.);
#7321 = ORIENTED_EDGE('',*,*,#6590,.T.);
#7322 = ORIENTED_EDGE('',*,*,#7323,.F.);
#7323 = EDGE_CURVE('',#7324,#6583,#7326,.T.);
#7324 = VERTEX_POINT('',#7325);
#7325 = CARTESIAN_POINT('',(7.493,-0.762,1.776));
#7326 = CIRCLE('',#7327,0.127);
#7327 = AXIS2_PLACEMENT_3D('',#7328,#7329,#7330);
#7328 = CARTESIAN_POINT('',(7.366,-0.762,1.776));
#7329 = DIRECTION('',(3.216245299353E-16,-1.,0.));
#7330 = DIRECTION('',(0.,0.,1.));
#7331 = ORIENTED_EDGE('',*,*,#7332,.F.);
#7332 = EDGE_CURVE('',#7161,#7324,#7333,.T.);
#7333 = LINE('',#7334,#7335);
#7334 = CARTESIAN_POINT('',(7.493,0.2285,1.776));
#7335 = VECTOR('',#7336,1.);
#7336 = DIRECTION('',(3.216245299353E-16,-1.,0.));
#7337 = CYLINDRICAL_SURFACE('',#7338,0.127);
#7338 = AXIS2_PLACEMENT_3D('',#7339,#7340,#7341);
#7339 = CARTESIAN_POINT('',(7.366,0.2285,1.776));
#7340 = DIRECTION('',(3.216245299353E-16,-1.,0.));
#7341 = DIRECTION('',(1.,3.216245299353E-16,0.));
#7342 = ADVANCED_FACE('',(#7343),#7387,.T.);
#7343 = FACE_BOUND('',#7344,.T.);
#7344 = EDGE_LOOP('',(#7345,#7346,#7347,#7348,#7356,#7364,#7372,#7381));
#7345 = ORIENTED_EDGE('',*,*,#6644,.T.);
#7346 = ORIENTED_EDGE('',*,*,#6582,.F.);
#7347 = ORIENTED_EDGE('',*,*,#7323,.F.);
#7348 = ORIENTED_EDGE('',*,*,#7349,.F.);
#7349 = EDGE_CURVE('',#7350,#7324,#7352,.T.);
#7350 = VERTEX_POINT('',#7351);
#7351 = CARTESIAN_POINT('',(7.493,-0.762,0.));
#7352 = LINE('',#7353,#7354);
#7353 = CARTESIAN_POINT('',(7.493,-0.762,0.));
#7354 = VECTOR('',#7355,1.);
#7355 = DIRECTION('',(0.,0.,1.));
#7356 = ORIENTED_EDGE('',*,*,#7357,.F.);
#7357 = EDGE_CURVE('',#7358,#7350,#7360,.T.);
#7358 = VERTEX_POINT('',#7359);
#7359 = CARTESIAN_POINT('',(7.747,-0.762,0.));
#7360 = LINE('',#7361,#7362);
#7361 = CARTESIAN_POINT('',(7.747,-0.762,0.));
#7362 = VECTOR('',#7363,1.);
#7363 = DIRECTION('',(-1.,-3.216245299353E-16,0.));
#7364 = ORIENTED_EDGE('',*,*,#7365,.T.);
#7365 = EDGE_CURVE('',#7358,#7366,#7368,.T.);
#7366 = VERTEX_POINT('',#7367);
#7367 = CARTESIAN_POINT('',(7.747,-0.762,1.776));
#7368 = LINE('',#7369,#7370);
#7369 = CARTESIAN_POINT('',(7.747,-0.762,0.));
#7370 = VECTOR('',#7371,1.);
#7371 = DIRECTION('',(0.,0.,1.));
#7372 = ORIENTED_EDGE('',*,*,#7373,.T.);
#7373 = EDGE_CURVE('',#7366,#7374,#7376,.T.);
#7374 = VERTEX_POINT('',#7375);
#7375 = CARTESIAN_POINT('',(7.366,-0.762,2.157));
#7376 = CIRCLE('',#7377,0.381);
#7377 = AXIS2_PLACEMENT_3D('',#7378,#7379,#7380);
#7378 = CARTESIAN_POINT('',(7.366,-0.762,1.776));
#7379 = DIRECTION('',(3.216245299353E-16,-1.,0.));
#7380 = DIRECTION('',(0.,0.,1.));
#7381 = ORIENTED_EDGE('',*,*,#7382,.T.);
#7382 = EDGE_CURVE('',#7374,#6645,#7383,.T.);
#7383 = LINE('',#7384,#7385);
#7384 = CARTESIAN_POINT('',(7.747,-0.762,2.157));
#7385 = VECTOR('',#7386,1.);
#7386 = DIRECTION('',(-1.,-3.216245299353E-16,0.));
#7387 = PLANE('',#7388);
#7388 = AXIS2_PLACEMENT_3D('',#7389,#7390,#7391);
#7389 = CARTESIAN_POINT('',(-0.127,-0.762,0.));
#7390 = DIRECTION('',(4.440892098501E-16,-1.,0.));
#7391 = DIRECTION('',(0.,-0.,-1.));
#7392 = ADVANCED_FACE('',(#7393),#7418,.T.);
#7393 = FACE_BOUND('',#7394,.T.);
#7394 = EDGE_LOOP('',(#7395,#7403,#7404,#7412));
#7395 = ORIENTED_EDGE('',*,*,#7396,.T.);
#7396 = EDGE_CURVE('',#7397,#6605,#7399,.T.);
#7397 = VERTEX_POINT('',#7398);
#7398 = CARTESIAN_POINT('',(6.91,-6.858,2.157));
#7399 = LINE('',#7400,#7401);
#7400 = CARTESIAN_POINT('',(3.81,-6.858,2.157));
#7401 = VECTOR('',#7402,1.);
#7402 = DIRECTION('',(1.,3.216245299353E-16,0.));
#7403 = ORIENTED_EDGE('',*,*,#6621,.T.);
#7404 = ORIENTED_EDGE('',*,*,#7405,.T.);
#7405 = EDGE_CURVE('',#6614,#7406,#7408,.T.);
#7406 = VERTEX_POINT('',#7407);
#7407 = CARTESIAN_POINT('',(6.91,-5.842,2.157));
#7408 = LINE('',#7409,#7410);
#7409 = CARTESIAN_POINT('',(7.62,-5.842,2.157));
#7410 = VECTOR('',#7411,1.);
#7411 = DIRECTION('',(-1.,-3.216245299353E-16,0.));
#7412 = ORIENTED_EDGE('',*,*,#7413,.F.);
#7413 = EDGE_CURVE('',#7397,#7406,#7414,.T.);
#7414 = LINE('',#7415,#7416);
#7415 = CARTESIAN_POINT('',(6.91,-8.37,2.157));
#7416 = VECTOR('',#7417,1.);
#7417 = DIRECTION('',(-4.440892098501E-16,1.,0.));
#7418 = B_SPLINE_SURFACE_WITH_KNOTS('',1,1,(
    (#7419,#7420)
    ,(#7421,#7422
    )),.UNSPECIFIED.,.F.,.F.,.F.,(2,2),(2,2),(0.,9.27),(0.,1.),
  .PIECEWISE_BEZIER_KNOTS.);
#7419 = CARTESIAN_POINT('',(6.985,-8.445,2.157));
#7420 = CARTESIAN_POINT('',(6.91,-8.37,2.157));
#7421 = CARTESIAN_POINT('',(6.985,0.825,2.157));
#7422 = CARTESIAN_POINT('',(6.91,0.75,2.157));
#7423 = ADVANCED_FACE('',(#7424),#7476,.F.);
#7424 = FACE_BOUND('',#7425,.F.);
#7425 = EDGE_LOOP('',(#7426,#7427,#7428,#7436,#7445,#7453,#7461,#7469));
#7426 = ORIENTED_EDGE('',*,*,#6675,.T.);
#7427 = ORIENTED_EDGE('',*,*,#6613,.T.);
#7428 = ORIENTED_EDGE('',*,*,#7429,.F.);
#7429 = EDGE_CURVE('',#7430,#6614,#7432,.T.);
#7430 = VERTEX_POINT('',#7431);
#7431 = CARTESIAN_POINT('',(7.366,-5.842,2.157));
#7432 = LINE('',#7433,#7434);
#7433 = CARTESIAN_POINT('',(7.62,-5.842,2.157));
#7434 = VECTOR('',#7435,1.);
#7435 = DIRECTION('',(-1.,-3.216245299353E-16,0.));
#7436 = ORIENTED_EDGE('',*,*,#7437,.T.);
#7437 = EDGE_CURVE('',#7430,#7438,#7440,.T.);
#7438 = VERTEX_POINT('',#7439);
#7439 = CARTESIAN_POINT('',(7.747,-5.842,1.776));
#7440 = CIRCLE('',#7441,0.381);
#7441 = AXIS2_PLACEMENT_3D('',#7442,#7443,#7444);
#7442 = CARTESIAN_POINT('',(7.366,-5.842,1.776));
#7443 = DIRECTION('',(-3.216245299353E-16,1.,0.));
#7444 = DIRECTION('',(0.,0.,1.));
#7445 = ORIENTED_EDGE('',*,*,#7446,.T.);
#7446 = EDGE_CURVE('',#7438,#7447,#7449,.T.);
#7447 = VERTEX_POINT('',#7448);
#7448 = CARTESIAN_POINT('',(7.747,-5.842,0.));
#7449 = LINE('',#7450,#7451);
#7450 = CARTESIAN_POINT('',(7.747,-5.842,2.157));
#7451 = VECTOR('',#7452,1.);
#7452 = DIRECTION('',(0.,0.,-1.));
#7453 = ORIENTED_EDGE('',*,*,#7454,.T.);
#7454 = EDGE_CURVE('',#7447,#7455,#7457,.T.);
#7455 = VERTEX_POINT('',#7456);
#7456 = CARTESIAN_POINT('',(7.493,-5.842,0.));
#7457 = LINE('',#7458,#7459);
#7458 = CARTESIAN_POINT('',(7.747,-5.842,0.));
#7459 = VECTOR('',#7460,1.);
#7460 = DIRECTION('',(-1.,-3.216245299353E-16,0.));
#7461 = ORIENTED_EDGE('',*,*,#7462,.F.);
#7462 = EDGE_CURVE('',#7463,#7455,#7465,.T.);
#7463 = VERTEX_POINT('',#7464);
#7464 = CARTESIAN_POINT('',(7.493,-5.842,1.776));
#7465 = LINE('',#7466,#7467);
#7466 = CARTESIAN_POINT('',(7.493,-5.842,2.157));
#7467 = VECTOR('',#7468,1.);
#7468 = DIRECTION('',(0.,0.,-1.));
#7469 = ORIENTED_EDGE('',*,*,#7470,.T.);
#7470 = EDGE_CURVE('',#7463,#6676,#7471,.T.);
#7471 = CIRCLE('',#7472,0.127);
#7472 = AXIS2_PLACEMENT_3D('',#7473,#7474,#7475);
#7473 = CARTESIAN_POINT('',(7.366,-5.842,1.776));
#7474 = DIRECTION('',(3.216245299353E-16,-1.,0.));
#7475 = DIRECTION('',(0.,0.,-1.));
#7476 = PLANE('',#7477);
#7477 = AXIS2_PLACEMENT_3D('',#7478,#7479,#7480);
#7478 = CARTESIAN_POINT('',(0.254,-5.842,2.157));
#7479 = DIRECTION('',(-4.440892098501E-16,1.,0.));
#7480 = DIRECTION('',(0.,0.,1.));
#7481 = ADVANCED_FACE('',(#7482),#7534,.T.);
#7482 = FACE_BOUND('',#7483,.T.);
#7483 = EDGE_LOOP('',(#7484,#7485,#7486,#7494,#7503,#7511,#7519,#7527));
#7484 = ORIENTED_EDGE('',*,*,#6697,.F.);
#7485 = ORIENTED_EDGE('',*,*,#6635,.T.);
#7486 = ORIENTED_EDGE('',*,*,#7487,.T.);
#7487 = EDGE_CURVE('',#6636,#7488,#7490,.T.);
#7488 = VERTEX_POINT('',#7489);
#7489 = CARTESIAN_POINT('',(7.366,-1.778,2.157));
#7490 = LINE('',#7491,#7492);
#7491 = CARTESIAN_POINT('',(3.683,-1.778,2.157));
#7492 = VECTOR('',#7493,1.);
#7493 = DIRECTION('',(1.,3.216245299353E-16,0.));
#7494 = ORIENTED_EDGE('',*,*,#7495,.T.);
#7495 = EDGE_CURVE('',#7488,#7496,#7498,.T.);
#7496 = VERTEX_POINT('',#7497);
#7497 = CARTESIAN_POINT('',(7.747,-1.778,1.776));
#7498 = CIRCLE('',#7499,0.381);
#7499 = AXIS2_PLACEMENT_3D('',#7500,#7501,#7502);
#7500 = CARTESIAN_POINT('',(7.366,-1.778,1.776));
#7501 = DIRECTION('',(-3.216245299353E-16,1.,0.));
#7502 = DIRECTION('',(0.,0.,1.));
#7503 = ORIENTED_EDGE('',*,*,#7504,.F.);
#7504 = EDGE_CURVE('',#7505,#7496,#7507,.T.);
#7505 = VERTEX_POINT('',#7506);
#7506 = CARTESIAN_POINT('',(7.747,-1.778,0.));
#7507 = LINE('',#7508,#7509);
#7508 = CARTESIAN_POINT('',(7.747,-1.778,0.));
#7509 = VECTOR('',#7510,1.);
#7510 = DIRECTION('',(0.,0.,1.));
#7511 = ORIENTED_EDGE('',*,*,#7512,.T.);
#7512 = EDGE_CURVE('',#7505,#7513,#7515,.T.);
#7513 = VERTEX_POINT('',#7514);
#7514 = CARTESIAN_POINT('',(7.493,-1.778,0.));
#7515 = LINE('',#7516,#7517);
#7516 = CARTESIAN_POINT('',(7.747,-1.778,0.));
#7517 = VECTOR('',#7518,1.);
#7518 = DIRECTION('',(-1.,-3.216245299353E-16,0.));
#7519 = ORIENTED_EDGE('',*,*,#7520,.T.);
#7520 = EDGE_CURVE('',#7513,#7521,#7523,.T.);
#7521 = VERTEX_POINT('',#7522);
#7522 = CARTESIAN_POINT('',(7.493,-1.778,1.776));
#7523 = LINE('',#7524,#7525);
#7524 = CARTESIAN_POINT('',(7.493,-1.778,0.));
#7525 = VECTOR('',#7526,1.);
#7526 = DIRECTION('',(0.,0.,1.));
#7527 = ORIENTED_EDGE('',*,*,#7528,.T.);
#7528 = EDGE_CURVE('',#7521,#6698,#7529,.T.);
#7529 = CIRCLE('',#7530,0.127);
#7530 = AXIS2_PLACEMENT_3D('',#7531,#7532,#7533);
#7531 = CARTESIAN_POINT('',(7.366,-1.778,1.776));
#7532 = DIRECTION('',(3.216245299353E-16,-1.,0.));
#7533 = DIRECTION('',(0.,0.,-1.));
#7534 = PLANE('',#7535);
#7535 = AXIS2_PLACEMENT_3D('',#7536,#7537,#7538);
#7536 = CARTESIAN_POINT('',(0.254,-1.778,2.157));
#7537 = DIRECTION('',(-4.440892098501E-16,1.,0.));
#7538 = DIRECTION('',(0.,0.,1.));
#7539 = ADVANCED_FACE('',(#7540),#7565,.T.);
#7540 = FACE_BOUND('',#7541,.T.);
#7541 = EDGE_LOOP('',(#7542,#7550,#7551,#7559));
#7542 = ORIENTED_EDGE('',*,*,#7543,.T.);
#7543 = EDGE_CURVE('',#7544,#6636,#7546,.T.);
#7544 = VERTEX_POINT('',#7545);
#7545 = CARTESIAN_POINT('',(6.91,-1.778,2.157));
#7546 = LINE('',#7547,#7548);
#7547 = CARTESIAN_POINT('',(3.683,-1.778,2.157));
#7548 = VECTOR('',#7549,1.);
#7549 = DIRECTION('',(1.,3.216245299353E-16,0.));
#7550 = ORIENTED_EDGE('',*,*,#6652,.T.);
#7551 = ORIENTED_EDGE('',*,*,#7552,.T.);
#7552 = EDGE_CURVE('',#6645,#7553,#7555,.T.);
#7553 = VERTEX_POINT('',#7554);
#7554 = CARTESIAN_POINT('',(6.91,-0.762,2.157));
#7555 = LINE('',#7556,#7557);
#7556 = CARTESIAN_POINT('',(7.747,-0.762,2.157));
#7557 = VECTOR('',#7558,1.);
#7558 = DIRECTION('',(-1.,-3.216245299353E-16,0.));
#7559 = ORIENTED_EDGE('',*,*,#7560,.F.);
#7560 = EDGE_CURVE('',#7544,#7553,#7561,.T.);
#7561 = LINE('',#7562,#7563);
#7562 = CARTESIAN_POINT('',(6.91,-8.37,2.157));
#7563 = VECTOR('',#7564,1.);
#7564 = DIRECTION('',(-4.440892098501E-16,1.,0.));
#7565 = B_SPLINE_SURFACE_WITH_KNOTS('',1,1,(
    (#7566,#7567)
    ,(#7568,#7569
    )),.UNSPECIFIED.,.F.,.F.,.F.,(2,2),(2,2),(0.,9.27),(0.,1.),
  .PIECEWISE_BEZIER_KNOTS.);
#7566 = CARTESIAN_POINT('',(6.985,-8.445,2.157));
#7567 = CARTESIAN_POINT('',(6.91,-8.37,2.157));
#7568 = CARTESIAN_POINT('',(6.985,0.825,2.157));
#7569 = CARTESIAN_POINT('',(6.91,0.75,2.157));
#7570 = ADVANCED_FACE('',(#7571),#7623,.T.);
#7571 = FACE_BOUND('',#7572,.T.);
#7572 = EDGE_LOOP('',(#7573,#7574,#7575,#7583,#7592,#7600,#7608,#7616));
#7573 = ORIENTED_EDGE('',*,*,#6666,.F.);
#7574 = ORIENTED_EDGE('',*,*,#6728,.T.);
#7575 = ORIENTED_EDGE('',*,*,#7576,.T.);
#7576 = EDGE_CURVE('',#6729,#7577,#7579,.T.);
#7577 = VERTEX_POINT('',#7578);
#7578 = CARTESIAN_POINT('',(7.366,-4.318,2.157));
#7579 = LINE('',#7580,#7581);
#7580 = CARTESIAN_POINT('',(3.683,-4.318,2.157));
#7581 = VECTOR('',#7582,1.);
#7582 = DIRECTION('',(1.,3.216245299353E-16,0.));
#7583 = ORIENTED_EDGE('',*,*,#7584,.T.);
#7584 = EDGE_CURVE('',#7577,#7585,#7587,.T.);
#7585 = VERTEX_POINT('',#7586);
#7586 = CARTESIAN_POINT('',(7.747,-4.318,1.776));
#7587 = CIRCLE('',#7588,0.381);
#7588 = AXIS2_PLACEMENT_3D('',#7589,#7590,#7591);
#7589 = CARTESIAN_POINT('',(7.366,-4.318,1.776));
#7590 = DIRECTION('',(-3.216245299353E-16,1.,0.));
#7591 = DIRECTION('',(0.,0.,1.));
#7592 = ORIENTED_EDGE('',*,*,#7593,.F.);
#7593 = EDGE_CURVE('',#7594,#7585,#7596,.T.);
#7594 = VERTEX_POINT('',#7595);
#7595 = CARTESIAN_POINT('',(7.747,-4.318,0.));
#7596 = LINE('',#7597,#7598);
#7597 = CARTESIAN_POINT('',(7.747,-4.318,0.));
#7598 = VECTOR('',#7599,1.);
#7599 = DIRECTION('',(0.,0.,1.));
#7600 = ORIENTED_EDGE('',*,*,#7601,.T.);
#7601 = EDGE_CURVE('',#7594,#7602,#7604,.T.);
#7602 = VERTEX_POINT('',#7603);
#7603 = CARTESIAN_POINT('',(7.493,-4.318,0.));
#7604 = LINE('',#7605,#7606);
#7605 = CARTESIAN_POINT('',(7.747,-4.318,0.));
#7606 = VECTOR('',#7607,1.);
#7607 = DIRECTION('',(-1.,-3.216245299353E-16,0.));
#7608 = ORIENTED_EDGE('',*,*,#7609,.T.);
#7609 = EDGE_CURVE('',#7602,#7610,#7612,.T.);
#7610 = VERTEX_POINT('',#7611);
#7611 = CARTESIAN_POINT('',(7.493,-4.318,1.776));
#7612 = LINE('',#7613,#7614);
#7613 = CARTESIAN_POINT('',(7.493,-4.318,0.));
#7614 = VECTOR('',#7615,1.);
#7615 = DIRECTION('',(0.,0.,1.));
#7616 = ORIENTED_EDGE('',*,*,#7617,.T.);
#7617 = EDGE_CURVE('',#7610,#6667,#7618,.T.);
#7618 = CIRCLE('',#7619,0.127);
#7619 = AXIS2_PLACEMENT_3D('',#7620,#7621,#7622);
#7620 = CARTESIAN_POINT('',(7.366,-4.318,1.776));
#7621 = DIRECTION('',(3.216245299353E-16,-1.,0.));
#7622 = DIRECTION('',(0.,0.,-1.));
#7623 = PLANE('',#7624);
#7624 = AXIS2_PLACEMENT_3D('',#7625,#7626,#7627);
#7625 = CARTESIAN_POINT('',(0.254,-4.318,2.157));
#7626 = DIRECTION('',(-4.440892098501E-16,1.,0.));
#7627 = DIRECTION('',(0.,0.,1.));
#7628 = ADVANCED_FACE('',(#7629),#7640,.F.);
#7629 = FACE_BOUND('',#7630,.F.);
#7630 = EDGE_LOOP('',(#7631,#7637,#7638,#7639));
#7631 = ORIENTED_EDGE('',*,*,#7632,.T.);
#7632 = EDGE_CURVE('',#7463,#7610,#7633,.T.);
#7633 = LINE('',#7634,#7635);
#7634 = CARTESIAN_POINT('',(7.493,-5.842,1.776));
#7635 = VECTOR('',#7636,1.);
#7636 = DIRECTION('',(-3.216245299353E-16,1.,0.));
#7637 = ORIENTED_EDGE('',*,*,#7617,.T.);
#7638 = ORIENTED_EDGE('',*,*,#6683,.F.);
#7639 = ORIENTED_EDGE('',*,*,#7470,.F.);
#7640 = CYLINDRICAL_SURFACE('',#7641,0.127);
#7641 = AXIS2_PLACEMENT_3D('',#7642,#7643,#7644);
#7642 = CARTESIAN_POINT('',(7.366,-5.842,1.776));
#7643 = DIRECTION('',(-3.216245299353E-16,1.,0.));
#7644 = DIRECTION('',(1.,3.216245299353E-16,0.));
#7645 = ADVANCED_FACE('',(#7646),#7665,.F.);
#7646 = FACE_BOUND('',#7647,.F.);
#7647 = EDGE_LOOP('',(#7648,#7656,#7657,#7658));
#7648 = ORIENTED_EDGE('',*,*,#7649,.T.);
#7649 = EDGE_CURVE('',#7650,#7521,#7652,.T.);
#7650 = VERTEX_POINT('',#7651);
#7651 = CARTESIAN_POINT('',(7.493,-3.302,1.776));
#7652 = LINE('',#7653,#7654);
#7653 = CARTESIAN_POINT('',(7.493,-3.302,1.776));
#7654 = VECTOR('',#7655,1.);
#7655 = DIRECTION('',(-3.216245299353E-16,1.,0.));
#7656 = ORIENTED_EDGE('',*,*,#7528,.T.);
#7657 = ORIENTED_EDGE('',*,*,#6714,.F.);
#7658 = ORIENTED_EDGE('',*,*,#7659,.F.);
#7659 = EDGE_CURVE('',#7650,#6707,#7660,.T.);
#7660 = CIRCLE('',#7661,0.127);
#7661 = AXIS2_PLACEMENT_3D('',#7662,#7663,#7664);
#7662 = CARTESIAN_POINT('',(7.366,-3.302,1.776));
#7663 = DIRECTION('',(3.216245299353E-16,-1.,0.));
#7664 = DIRECTION('',(0.,0.,-1.));
#7665 = CYLINDRICAL_SURFACE('',#7666,0.127);
#7666 = AXIS2_PLACEMENT_3D('',#7667,#7668,#7669);
#7667 = CARTESIAN_POINT('',(7.366,-3.302,1.776));
#7668 = DIRECTION('',(-3.216245299353E-16,1.,0.));
#7669 = DIRECTION('',(1.,3.216245299353E-16,0.));
#7670 = ADVANCED_FACE('',(#7671),#7715,.F.);
#7671 = FACE_BOUND('',#7672,.F.);
#7672 = EDGE_LOOP('',(#7673,#7674,#7675,#7683,#7692,#7700,#7708,#7714));
#7673 = ORIENTED_EDGE('',*,*,#6706,.T.);
#7674 = ORIENTED_EDGE('',*,*,#6737,.T.);
#7675 = ORIENTED_EDGE('',*,*,#7676,.F.);
#7676 = EDGE_CURVE('',#7677,#6738,#7679,.T.);
#7677 = VERTEX_POINT('',#7678);
#7678 = CARTESIAN_POINT('',(7.366,-3.302,2.157));
#7679 = LINE('',#7680,#7681);
#7680 = CARTESIAN_POINT('',(7.62,-3.302,2.157));
#7681 = VECTOR('',#7682,1.);
#7682 = DIRECTION('',(-1.,-3.216245299353E-16,0.));
#7683 = ORIENTED_EDGE('',*,*,#7684,.T.);
#7684 = EDGE_CURVE('',#7677,#7685,#7687,.T.);
#7685 = VERTEX_POINT('',#7686);
#7686 = CARTESIAN_POINT('',(7.747,-3.302,1.776));
#7687 = CIRCLE('',#7688,0.381);
#7688 = AXIS2_PLACEMENT_3D('',#7689,#7690,#7691);
#7689 = CARTESIAN_POINT('',(7.366,-3.302,1.776));
#7690 = DIRECTION('',(-3.216245299353E-16,1.,0.));
#7691 = DIRECTION('',(0.,0.,1.));
#7692 = ORIENTED_EDGE('',*,*,#7693,.T.);
#7693 = EDGE_CURVE('',#7685,#7694,#7696,.T.);
#7694 = VERTEX_POINT('',#7695);
#7695 = CARTESIAN_POINT('',(7.747,-3.302,0.));
#7696 = LINE('',#7697,#7698);
#7697 = CARTESIAN_POINT('',(7.747,-3.302,2.157));
#7698 = VECTOR('',#7699,1.);
#7699 = DIRECTION('',(0.,0.,-1.));
#7700 = ORIENTED_EDGE('',*,*,#7701,.T.);
#7701 = EDGE_CURVE('',#7694,#7702,#7704,.T.);
#7702 = VERTEX_POINT('',#7703);
#7703 = CARTESIAN_POINT('',(7.493,-3.302,0.));
#7704 = LINE('',#7705,#7706);
#7705 = CARTESIAN_POINT('',(7.747,-3.302,0.));
#7706 = VECTOR('',#7707,1.);
#7707 = DIRECTION('',(-1.,-3.216245299353E-16,0.));
#7708 = ORIENTED_EDGE('',*,*,#7709,.F.);
#7709 = EDGE_CURVE('',#7650,#7702,#7710,.T.);
#7710 = LINE('',#7711,#7712);
#7711 = CARTESIAN_POINT('',(7.493,-3.302,2.157));
#7712 = VECTOR('',#7713,1.);
#7713 = DIRECTION('',(0.,0.,-1.));
#7714 = ORIENTED_EDGE('',*,*,#7659,.T.);
#7715 = PLANE('',#7716);
#7716 = AXIS2_PLACEMENT_3D('',#7717,#7718,#7719);
#7717 = CARTESIAN_POINT('',(0.254,-3.302,2.157));
#7718 = DIRECTION('',(-4.440892098501E-16,1.,0.));
#7719 = DIRECTION('',(0.,0.,1.));
#7720 = ADVANCED_FACE('',(#7721),#7746,.T.);
#7721 = FACE_BOUND('',#7722,.T.);
#7722 = EDGE_LOOP('',(#7723,#7731,#7732,#7740));
#7723 = ORIENTED_EDGE('',*,*,#7724,.T.);
#7724 = EDGE_CURVE('',#7725,#6729,#7727,.T.);
#7725 = VERTEX_POINT('',#7726);
#7726 = CARTESIAN_POINT('',(6.91,-4.318,2.157));
#7727 = LINE('',#7728,#7729);
#7728 = CARTESIAN_POINT('',(3.683,-4.318,2.157));
#7729 = VECTOR('',#7730,1.);
#7730 = DIRECTION('',(1.,3.216245299353E-16,0.));
#7731 = ORIENTED_EDGE('',*,*,#6745,.T.);
#7732 = ORIENTED_EDGE('',*,*,#7733,.T.);
#7733 = EDGE_CURVE('',#6738,#7734,#7736,.T.);
#7734 = VERTEX_POINT('',#7735);
#7735 = CARTESIAN_POINT('',(6.91,-3.302,2.157));
#7736 = LINE('',#7737,#7738);
#7737 = CARTESIAN_POINT('',(7.62,-3.302,2.157));
#7738 = VECTOR('',#7739,1.);
#7739 = DIRECTION('',(-1.,-3.216245299353E-16,0.));
#7740 = ORIENTED_EDGE('',*,*,#7741,.F.);
#7741 = EDGE_CURVE('',#7725,#7734,#7742,.T.);
#7742 = LINE('',#7743,#7744);
#7743 = CARTESIAN_POINT('',(6.91,-8.37,2.157));
#7744 = VECTOR('',#7745,1.);
#7745 = DIRECTION('',(-4.440892098501E-16,1.,0.));
#7746 = B_SPLINE_SURFACE_WITH_KNOTS('',1,1,(
    (#7747,#7748)
    ,(#7749,#7750
    )),.UNSPECIFIED.,.F.,.F.,.F.,(2,2),(2,2),(0.,9.27),(0.,1.),
  .PIECEWISE_BEZIER_KNOTS.);
#7747 = CARTESIAN_POINT('',(6.985,-8.445,2.157));
#7748 = CARTESIAN_POINT('',(6.91,-8.37,2.157));
#7749 = CARTESIAN_POINT('',(6.985,0.825,2.157));
#7750 = CARTESIAN_POINT('',(6.91,0.75,2.157));
#7751 = ADVANCED_FACE('',(#7752),#7769,.T.);
#7752 = FACE_BOUND('',#7753,.T.);
#7753 = EDGE_LOOP('',(#7754,#7755,#7762,#7768));
#7754 = ORIENTED_EDGE('',*,*,#6767,.T.);
#7755 = ORIENTED_EDGE('',*,*,#7756,.T.);
#7756 = EDGE_CURVE('',#6761,#7757,#7759,.T.);
#7757 = VERTEX_POINT('',#7758);
#7758 = CARTESIAN_POINT('',(0.71,0.75,2.157));
#7759 = B_SPLINE_CURVE_WITH_KNOTS('',1,(#7760,#7761),.UNSPECIFIED.,.F.,
  .F.,(2,2),(0.,1.),.PIECEWISE_BEZIER_KNOTS.);
#7760 = CARTESIAN_POINT('',(0.635,0.825,2.157));
#7761 = CARTESIAN_POINT('',(0.71,0.75,2.157));
#7762 = ORIENTED_EDGE('',*,*,#7763,.F.);
#7763 = EDGE_CURVE('',#7226,#7757,#7764,.T.);
#7764 = LINE('',#7765,#7766);
#7765 = CARTESIAN_POINT('',(6.91,0.75,2.157));
#7766 = VECTOR('',#7767,1.);
#7767 = DIRECTION('',(-1.,-4.440892098501E-16,0.));
#7768 = ORIENTED_EDGE('',*,*,#7225,.F.);
#7769 = B_SPLINE_SURFACE_WITH_KNOTS('',1,1,(
    (#7770,#7771)
    ,(#7772,#7773
    )),.UNSPECIFIED.,.F.,.F.,.F.,(2,2),(2,2),(0.,6.35),(0.,1.),
  .PIECEWISE_BEZIER_KNOTS.);
#7770 = CARTESIAN_POINT('',(6.985,0.825,2.157));
#7771 = CARTESIAN_POINT('',(6.91,0.75,2.157));
#7772 = CARTESIAN_POINT('',(0.635,0.825,2.157));
#7773 = CARTESIAN_POINT('',(0.71,0.75,2.157));
#7774 = ADVANCED_FACE('',(#7775),#7793,.T.);
#7775 = FACE_BOUND('',#7776,.T.);
#7776 = EDGE_LOOP('',(#7777,#7778,#7779,#7787));
#7777 = ORIENTED_EDGE('',*,*,#7756,.F.);
#7778 = ORIENTED_EDGE('',*,*,#6792,.T.);
#7779 = ORIENTED_EDGE('',*,*,#7780,.T.);
#7780 = EDGE_CURVE('',#6785,#7781,#7783,.T.);
#7781 = VERTEX_POINT('',#7782);
#7782 = CARTESIAN_POINT('',(0.71,0.2285,2.157));
#7783 = LINE('',#7784,#7785);
#7784 = CARTESIAN_POINT('',(-0.127,0.2285,2.157));
#7785 = VECTOR('',#7786,1.);
#7786 = DIRECTION('',(1.,4.440892098501E-16,0.));
#7787 = ORIENTED_EDGE('',*,*,#7788,.F.);
#7788 = EDGE_CURVE('',#7757,#7781,#7789,.T.);
#7789 = LINE('',#7790,#7791);
#7790 = CARTESIAN_POINT('',(0.71,0.75,2.157));
#7791 = VECTOR('',#7792,1.);
#7792 = DIRECTION('',(4.440892098501E-16,-1.,0.));
#7793 = B_SPLINE_SURFACE_WITH_KNOTS('',1,1,(
    (#7794,#7795)
    ,(#7796,#7797
    )),.UNSPECIFIED.,.F.,.F.,.F.,(2,2),(2,2),(0.,9.27),(0.,1.),
  .PIECEWISE_BEZIER_KNOTS.);
#7794 = CARTESIAN_POINT('',(0.635,0.825,2.157));
#7795 = CARTESIAN_POINT('',(0.71,0.75,2.157));
#7796 = CARTESIAN_POINT('',(0.635,-8.445,2.157));
#7797 = CARTESIAN_POINT('',(0.71,-8.37,2.157));
#7798 = ADVANCED_FACE('',(#7799),#7851,.F.);
#7799 = FACE_BOUND('',#7800,.F.);
#7800 = EDGE_LOOP('',(#7801,#7809,#7818,#7826,#7834,#7842,#7849,#7850));
#7801 = ORIENTED_EDGE('',*,*,#7802,.F.);
#7802 = EDGE_CURVE('',#7803,#6785,#7805,.T.);
#7803 = VERTEX_POINT('',#7804);
#7804 = CARTESIAN_POINT('',(0.254,0.2285,2.157));
#7805 = LINE('',#7806,#7807);
#7806 = CARTESIAN_POINT('',(-0.127,0.2285,2.157));
#7807 = VECTOR('',#7808,1.);
#7808 = DIRECTION('',(1.,4.440892098501E-16,0.));
#7809 = ORIENTED_EDGE('',*,*,#7810,.T.);
#7810 = EDGE_CURVE('',#7803,#7811,#7813,.T.);
#7811 = VERTEX_POINT('',#7812);
#7812 = CARTESIAN_POINT('',(-0.127,0.2285,1.776));
#7813 = CIRCLE('',#7814,0.381);
#7814 = AXIS2_PLACEMENT_3D('',#7815,#7816,#7817);
#7815 = CARTESIAN_POINT('',(0.254,0.2285,1.776));
#7816 = DIRECTION('',(4.440892098501E-16,-1.,0.));
#7817 = DIRECTION('',(0.,0.,1.));
#7818 = ORIENTED_EDGE('',*,*,#7819,.T.);
#7819 = EDGE_CURVE('',#7811,#7820,#7822,.T.);
#7820 = VERTEX_POINT('',#7821);
#7821 = CARTESIAN_POINT('',(-0.127,0.2285,-2.843));
#7822 = LINE('',#7823,#7824);
#7823 = CARTESIAN_POINT('',(-0.127,0.2285,2.157));
#7824 = VECTOR('',#7825,1.);
#7825 = DIRECTION('',(-0.,0.,-1.));
#7826 = ORIENTED_EDGE('',*,*,#7827,.T.);
#7827 = EDGE_CURVE('',#7820,#7828,#7830,.T.);
#7828 = VERTEX_POINT('',#7829);
#7829 = CARTESIAN_POINT('',(0.127,0.2285,-2.843));
#7830 = LINE('',#7831,#7832);
#7831 = CARTESIAN_POINT('',(-0.127,0.2285,-2.843));
#7832 = VECTOR('',#7833,1.);
#7833 = DIRECTION('',(1.,4.440892098501E-16,0.));
#7834 = ORIENTED_EDGE('',*,*,#7835,.F.);
#7835 = EDGE_CURVE('',#7836,#7828,#7838,.T.);
#7836 = VERTEX_POINT('',#7837);
#7837 = CARTESIAN_POINT('',(0.127,0.2285,1.776));
#7838 = LINE('',#7839,#7840);
#7839 = CARTESIAN_POINT('',(0.127,0.2285,2.157));
#7840 = VECTOR('',#7841,1.);
#7841 = DIRECTION('',(-0.,0.,-1.));
#7842 = ORIENTED_EDGE('',*,*,#7843,.T.);
#7843 = EDGE_CURVE('',#7836,#6837,#7844,.T.);
#7844 = CIRCLE('',#7845,0.127);
#7845 = AXIS2_PLACEMENT_3D('',#7846,#7847,#7848);
#7846 = CARTESIAN_POINT('',(0.254,0.2285,1.776));
#7847 = DIRECTION('',(-4.440892098501E-16,1.,0.));
#7848 = DIRECTION('',(0.,0.,-1.));
#7849 = ORIENTED_EDGE('',*,*,#6836,.T.);
#7850 = ORIENTED_EDGE('',*,*,#6784,.T.);
#7851 = PLANE('',#7852);
#7852 = AXIS2_PLACEMENT_3D('',#7853,#7854,#7855);
#7853 = CARTESIAN_POINT('',(0.254,0.2285,2.157));
#7854 = DIRECTION('',(4.440892098501E-16,-1.,2.331176954594E-15));
#7855 = DIRECTION('',(1.035250531786E-30,-2.331176954594E-15,-1.));
#7856 = ADVANCED_FACE('',(#7857),#7909,.F.);
#7857 = FACE_BOUND('',#7858,.F.);
#7858 = EDGE_LOOP('',(#7859,#7869,#7878,#7884,#7885,#7886,#7895,#7903));
#7859 = ORIENTED_EDGE('',*,*,#7860,.F.);
#7860 = EDGE_CURVE('',#7861,#7863,#7865,.T.);
#7861 = VERTEX_POINT('',#7862);
#7862 = CARTESIAN_POINT('',(-0.127,-7.8485,1.776));
#7863 = VERTEX_POINT('',#7864);
#7864 = CARTESIAN_POINT('',(-0.127,-7.8485,-2.843));
#7865 = LINE('',#7866,#7867);
#7866 = CARTESIAN_POINT('',(-0.127,-7.8485,2.157));
#7867 = VECTOR('',#7868,1.);
#7868 = DIRECTION('',(-0.,0.,-1.));
#7869 = ORIENTED_EDGE('',*,*,#7870,.T.);
#7870 = EDGE_CURVE('',#7861,#7871,#7873,.T.);
#7871 = VERTEX_POINT('',#7872);
#7872 = CARTESIAN_POINT('',(0.254,-7.8485,2.157));
#7873 = CIRCLE('',#7874,0.381);
#7874 = AXIS2_PLACEMENT_3D('',#7875,#7876,#7877);
#7875 = CARTESIAN_POINT('',(0.254,-7.8485,1.776));
#7876 = DIRECTION('',(-4.440892098501E-16,1.,0.));
#7877 = DIRECTION('',(0.,0.,1.));
#7878 = ORIENTED_EDGE('',*,*,#7879,.F.);
#7879 = EDGE_CURVE('',#6807,#7871,#7880,.T.);
#7880 = LINE('',#7881,#7882);
#7881 = CARTESIAN_POINT('',(3.81,-7.8485,2.157));
#7882 = VECTOR('',#7883,1.);
#7883 = DIRECTION('',(-1.,-4.440892098501E-16,0.));
#7884 = ORIENTED_EDGE('',*,*,#6806,.T.);
#7885 = ORIENTED_EDGE('',*,*,#6883,.T.);
#7886 = ORIENTED_EDGE('',*,*,#7887,.F.);
#7887 = EDGE_CURVE('',#7888,#6876,#7890,.T.);
#7888 = VERTEX_POINT('',#7889);
#7889 = CARTESIAN_POINT('',(0.127,-7.8485,1.776));
#7890 = CIRCLE('',#7891,0.127);
#7891 = AXIS2_PLACEMENT_3D('',#7892,#7893,#7894);
#7892 = CARTESIAN_POINT('',(0.254,-7.8485,1.776));
#7893 = DIRECTION('',(-4.440892098501E-16,1.,0.));
#7894 = DIRECTION('',(0.,0.,1.));
#7895 = ORIENTED_EDGE('',*,*,#7896,.T.);
#7896 = EDGE_CURVE('',#7888,#7897,#7899,.T.);
#7897 = VERTEX_POINT('',#7898);
#7898 = CARTESIAN_POINT('',(0.127,-7.8485,-2.843));
#7899 = LINE('',#7900,#7901);
#7900 = CARTESIAN_POINT('',(0.127,-7.8485,2.157));
#7901 = VECTOR('',#7902,1.);
#7902 = DIRECTION('',(-0.,0.,-1.));
#7903 = ORIENTED_EDGE('',*,*,#7904,.F.);
#7904 = EDGE_CURVE('',#7863,#7897,#7905,.T.);
#7905 = LINE('',#7906,#7907);
#7906 = CARTESIAN_POINT('',(-0.127,-7.8485,-2.843));
#7907 = VECTOR('',#7908,1.);
#7908 = DIRECTION('',(1.,4.440892098501E-16,0.));
#7909 = PLANE('',#7910);
#7910 = AXIS2_PLACEMENT_3D('',#7911,#7912,#7913);
#7911 = CARTESIAN_POINT('',(-0.127,-7.8485,1.776));
#7912 = DIRECTION('',(-4.440892098501E-16,1.,0.));
#7913 = DIRECTION('',(0.,0.,1.));
#7914 = ADVANCED_FACE('',(#7915),#7939,.T.);
#7915 = FACE_BOUND('',#7916,.T.);
#7916 = EDGE_LOOP('',(#7917,#7925,#7926,#7933));
#7917 = ORIENTED_EDGE('',*,*,#7918,.T.);
#7918 = EDGE_CURVE('',#7919,#6807,#7921,.T.);
#7919 = VERTEX_POINT('',#7920);
#7920 = CARTESIAN_POINT('',(0.71,-7.8485,2.157));
#7921 = LINE('',#7922,#7923);
#7922 = CARTESIAN_POINT('',(3.81,-7.8485,2.157));
#7923 = VECTOR('',#7924,1.);
#7924 = DIRECTION('',(-1.,-4.440892098501E-16,0.));
#7925 = ORIENTED_EDGE('',*,*,#6822,.T.);
#7926 = ORIENTED_EDGE('',*,*,#7927,.T.);
#7927 = EDGE_CURVE('',#6816,#7928,#7930,.T.);
#7928 = VERTEX_POINT('',#7929);
#7929 = CARTESIAN_POINT('',(0.71,-8.37,2.157));
#7930 = B_SPLINE_CURVE_WITH_KNOTS('',1,(#7931,#7932),.UNSPECIFIED.,.F.,
  .F.,(2,2),(0.,1.),.PIECEWISE_BEZIER_KNOTS.);
#7931 = CARTESIAN_POINT('',(0.635,-8.445,2.157));
#7932 = CARTESIAN_POINT('',(0.71,-8.37,2.157));
#7933 = ORIENTED_EDGE('',*,*,#7934,.F.);
#7934 = EDGE_CURVE('',#7919,#7928,#7935,.T.);
#7935 = LINE('',#7936,#7937);
#7936 = CARTESIAN_POINT('',(0.71,0.75,2.157));
#7937 = VECTOR('',#7938,1.);
#7938 = DIRECTION('',(4.440892098501E-16,-1.,0.));
#7939 = B_SPLINE_SURFACE_WITH_KNOTS('',1,1,(
    (#7940,#7941)
    ,(#7942,#7943
    )),.UNSPECIFIED.,.F.,.F.,.F.,(2,2),(2,2),(0.,9.27),(0.,1.),
  .PIECEWISE_BEZIER_KNOTS.);
#7940 = CARTESIAN_POINT('',(0.635,0.825,2.157));
#7941 = CARTESIAN_POINT('',(0.71,0.75,2.157));
#7942 = CARTESIAN_POINT('',(0.635,-8.445,2.157));
#7943 = CARTESIAN_POINT('',(0.71,-8.37,2.157));
#7944 = ADVANCED_FACE('',(#7945),#7997,.T.);
#7945 = FACE_BOUND('',#7946,.T.);
#7946 = EDGE_LOOP('',(#7947,#7958,#7966,#7974,#7982,#7989,#7990,#7991));
#7947 = ORIENTED_EDGE('',*,*,#7948,.T.);
#7948 = EDGE_CURVE('',#7949,#7951,#7953,.T.);
#7949 = VERTEX_POINT('',#7950);
#7950 = CARTESIAN_POINT('',(0.254,-0.762,2.157));
#7951 = VERTEX_POINT('',#7952);
#7952 = CARTESIAN_POINT('',(-0.127,-0.762,1.776));
#7953 = CIRCLE('',#7954,0.381);
#7954 = AXIS2_PLACEMENT_3D('',#7955,#7956,#7957);
#7955 = CARTESIAN_POINT('',(0.254,-0.762,1.776));
#7956 = DIRECTION('',(4.440892098501E-16,-1.,0.));
#7957 = DIRECTION('',(0.,0.,1.));
#7958 = ORIENTED_EDGE('',*,*,#7959,.F.);
#7959 = EDGE_CURVE('',#7960,#7951,#7962,.T.);
#7960 = VERTEX_POINT('',#7961);
#7961 = CARTESIAN_POINT('',(-0.127,-0.762,0.));
#7962 = LINE('',#7963,#7964);
#7963 = CARTESIAN_POINT('',(-0.127,-0.762,0.));
#7964 = VECTOR('',#7965,1.);
#7965 = DIRECTION('',(0.,0.,1.));
#7966 = ORIENTED_EDGE('',*,*,#7967,.T.);
#7967 = EDGE_CURVE('',#7960,#7968,#7970,.T.);
#7968 = VERTEX_POINT('',#7969);
#7969 = CARTESIAN_POINT('',(0.127,-0.762,0.));
#7970 = LINE('',#7971,#7972);
#7971 = CARTESIAN_POINT('',(-0.127,-0.762,0.));
#7972 = VECTOR('',#7973,1.);
#7973 = DIRECTION('',(1.,4.440892098501E-16,0.));
#7974 = ORIENTED_EDGE('',*,*,#7975,.T.);
#7975 = EDGE_CURVE('',#7968,#7976,#7978,.T.);
#7976 = VERTEX_POINT('',#7977);
#7977 = CARTESIAN_POINT('',(0.127,-0.762,1.776));
#7978 = LINE('',#7979,#7980);
#7979 = CARTESIAN_POINT('',(0.127,-0.762,0.));
#7980 = VECTOR('',#7981,1.);
#7981 = DIRECTION('',(0.,0.,1.));
#7982 = ORIENTED_EDGE('',*,*,#7983,.T.);
#7983 = EDGE_CURVE('',#7976,#6845,#7984,.T.);
#7984 = CIRCLE('',#7985,0.127);
#7985 = AXIS2_PLACEMENT_3D('',#7986,#7987,#7988);
#7986 = CARTESIAN_POINT('',(0.254,-0.762,1.776));
#7987 = DIRECTION('',(-4.440892098501E-16,1.,0.));
#7988 = DIRECTION('',(0.,0.,-1.));
#7989 = ORIENTED_EDGE('',*,*,#6852,.F.);
#7990 = ORIENTED_EDGE('',*,*,#6898,.T.);
#7991 = ORIENTED_EDGE('',*,*,#7992,.T.);
#7992 = EDGE_CURVE('',#6899,#7949,#7993,.T.);
#7993 = LINE('',#7994,#7995);
#7994 = CARTESIAN_POINT('',(3.81,-0.762,2.157));
#7995 = VECTOR('',#7996,1.);
#7996 = DIRECTION('',(-1.,-4.440892098501E-16,0.));
#7997 = PLANE('',#7998);
#7998 = AXIS2_PLACEMENT_3D('',#7999,#8000,#8001);
#7999 = CARTESIAN_POINT('',(-0.127,-0.762,0.));
#8000 = DIRECTION('',(4.440892098501E-16,-1.,0.));
#8001 = DIRECTION('',(0.,-0.,-1.));
#8002 = ADVANCED_FACE('',(#8003),#8014,.F.);
#8003 = FACE_BOUND('',#8004,.F.);
#8004 = EDGE_LOOP('',(#8005,#8011,#8012,#8013));
#8005 = ORIENTED_EDGE('',*,*,#8006,.T.);
#8006 = EDGE_CURVE('',#7836,#7976,#8007,.T.);
#8007 = LINE('',#8008,#8009);
#8008 = CARTESIAN_POINT('',(0.127,0.2285,1.776));
#8009 = VECTOR('',#8010,1.);
#8010 = DIRECTION('',(4.440892098501E-16,-1.,0.));
#8011 = ORIENTED_EDGE('',*,*,#7983,.T.);
#8012 = ORIENTED_EDGE('',*,*,#6844,.F.);
#8013 = ORIENTED_EDGE('',*,*,#7843,.F.);
#8014 = CYLINDRICAL_SURFACE('',#8015,0.127);
#8015 = AXIS2_PLACEMENT_3D('',#8016,#8017,#8018);
#8016 = CARTESIAN_POINT('',(0.254,0.2285,1.776));
#8017 = DIRECTION('',(4.440892098501E-16,-1.,0.));
#8018 = DIRECTION('',(-1.,-4.440892098501E-16,0.));
#8019 = ADVANCED_FACE('',(#8020),#8072,.F.);
#8020 = FACE_BOUND('',#8021,.F.);
#8021 = EDGE_LOOP('',(#8022,#8030,#8039,#8047,#8055,#8063,#8070,#8071));
#8022 = ORIENTED_EDGE('',*,*,#8023,.F.);
#8023 = EDGE_CURVE('',#8024,#6939,#8026,.T.);
#8024 = VERTEX_POINT('',#8025);
#8025 = CARTESIAN_POINT('',(0.254,-6.858,2.157));
#8026 = LINE('',#8027,#8028);
#8027 = CARTESIAN_POINT('',(-0.127,-6.858,2.157));
#8028 = VECTOR('',#8029,1.);
#8029 = DIRECTION('',(1.,4.440892098501E-16,0.));
#8030 = ORIENTED_EDGE('',*,*,#8031,.F.);
#8031 = EDGE_CURVE('',#8032,#8024,#8034,.T.);
#8032 = VERTEX_POINT('',#8033);
#8033 = CARTESIAN_POINT('',(-0.127,-6.858,1.776));
#8034 = CIRCLE('',#8035,0.381);
#8035 = AXIS2_PLACEMENT_3D('',#8036,#8037,#8038);
#8036 = CARTESIAN_POINT('',(0.254,-6.858,1.776));
#8037 = DIRECTION('',(-4.440892098501E-16,1.,0.));
#8038 = DIRECTION('',(0.,0.,1.));
#8039 = ORIENTED_EDGE('',*,*,#8040,.F.);
#8040 = EDGE_CURVE('',#8041,#8032,#8043,.T.);
#8041 = VERTEX_POINT('',#8042);
#8042 = CARTESIAN_POINT('',(-0.127,-6.858,0.));
#8043 = LINE('',#8044,#8045);
#8044 = CARTESIAN_POINT('',(-0.127,-6.858,0.));
#8045 = VECTOR('',#8046,1.);
#8046 = DIRECTION('',(0.,0.,1.));
#8047 = ORIENTED_EDGE('',*,*,#8048,.T.);
#8048 = EDGE_CURVE('',#8041,#8049,#8051,.T.);
#8049 = VERTEX_POINT('',#8050);
#8050 = CARTESIAN_POINT('',(0.127,-6.858,0.));
#8051 = LINE('',#8052,#8053);
#8052 = CARTESIAN_POINT('',(-0.127,-6.858,0.));
#8053 = VECTOR('',#8054,1.);
#8054 = DIRECTION('',(1.,4.440892098501E-16,0.));
#8055 = ORIENTED_EDGE('',*,*,#8056,.T.);
#8056 = EDGE_CURVE('',#8049,#8057,#8059,.T.);
#8057 = VERTEX_POINT('',#8058);
#8058 = CARTESIAN_POINT('',(0.127,-6.858,1.776));
#8059 = LINE('',#8060,#8061);
#8060 = CARTESIAN_POINT('',(0.127,-6.858,0.));
#8061 = VECTOR('',#8062,1.);
#8062 = DIRECTION('',(0.,0.,1.));
#8063 = ORIENTED_EDGE('',*,*,#8064,.T.);
#8064 = EDGE_CURVE('',#8057,#6868,#8065,.T.);
#8065 = CIRCLE('',#8066,0.127);
#8066 = AXIS2_PLACEMENT_3D('',#8067,#8068,#8069);
#8067 = CARTESIAN_POINT('',(0.254,-6.858,1.776));
#8068 = DIRECTION('',(-4.440892098501E-16,1.,0.));
#8069 = DIRECTION('',(0.,0.,1.));
#8070 = ORIENTED_EDGE('',*,*,#6867,.T.);
#8071 = ORIENTED_EDGE('',*,*,#6938,.T.);
#8072 = PLANE('',#8073);
#8073 = AXIS2_PLACEMENT_3D('',#8074,#8075,#8076);
#8074 = CARTESIAN_POINT('',(0.254,-6.858,2.157));
#8075 = DIRECTION('',(4.440892098501E-16,-1.,0.));
#8076 = DIRECTION('',(0.,-0.,-1.));
#8077 = ADVANCED_FACE('',(#8078),#8089,.F.);
#8078 = FACE_BOUND('',#8079,.F.);
#8079 = EDGE_LOOP('',(#8080,#8081,#8082,#8083));
#8080 = ORIENTED_EDGE('',*,*,#7887,.T.);
#8081 = ORIENTED_EDGE('',*,*,#6875,.T.);
#8082 = ORIENTED_EDGE('',*,*,#8064,.F.);
#8083 = ORIENTED_EDGE('',*,*,#8084,.F.);
#8084 = EDGE_CURVE('',#7888,#8057,#8085,.T.);
#8085 = LINE('',#8086,#8087);
#8086 = CARTESIAN_POINT('',(0.127,-7.8485,1.776));
#8087 = VECTOR('',#8088,1.);
#8088 = DIRECTION('',(-4.440892098501E-16,1.,0.));
#8089 = CYLINDRICAL_SURFACE('',#8090,0.127);
#8090 = AXIS2_PLACEMENT_3D('',#8091,#8092,#8093);
#8091 = CARTESIAN_POINT('',(0.254,-7.8485,1.776));
#8092 = DIRECTION('',(-4.440892098501E-16,1.,0.));
#8093 = DIRECTION('',(-1.,-4.440892098501E-16,0.));
#8094 = ADVANCED_FACE('',(#8095),#8120,.T.);
#8095 = FACE_BOUND('',#8096,.T.);
#8096 = EDGE_LOOP('',(#8097,#8105,#8106,#8114));
#8097 = ORIENTED_EDGE('',*,*,#8098,.T.);
#8098 = EDGE_CURVE('',#8099,#6899,#8101,.T.);
#8099 = VERTEX_POINT('',#8100);
#8100 = CARTESIAN_POINT('',(0.71,-0.762,2.157));
#8101 = LINE('',#8102,#8103);
#8102 = CARTESIAN_POINT('',(3.81,-0.762,2.157));
#8103 = VECTOR('',#8104,1.);
#8104 = DIRECTION('',(-1.,-4.440892098501E-16,0.));
#8105 = ORIENTED_EDGE('',*,*,#6915,.T.);
#8106 = ORIENTED_EDGE('',*,*,#8107,.T.);
#8107 = EDGE_CURVE('',#6908,#8108,#8110,.T.);
#8108 = VERTEX_POINT('',#8109);
#8109 = CARTESIAN_POINT('',(0.71,-1.778,2.157));
#8110 = LINE('',#8111,#8112);
#8111 = CARTESIAN_POINT('',(-2.442490654175E-15,-1.778,2.157));
#8112 = VECTOR('',#8113,1.);
#8113 = DIRECTION('',(1.,4.440892098501E-16,0.));
#8114 = ORIENTED_EDGE('',*,*,#8115,.F.);
#8115 = EDGE_CURVE('',#8099,#8108,#8116,.T.);
#8116 = LINE('',#8117,#8118);
#8117 = CARTESIAN_POINT('',(0.71,0.75,2.157));
#8118 = VECTOR('',#8119,1.);
#8119 = DIRECTION('',(4.440892098501E-16,-1.,0.));
#8120 = B_SPLINE_SURFACE_WITH_KNOTS('',1,1,(
    (#8121,#8122)
    ,(#8123,#8124
    )),.UNSPECIFIED.,.F.,.F.,.F.,(2,2),(2,2),(0.,9.27),(0.,1.),
  .PIECEWISE_BEZIER_KNOTS.);
#8121 = CARTESIAN_POINT('',(0.635,0.825,2.157));
#8122 = CARTESIAN_POINT('',(0.71,0.75,2.157));
#8123 = CARTESIAN_POINT('',(0.635,-8.445,2.157));
#8124 = CARTESIAN_POINT('',(0.71,-8.37,2.157));
#8125 = ADVANCED_FACE('',(#8126),#8178,.T.);
#8126 = FACE_BOUND('',#8127,.T.);
#8127 = EDGE_LOOP('',(#8128,#8139,#8145,#8146,#8147,#8156,#8164,#8172));
#8128 = ORIENTED_EDGE('',*,*,#8129,.F.);
#8129 = EDGE_CURVE('',#8130,#8132,#8134,.T.);
#8130 = VERTEX_POINT('',#8131);
#8131 = CARTESIAN_POINT('',(0.254,-1.778,2.157));
#8132 = VERTEX_POINT('',#8133);
#8133 = CARTESIAN_POINT('',(-0.127,-1.778,1.776));
#8134 = CIRCLE('',#8135,0.381);
#8135 = AXIS2_PLACEMENT_3D('',#8136,#8137,#8138);
#8136 = CARTESIAN_POINT('',(0.254,-1.778,1.776));
#8137 = DIRECTION('',(4.440892098501E-16,-1.,0.));
#8138 = DIRECTION('',(0.,0.,1.));
#8139 = ORIENTED_EDGE('',*,*,#8140,.T.);
#8140 = EDGE_CURVE('',#8130,#6908,#8141,.T.);
#8141 = LINE('',#8142,#8143);
#8142 = CARTESIAN_POINT('',(-2.442490654175E-15,-1.778,2.157));
#8143 = VECTOR('',#8144,1.);
#8144 = DIRECTION('',(1.,4.440892098501E-16,0.));
#8145 = ORIENTED_EDGE('',*,*,#6907,.T.);
#8146 = ORIENTED_EDGE('',*,*,#6960,.F.);
#8147 = ORIENTED_EDGE('',*,*,#8148,.F.);
#8148 = EDGE_CURVE('',#8149,#6961,#8151,.T.);
#8149 = VERTEX_POINT('',#8150);
#8150 = CARTESIAN_POINT('',(0.127,-1.778,1.776));
#8151 = CIRCLE('',#8152,0.127);
#8152 = AXIS2_PLACEMENT_3D('',#8153,#8154,#8155);
#8153 = CARTESIAN_POINT('',(0.254,-1.778,1.776));
#8154 = DIRECTION('',(-4.440892098501E-16,1.,0.));
#8155 = DIRECTION('',(0.,0.,-1.));
#8156 = ORIENTED_EDGE('',*,*,#8157,.T.);
#8157 = EDGE_CURVE('',#8149,#8158,#8160,.T.);
#8158 = VERTEX_POINT('',#8159);
#8159 = CARTESIAN_POINT('',(0.127,-1.778,0.));
#8160 = LINE('',#8161,#8162);
#8161 = CARTESIAN_POINT('',(0.127,-1.778,2.157));
#8162 = VECTOR('',#8163,1.);
#8163 = DIRECTION('',(-0.,0.,-1.));
#8164 = ORIENTED_EDGE('',*,*,#8165,.F.);
#8165 = EDGE_CURVE('',#8166,#8158,#8168,.T.);
#8166 = VERTEX_POINT('',#8167);
#8167 = CARTESIAN_POINT('',(-0.127,-1.778,0.));
#8168 = LINE('',#8169,#8170);
#8169 = CARTESIAN_POINT('',(-0.127,-1.778,0.));
#8170 = VECTOR('',#8171,1.);
#8171 = DIRECTION('',(1.,4.440892098501E-16,0.));
#8172 = ORIENTED_EDGE('',*,*,#8173,.F.);
#8173 = EDGE_CURVE('',#8132,#8166,#8174,.T.);
#8174 = LINE('',#8175,#8176);
#8175 = CARTESIAN_POINT('',(-0.127,-1.778,2.157));
#8176 = VECTOR('',#8177,1.);
#8177 = DIRECTION('',(-0.,0.,-1.));
#8178 = PLANE('',#8179);
#8179 = AXIS2_PLACEMENT_3D('',#8180,#8181,#8182);
#8180 = CARTESIAN_POINT('',(0.254,-1.778,2.157));
#8181 = DIRECTION('',(-4.440892098501E-16,1.,0.));
#8182 = DIRECTION('',(0.,0.,1.));
#8183 = ADVANCED_FACE('',(#8184),#8236,.F.);
#8184 = FACE_BOUND('',#8185,.F.);
#8185 = EDGE_LOOP('',(#8186,#8197,#8203,#8204,#8205,#8214,#8222,#8230));
#8186 = ORIENTED_EDGE('',*,*,#8187,.F.);
#8187 = EDGE_CURVE('',#8188,#8190,#8192,.T.);
#8188 = VERTEX_POINT('',#8189);
#8189 = CARTESIAN_POINT('',(0.254,-5.842,2.157));
#8190 = VERTEX_POINT('',#8191);
#8191 = CARTESIAN_POINT('',(-0.127,-5.842,1.776));
#8192 = CIRCLE('',#8193,0.381);
#8193 = AXIS2_PLACEMENT_3D('',#8194,#8195,#8196);
#8194 = CARTESIAN_POINT('',(0.254,-5.842,1.776));
#8195 = DIRECTION('',(4.440892098501E-16,-1.,0.));
#8196 = DIRECTION('',(0.,0.,1.));
#8197 = ORIENTED_EDGE('',*,*,#8198,.F.);
#8198 = EDGE_CURVE('',#6930,#8188,#8199,.T.);
#8199 = LINE('',#8200,#8201);
#8200 = CARTESIAN_POINT('',(3.937,-5.842,2.157));
#8201 = VECTOR('',#8202,1.);
#8202 = DIRECTION('',(-1.,-4.440892098501E-16,0.));
#8203 = ORIENTED_EDGE('',*,*,#6929,.T.);
#8204 = ORIENTED_EDGE('',*,*,#7007,.T.);
#8205 = ORIENTED_EDGE('',*,*,#8206,.F.);
#8206 = EDGE_CURVE('',#8207,#7000,#8209,.T.);
#8207 = VERTEX_POINT('',#8208);
#8208 = CARTESIAN_POINT('',(0.127,-5.842,1.776));
#8209 = CIRCLE('',#8210,0.127);
#8210 = AXIS2_PLACEMENT_3D('',#8211,#8212,#8213);
#8211 = CARTESIAN_POINT('',(0.254,-5.842,1.776));
#8212 = DIRECTION('',(-4.440892098501E-16,1.,0.));
#8213 = DIRECTION('',(0.,0.,-1.));
#8214 = ORIENTED_EDGE('',*,*,#8215,.F.);
#8215 = EDGE_CURVE('',#8216,#8207,#8218,.T.);
#8216 = VERTEX_POINT('',#8217);
#8217 = CARTESIAN_POINT('',(0.127,-5.842,0.));
#8218 = LINE('',#8219,#8220);
#8219 = CARTESIAN_POINT('',(0.127,-5.842,0.));
#8220 = VECTOR('',#8221,1.);
#8221 = DIRECTION('',(0.,0.,1.));
#8222 = ORIENTED_EDGE('',*,*,#8223,.F.);
#8223 = EDGE_CURVE('',#8224,#8216,#8226,.T.);
#8224 = VERTEX_POINT('',#8225);
#8225 = CARTESIAN_POINT('',(-0.127,-5.842,0.));
#8226 = LINE('',#8227,#8228);
#8227 = CARTESIAN_POINT('',(-0.127,-5.842,0.));
#8228 = VECTOR('',#8229,1.);
#8229 = DIRECTION('',(1.,4.440892098501E-16,0.));
#8230 = ORIENTED_EDGE('',*,*,#8231,.T.);
#8231 = EDGE_CURVE('',#8224,#8190,#8232,.T.);
#8232 = LINE('',#8233,#8234);
#8233 = CARTESIAN_POINT('',(-0.127,-5.842,0.));
#8234 = VECTOR('',#8235,1.);
#8235 = DIRECTION('',(0.,0.,1.));
#8236 = PLANE('',#8237);
#8237 = AXIS2_PLACEMENT_3D('',#8238,#8239,#8240);
#8238 = CARTESIAN_POINT('',(0.254,-5.842,2.157));
#8239 = DIRECTION('',(-4.440892098501E-16,1.,0.));
#8240 = DIRECTION('',(0.,0.,1.));
#8241 = ADVANCED_FACE('',(#8242),#8267,.T.);
#8242 = FACE_BOUND('',#8243,.T.);
#8243 = EDGE_LOOP('',(#8244,#8252,#8253,#8261));
#8244 = ORIENTED_EDGE('',*,*,#8245,.T.);
#8245 = EDGE_CURVE('',#8246,#6930,#8248,.T.);
#8246 = VERTEX_POINT('',#8247);
#8247 = CARTESIAN_POINT('',(0.71,-5.842,2.157));
#8248 = LINE('',#8249,#8250);
#8249 = CARTESIAN_POINT('',(3.937,-5.842,2.157));
#8250 = VECTOR('',#8251,1.);
#8251 = DIRECTION('',(-1.,-4.440892098501E-16,0.));
#8252 = ORIENTED_EDGE('',*,*,#6946,.T.);
#8253 = ORIENTED_EDGE('',*,*,#8254,.T.);
#8254 = EDGE_CURVE('',#6939,#8255,#8257,.T.);
#8255 = VERTEX_POINT('',#8256);
#8256 = CARTESIAN_POINT('',(0.71,-6.858,2.157));
#8257 = LINE('',#8258,#8259);
#8258 = CARTESIAN_POINT('',(-0.127,-6.858,2.157));
#8259 = VECTOR('',#8260,1.);
#8260 = DIRECTION('',(1.,4.440892098501E-16,0.));
#8261 = ORIENTED_EDGE('',*,*,#8262,.F.);
#8262 = EDGE_CURVE('',#8246,#8255,#8263,.T.);
#8263 = LINE('',#8264,#8265);
#8264 = CARTESIAN_POINT('',(0.71,0.75,2.157));
#8265 = VECTOR('',#8266,1.);
#8266 = DIRECTION('',(4.440892098501E-16,-1.,0.));
#8267 = B_SPLINE_SURFACE_WITH_KNOTS('',1,1,(
    (#8268,#8269)
    ,(#8270,#8271
    )),.UNSPECIFIED.,.F.,.F.,.F.,(2,2),(2,2),(0.,9.27),(0.,1.),
  .PIECEWISE_BEZIER_KNOTS.);
#8268 = CARTESIAN_POINT('',(0.635,0.825,2.157));
#8269 = CARTESIAN_POINT('',(0.71,0.75,2.157));
#8270 = CARTESIAN_POINT('',(0.635,-8.445,2.157));
#8271 = CARTESIAN_POINT('',(0.71,-8.37,2.157));
#8272 = ADVANCED_FACE('',(#8273),#8325,.F.);
#8273 = FACE_BOUND('',#8274,.F.);
#8274 = EDGE_LOOP('',(#8275,#8286,#8292,#8293,#8294,#8303,#8311,#8319));
#8275 = ORIENTED_EDGE('',*,*,#8276,.F.);
#8276 = EDGE_CURVE('',#8277,#8279,#8281,.T.);
#8277 = VERTEX_POINT('',#8278);
#8278 = CARTESIAN_POINT('',(0.254,-3.302,2.157));
#8279 = VERTEX_POINT('',#8280);
#8280 = CARTESIAN_POINT('',(-0.127,-3.302,1.776));
#8281 = CIRCLE('',#8282,0.381);
#8282 = AXIS2_PLACEMENT_3D('',#8283,#8284,#8285);
#8283 = CARTESIAN_POINT('',(0.254,-3.302,1.776));
#8284 = DIRECTION('',(4.440892098501E-16,-1.,0.));
#8285 = DIRECTION('',(0.,0.,1.));
#8286 = ORIENTED_EDGE('',*,*,#8287,.F.);
#8287 = EDGE_CURVE('',#7023,#8277,#8288,.T.);
#8288 = LINE('',#8289,#8290);
#8289 = CARTESIAN_POINT('',(3.937,-3.302,2.157));
#8290 = VECTOR('',#8291,1.);
#8291 = DIRECTION('',(-1.,-4.440892098501E-16,0.));
#8292 = ORIENTED_EDGE('',*,*,#7022,.T.);
#8293 = ORIENTED_EDGE('',*,*,#6976,.T.);
#8294 = ORIENTED_EDGE('',*,*,#8295,.F.);
#8295 = EDGE_CURVE('',#8296,#6969,#8298,.T.);
#8296 = VERTEX_POINT('',#8297);
#8297 = CARTESIAN_POINT('',(0.127,-3.302,1.776));
#8298 = CIRCLE('',#8299,0.127);
#8299 = AXIS2_PLACEMENT_3D('',#8300,#8301,#8302);
#8300 = CARTESIAN_POINT('',(0.254,-3.302,1.776));
#8301 = DIRECTION('',(-4.440892098501E-16,1.,0.));
#8302 = DIRECTION('',(0.,0.,-1.));
#8303 = ORIENTED_EDGE('',*,*,#8304,.F.);
#8304 = EDGE_CURVE('',#8305,#8296,#8307,.T.);
#8305 = VERTEX_POINT('',#8306);
#8306 = CARTESIAN_POINT('',(0.127,-3.302,0.));
#8307 = LINE('',#8308,#8309);
#8308 = CARTESIAN_POINT('',(0.127,-3.302,0.));
#8309 = VECTOR('',#8310,1.);
#8310 = DIRECTION('',(0.,0.,1.));
#8311 = ORIENTED_EDGE('',*,*,#8312,.F.);
#8312 = EDGE_CURVE('',#8313,#8305,#8315,.T.);
#8313 = VERTEX_POINT('',#8314);
#8314 = CARTESIAN_POINT('',(-0.127,-3.302,0.));
#8315 = LINE('',#8316,#8317);
#8316 = CARTESIAN_POINT('',(-0.127,-3.302,0.));
#8317 = VECTOR('',#8318,1.);
#8318 = DIRECTION('',(1.,4.440892098501E-16,0.));
#8319 = ORIENTED_EDGE('',*,*,#8320,.T.);
#8320 = EDGE_CURVE('',#8313,#8279,#8321,.T.);
#8321 = LINE('',#8322,#8323);
#8322 = CARTESIAN_POINT('',(-0.127,-3.302,0.));
#8323 = VECTOR('',#8324,1.);
#8324 = DIRECTION('',(0.,0.,1.));
#8325 = PLANE('',#8326);
#8326 = AXIS2_PLACEMENT_3D('',#8327,#8328,#8329);
#8327 = CARTESIAN_POINT('',(0.254,-3.302,2.157));
#8328 = DIRECTION('',(-4.440892098501E-16,1.,0.));
#8329 = DIRECTION('',(0.,0.,1.));
#8330 = ADVANCED_FACE('',(#8331),#8342,.F.);
#8331 = FACE_BOUND('',#8332,.F.);
#8332 = EDGE_LOOP('',(#8333,#8339,#8340,#8341));
#8333 = ORIENTED_EDGE('',*,*,#8334,.T.);
#8334 = EDGE_CURVE('',#8149,#8296,#8335,.T.);
#8335 = LINE('',#8336,#8337);
#8336 = CARTESIAN_POINT('',(0.127,-1.778,1.776));
#8337 = VECTOR('',#8338,1.);
#8338 = DIRECTION('',(4.440892098501E-16,-1.,0.));
#8339 = ORIENTED_EDGE('',*,*,#8295,.T.);
#8340 = ORIENTED_EDGE('',*,*,#6968,.F.);
#8341 = ORIENTED_EDGE('',*,*,#8148,.F.);
#8342 = CYLINDRICAL_SURFACE('',#8343,0.127);
#8343 = AXIS2_PLACEMENT_3D('',#8344,#8345,#8346);
#8344 = CARTESIAN_POINT('',(0.254,-1.778,1.776));
#8345 = DIRECTION('',(4.440892098501E-16,-1.,0.));
#8346 = DIRECTION('',(-1.,-4.440892098501E-16,0.));
#8347 = ADVANCED_FACE('',(#8348),#8400,.T.);
#8348 = FACE_BOUND('',#8349,.T.);
#8349 = EDGE_LOOP('',(#8350,#8361,#8367,#8368,#8369,#8378,#8386,#8394));
#8350 = ORIENTED_EDGE('',*,*,#8351,.F.);
#8351 = EDGE_CURVE('',#8352,#8354,#8356,.T.);
#8352 = VERTEX_POINT('',#8353);
#8353 = CARTESIAN_POINT('',(0.254,-4.318,2.157));
#8354 = VERTEX_POINT('',#8355);
#8355 = CARTESIAN_POINT('',(-0.127,-4.318,1.776));
#8356 = CIRCLE('',#8357,0.381);
#8357 = AXIS2_PLACEMENT_3D('',#8358,#8359,#8360);
#8358 = CARTESIAN_POINT('',(0.254,-4.318,1.776));
#8359 = DIRECTION('',(4.440892098501E-16,-1.,0.));
#8360 = DIRECTION('',(0.,0.,1.));
#8361 = ORIENTED_EDGE('',*,*,#8362,.T.);
#8362 = EDGE_CURVE('',#8352,#7032,#8363,.T.);
#8363 = LINE('',#8364,#8365);
#8364 = CARTESIAN_POINT('',(-1.110223024625E-15,-4.318,2.157));
#8365 = VECTOR('',#8366,1.);
#8366 = DIRECTION('',(1.,4.440892098501E-16,0.));
#8367 = ORIENTED_EDGE('',*,*,#7031,.T.);
#8368 = ORIENTED_EDGE('',*,*,#6991,.F.);
#8369 = ORIENTED_EDGE('',*,*,#8370,.F.);
#8370 = EDGE_CURVE('',#8371,#6992,#8373,.T.);
#8371 = VERTEX_POINT('',#8372);
#8372 = CARTESIAN_POINT('',(0.127,-4.318,1.776));
#8373 = CIRCLE('',#8374,0.127);
#8374 = AXIS2_PLACEMENT_3D('',#8375,#8376,#8377);
#8375 = CARTESIAN_POINT('',(0.254,-4.318,1.776));
#8376 = DIRECTION('',(-4.440892098501E-16,1.,0.));
#8377 = DIRECTION('',(0.,0.,-1.));
#8378 = ORIENTED_EDGE('',*,*,#8379,.T.);
#8379 = EDGE_CURVE('',#8371,#8380,#8382,.T.);
#8380 = VERTEX_POINT('',#8381);
#8381 = CARTESIAN_POINT('',(0.127,-4.318,0.));
#8382 = LINE('',#8383,#8384);
#8383 = CARTESIAN_POINT('',(0.127,-4.318,2.157));
#8384 = VECTOR('',#8385,1.);
#8385 = DIRECTION('',(-0.,0.,-1.));
#8386 = ORIENTED_EDGE('',*,*,#8387,.F.);
#8387 = EDGE_CURVE('',#8388,#8380,#8390,.T.);
#8388 = VERTEX_POINT('',#8389);
#8389 = CARTESIAN_POINT('',(-0.127,-4.318,0.));
#8390 = LINE('',#8391,#8392);
#8391 = CARTESIAN_POINT('',(-0.127,-4.318,0.));
#8392 = VECTOR('',#8393,1.);
#8393 = DIRECTION('',(1.,4.440892098501E-16,0.));
#8394 = ORIENTED_EDGE('',*,*,#8395,.F.);
#8395 = EDGE_CURVE('',#8354,#8388,#8396,.T.);
#8396 = LINE('',#8397,#8398);
#8397 = CARTESIAN_POINT('',(-0.127,-4.318,2.157));
#8398 = VECTOR('',#8399,1.);
#8399 = DIRECTION('',(-0.,0.,-1.));
#8400 = PLANE('',#8401);
#8401 = AXIS2_PLACEMENT_3D('',#8402,#8403,#8404);
#8402 = CARTESIAN_POINT('',(0.254,-4.318,2.157));
#8403 = DIRECTION('',(-4.440892098501E-16,1.,0.));
#8404 = DIRECTION('',(0.,0.,1.));
#8405 = ADVANCED_FACE('',(#8406),#8417,.F.);
#8406 = FACE_BOUND('',#8407,.F.);
#8407 = EDGE_LOOP('',(#8408,#8414,#8415,#8416));
#8408 = ORIENTED_EDGE('',*,*,#8409,.T.);
#8409 = EDGE_CURVE('',#8371,#8207,#8410,.T.);
#8410 = LINE('',#8411,#8412);
#8411 = CARTESIAN_POINT('',(0.127,-4.318,1.776));
#8412 = VECTOR('',#8413,1.);
#8413 = DIRECTION('',(4.440892098501E-16,-1.,0.));
#8414 = ORIENTED_EDGE('',*,*,#8206,.T.);
#8415 = ORIENTED_EDGE('',*,*,#6999,.F.);
#8416 = ORIENTED_EDGE('',*,*,#8370,.F.);
#8417 = CYLINDRICAL_SURFACE('',#8418,0.127);
#8418 = AXIS2_PLACEMENT_3D('',#8419,#8420,#8421);
#8419 = CARTESIAN_POINT('',(0.254,-4.318,1.776));
#8420 = DIRECTION('',(4.440892098501E-16,-1.,0.));
#8421 = DIRECTION('',(-1.,-4.440892098501E-16,0.));
#8422 = ADVANCED_FACE('',(#8423),#8448,.T.);
#8423 = FACE_BOUND('',#8424,.T.);
#8424 = EDGE_LOOP('',(#8425,#8433,#8434,#8442));
#8425 = ORIENTED_EDGE('',*,*,#8426,.T.);
#8426 = EDGE_CURVE('',#8427,#7023,#8429,.T.);
#8427 = VERTEX_POINT('',#8428);
#8428 = CARTESIAN_POINT('',(0.71,-3.302,2.157));
#8429 = LINE('',#8430,#8431);
#8430 = CARTESIAN_POINT('',(3.937,-3.302,2.157));
#8431 = VECTOR('',#8432,1.);
#8432 = DIRECTION('',(-1.,-4.440892098501E-16,0.));
#8433 = ORIENTED_EDGE('',*,*,#7039,.T.);
#8434 = ORIENTED_EDGE('',*,*,#8435,.T.);
#8435 = EDGE_CURVE('',#7032,#8436,#8438,.T.);
#8436 = VERTEX_POINT('',#8437);
#8437 = CARTESIAN_POINT('',(0.71,-4.318,2.157));
#8438 = LINE('',#8439,#8440);
#8439 = CARTESIAN_POINT('',(-1.110223024625E-15,-4.318,2.157));
#8440 = VECTOR('',#8441,1.);
#8441 = DIRECTION('',(1.,4.440892098501E-16,0.));
#8442 = ORIENTED_EDGE('',*,*,#8443,.F.);
#8443 = EDGE_CURVE('',#8427,#8436,#8444,.T.);
#8444 = LINE('',#8445,#8446);
#8445 = CARTESIAN_POINT('',(0.71,0.75,2.157));
#8446 = VECTOR('',#8447,1.);
#8447 = DIRECTION('',(4.440892098501E-16,-1.,0.));
#8448 = B_SPLINE_SURFACE_WITH_KNOTS('',1,1,(
    (#8449,#8450)
    ,(#8451,#8452
    )),.UNSPECIFIED.,.F.,.F.,.F.,(2,2),(2,2),(0.,9.27),(0.,1.),
  .PIECEWISE_BEZIER_KNOTS.);
#8449 = CARTESIAN_POINT('',(0.635,0.825,2.157));
#8450 = CARTESIAN_POINT('',(0.71,0.75,2.157));
#8451 = CARTESIAN_POINT('',(0.635,-8.445,2.157));
#8452 = CARTESIAN_POINT('',(0.71,-8.37,2.157));
#8453 = ADVANCED_FACE('',(#8454),#8465,.T.);
#8454 = FACE_BOUND('',#8455,.T.);
#8455 = EDGE_LOOP('',(#8456,#8457,#8458,#8464));
#8456 = ORIENTED_EDGE('',*,*,#7055,.T.);
#8457 = ORIENTED_EDGE('',*,*,#7070,.T.);
#8458 = ORIENTED_EDGE('',*,*,#8459,.F.);
#8459 = EDGE_CURVE('',#7928,#7071,#8460,.T.);
#8460 = LINE('',#8461,#8462);
#8461 = CARTESIAN_POINT('',(0.71,-8.37,2.157));
#8462 = VECTOR('',#8463,1.);
#8463 = DIRECTION('',(1.,4.440892098501E-16,0.));
#8464 = ORIENTED_EDGE('',*,*,#7927,.F.);
#8465 = B_SPLINE_SURFACE_WITH_KNOTS('',1,1,(
    (#8466,#8467)
    ,(#8468,#8469
    )),.UNSPECIFIED.,.F.,.F.,.F.,(2,2),(2,2),(0.,6.35),(0.,1.),
  .PIECEWISE_BEZIER_KNOTS.);
#8466 = CARTESIAN_POINT('',(0.635,-8.445,2.157));
#8467 = CARTESIAN_POINT('',(0.71,-8.37,2.157));
#8468 = CARTESIAN_POINT('',(6.985,-8.445,2.157));
#8469 = CARTESIAN_POINT('',(6.91,-8.37,2.157));
#8470 = ADVANCED_FACE('',(#8471),#8522,.T.);
#8471 = FACE_BOUND('',#8472,.T.);
#8472 = EDGE_LOOP('',(#8473,#8474,#8480,#8481,#8487,#8488,#8494,#8495,
    #8501,#8502,#8509,#8517));
#8473 = ORIENTED_EDGE('',*,*,#7086,.T.);
#8474 = ORIENTED_EDGE('',*,*,#8475,.T.);
#8475 = EDGE_CURVE('',#7079,#7397,#8476,.T.);
#8476 = LINE('',#8477,#8478);
#8477 = CARTESIAN_POINT('',(6.91,-8.37,2.157));
#8478 = VECTOR('',#8479,1.);
#8479 = DIRECTION('',(-4.440892098501E-16,1.,0.));
#8480 = ORIENTED_EDGE('',*,*,#7413,.T.);
#8481 = ORIENTED_EDGE('',*,*,#8482,.T.);
#8482 = EDGE_CURVE('',#7406,#7725,#8483,.T.);
#8483 = LINE('',#8484,#8485);
#8484 = CARTESIAN_POINT('',(6.91,-8.37,2.157));
#8485 = VECTOR('',#8486,1.);
#8486 = DIRECTION('',(-4.440892098501E-16,1.,0.));
#8487 = ORIENTED_EDGE('',*,*,#7741,.T.);
#8488 = ORIENTED_EDGE('',*,*,#8489,.T.);
#8489 = EDGE_CURVE('',#7734,#7544,#8490,.T.);
#8490 = LINE('',#8491,#8492);
#8491 = CARTESIAN_POINT('',(6.91,-8.37,2.157));
#8492 = VECTOR('',#8493,1.);
#8493 = DIRECTION('',(-4.440892098501E-16,1.,0.));
#8494 = ORIENTED_EDGE('',*,*,#7560,.T.);
#8495 = ORIENTED_EDGE('',*,*,#8496,.T.);
#8496 = EDGE_CURVE('',#7553,#7217,#8497,.T.);
#8497 = LINE('',#8498,#8499);
#8498 = CARTESIAN_POINT('',(6.91,-8.37,2.157));
#8499 = VECTOR('',#8500,1.);
#8500 = DIRECTION('',(-4.440892098501E-16,1.,0.));
#8501 = ORIENTED_EDGE('',*,*,#7232,.T.);
#8502 = ORIENTED_EDGE('',*,*,#8503,.T.);
#8503 = EDGE_CURVE('',#7226,#8504,#8506,.T.);
#8504 = VERTEX_POINT('',#8505);
#8505 = CARTESIAN_POINT('',(6.586276356577,0.426276356577,3.68));
#8506 = B_SPLINE_CURVE_WITH_KNOTS('',1,(#8507,#8508),.UNSPECIFIED.,.F.,
  .F.,(2,2),(0.,1.),.PIECEWISE_BEZIER_KNOTS.);
#8507 = CARTESIAN_POINT('',(6.91,0.75,2.157));
#8508 = CARTESIAN_POINT('',(6.586276356577,0.426276356577,3.68));
#8509 = ORIENTED_EDGE('',*,*,#8510,.F.);
#8510 = EDGE_CURVE('',#8511,#8504,#8513,.T.);
#8511 = VERTEX_POINT('',#8512);
#8512 = CARTESIAN_POINT('',(6.586276356577,-8.046276356577,3.68));
#8513 = LINE('',#8514,#8515);
#8514 = CARTESIAN_POINT('',(6.586276356577,-8.046276356577,3.68));
#8515 = VECTOR('',#8516,1.);
#8516 = DIRECTION('',(-4.440892098501E-16,1.,0.));
#8517 = ORIENTED_EDGE('',*,*,#8518,.F.);
#8518 = EDGE_CURVE('',#7071,#8511,#8519,.T.);
#8519 = B_SPLINE_CURVE_WITH_KNOTS('',1,(#8520,#8521),.UNSPECIFIED.,.F.,
  .F.,(2,2),(0.,1.),.PIECEWISE_BEZIER_KNOTS.);
#8520 = CARTESIAN_POINT('',(6.91,-8.37,2.157));
#8521 = CARTESIAN_POINT('',(6.586276356577,-8.046276356577,3.68));
#8522 = B_SPLINE_SURFACE_WITH_KNOTS('',1,1,(
    (#8523,#8524)
    ,(#8525,#8526
    )),.UNSPECIFIED.,.F.,.F.,.F.,(2,2),(2,2),(0.,9.12),(0.,1.),
  .PIECEWISE_BEZIER_KNOTS.);
#8523 = CARTESIAN_POINT('',(6.91,-8.37,2.157));
#8524 = CARTESIAN_POINT('',(6.586276356577,-8.046276356577,3.68));
#8525 = CARTESIAN_POINT('',(6.91,0.75,2.157));
#8526 = CARTESIAN_POINT('',(6.586276356577,0.426276356577,3.68));
#8527 = ADVANCED_FACE('',(#8528),#8541,.T.);
#8528 = FACE_BOUND('',#8529,.T.);
#8529 = EDGE_LOOP('',(#8530,#8531,#8532,#8533,#8539,#8540));
#8530 = ORIENTED_EDGE('',*,*,#8475,.F.);
#8531 = ORIENTED_EDGE('',*,*,#7078,.F.);
#8532 = ORIENTED_EDGE('',*,*,#7102,.F.);
#8533 = ORIENTED_EDGE('',*,*,#8534,.F.);
#8534 = EDGE_CURVE('',#7282,#7103,#8535,.T.);
#8535 = LINE('',#8536,#8537);
#8536 = CARTESIAN_POINT('',(7.366,-6.858,2.157));
#8537 = VECTOR('',#8538,1.);
#8538 = DIRECTION('',(3.216245299353E-16,-1.,0.));
#8539 = ORIENTED_EDGE('',*,*,#7290,.F.);
#8540 = ORIENTED_EDGE('',*,*,#7396,.F.);
#8541 = PLANE('',#8542);
#8542 = AXIS2_PLACEMENT_3D('',#8543,#8544,#8545);
#8543 = CARTESIAN_POINT('',(3.81,-7.8485,2.157));
#8544 = DIRECTION('',(0.,0.,1.));
#8545 = DIRECTION('',(-4.440892098501E-16,1.,0.));
#8546 = ADVANCED_FACE('',(#8547),#8590,.T.);
#8547 = FACE_BOUND('',#8548,.T.);
#8548 = EDGE_LOOP('',(#8549,#8550,#8551,#8552,#8560,#8568,#8576,#8584));
#8549 = ORIENTED_EDGE('',*,*,#7135,.F.);
#8550 = ORIENTED_EDGE('',*,*,#7304,.T.);
#8551 = ORIENTED_EDGE('',*,*,#7257,.F.);
#8552 = ORIENTED_EDGE('',*,*,#8553,.F.);
#8553 = EDGE_CURVE('',#8554,#7258,#8556,.T.);
#8554 = VERTEX_POINT('',#8555);
#8555 = CARTESIAN_POINT('',(7.493,-7.3915,0.));
#8556 = LINE('',#8557,#8558);
#8557 = CARTESIAN_POINT('',(7.493,-7.3915,0.));
#8558 = VECTOR('',#8559,1.);
#8559 = DIRECTION('',(-3.216245299353E-16,1.,0.));
#8560 = ORIENTED_EDGE('',*,*,#8561,.F.);
#8561 = EDGE_CURVE('',#8562,#8554,#8564,.T.);
#8562 = VERTEX_POINT('',#8563);
#8563 = CARTESIAN_POINT('',(7.493,-7.3915,-2.843));
#8564 = LINE('',#8565,#8566);
#8565 = CARTESIAN_POINT('',(7.493,-7.3915,-2.843));
#8566 = VECTOR('',#8567,1.);
#8567 = DIRECTION('',(0.,0.,1.));
#8568 = ORIENTED_EDGE('',*,*,#8569,.F.);
#8569 = EDGE_CURVE('',#8570,#8562,#8572,.T.);
#8570 = VERTEX_POINT('',#8571);
#8571 = CARTESIAN_POINT('',(7.493,-7.50575,-3.3));
#8572 = LINE('',#8573,#8574);
#8573 = CARTESIAN_POINT('',(7.493,-7.50575,-3.3));
#8574 = VECTOR('',#8575,1.);
#8575 = DIRECTION('',(-7.800540639491E-17,0.242535625036,0.970142500145)
  );
#8576 = ORIENTED_EDGE('',*,*,#8577,.F.);
#8577 = EDGE_CURVE('',#8578,#8570,#8580,.T.);
#8578 = VERTEX_POINT('',#8579);
#8579 = CARTESIAN_POINT('',(7.493,-7.73425,-3.3));
#8580 = LINE('',#8581,#8582);
#8581 = CARTESIAN_POINT('',(7.493,-7.73425,-3.3));
#8582 = VECTOR('',#8583,1.);
#8583 = DIRECTION('',(-3.216245299353E-16,1.,0.));
#8584 = ORIENTED_EDGE('',*,*,#8585,.F.);
#8585 = EDGE_CURVE('',#7128,#8578,#8586,.T.);
#8586 = LINE('',#8587,#8588);
#8587 = CARTESIAN_POINT('',(7.493,-7.8485,-2.843));
#8588 = VECTOR('',#8589,1.);
#8589 = DIRECTION('',(-7.800540639491E-17,0.242535625036,-0.970142500145
    ));
#8590 = PLANE('',#8591);
#8591 = AXIS2_PLACEMENT_3D('',#8592,#8593,#8594);
#8592 = CARTESIAN_POINT('',(7.493,-7.8485,2.157));
#8593 = DIRECTION('',(-1.,-3.216245299353E-16,0.));
#8594 = DIRECTION('',(-0.,0.,-1.));
#8595 = ADVANCED_FACE('',(#8596),#8614,.T.);
#8596 = FACE_BOUND('',#8597,.T.);
#8597 = EDGE_LOOP('',(#8598,#8599,#8600,#8608));
#8598 = ORIENTED_EDGE('',*,*,#7127,.T.);
#8599 = ORIENTED_EDGE('',*,*,#8585,.T.);
#8600 = ORIENTED_EDGE('',*,*,#8601,.F.);
#8601 = EDGE_CURVE('',#8602,#8578,#8604,.T.);
#8602 = VERTEX_POINT('',#8603);
#8603 = CARTESIAN_POINT('',(7.747,-7.73425,-3.3));
#8604 = LINE('',#8605,#8606);
#8605 = CARTESIAN_POINT('',(7.747,-7.73425,-3.3));
#8606 = VECTOR('',#8607,1.);
#8607 = DIRECTION('',(-1.,-3.216245299353E-16,0.));
#8608 = ORIENTED_EDGE('',*,*,#8609,.F.);
#8609 = EDGE_CURVE('',#7120,#8602,#8610,.T.);
#8610 = LINE('',#8611,#8612);
#8611 = CARTESIAN_POINT('',(7.747,-7.8485,-2.843));
#8612 = VECTOR('',#8613,1.);
#8613 = DIRECTION('',(-7.800540639491E-17,0.242535625036,-0.970142500145
    ));
#8614 = PLANE('',#8615);
#8615 = AXIS2_PLACEMENT_3D('',#8616,#8617,#8618);
#8616 = CARTESIAN_POINT('',(7.747,-7.8485,-2.843));
#8617 = DIRECTION('',(3.120216255796E-16,-0.970142500145,-0.242535625036
    ));
#8618 = DIRECTION('',(-7.800540639491E-17,0.242535625036,-0.970142500145
    ));
#8619 = ADVANCED_FACE('',(#8620),#8661,.F.);
#8620 = FACE_BOUND('',#8621,.F.);
#8621 = EDGE_LOOP('',(#8622,#8623,#8629,#8630,#8638,#8646,#8654,#8660));
#8622 = ORIENTED_EDGE('',*,*,#7119,.F.);
#8623 = ORIENTED_EDGE('',*,*,#8624,.F.);
#8624 = EDGE_CURVE('',#7274,#7111,#8625,.T.);
#8625 = LINE('',#8626,#8627);
#8626 = CARTESIAN_POINT('',(7.747,-6.858,1.776));
#8627 = VECTOR('',#8628,1.);
#8628 = DIRECTION('',(3.216245299353E-16,-1.,0.));
#8629 = ORIENTED_EDGE('',*,*,#7273,.F.);
#8630 = ORIENTED_EDGE('',*,*,#8631,.F.);
#8631 = EDGE_CURVE('',#8632,#7266,#8634,.T.);
#8632 = VERTEX_POINT('',#8633);
#8633 = CARTESIAN_POINT('',(7.747,-7.3915,0.));
#8634 = LINE('',#8635,#8636);
#8635 = CARTESIAN_POINT('',(7.747,-7.3915,0.));
#8636 = VECTOR('',#8637,1.);
#8637 = DIRECTION('',(-3.216245299353E-16,1.,0.));
#8638 = ORIENTED_EDGE('',*,*,#8639,.F.);
#8639 = EDGE_CURVE('',#8640,#8632,#8642,.T.);
#8640 = VERTEX_POINT('',#8641);
#8641 = CARTESIAN_POINT('',(7.747,-7.3915,-2.843));
#8642 = LINE('',#8643,#8644);
#8643 = CARTESIAN_POINT('',(7.747,-7.3915,-2.843));
#8644 = VECTOR('',#8645,1.);
#8645 = DIRECTION('',(0.,0.,1.));
#8646 = ORIENTED_EDGE('',*,*,#8647,.F.);
#8647 = EDGE_CURVE('',#8648,#8640,#8650,.T.);
#8648 = VERTEX_POINT('',#8649);
#8649 = CARTESIAN_POINT('',(7.747,-7.50575,-3.3));
#8650 = LINE('',#8651,#8652);
#8651 = CARTESIAN_POINT('',(7.747,-7.50575,-3.3));
#8652 = VECTOR('',#8653,1.);
#8653 = DIRECTION('',(-7.800540639491E-17,0.242535625036,0.970142500145)
  );
#8654 = ORIENTED_EDGE('',*,*,#8655,.F.);
#8655 = EDGE_CURVE('',#8602,#8648,#8656,.T.);
#8656 = LINE('',#8657,#8658);
#8657 = CARTESIAN_POINT('',(7.747,-7.73425,-3.3));
#8658 = VECTOR('',#8659,1.);
#8659 = DIRECTION('',(-3.216245299353E-16,1.,0.));
#8660 = ORIENTED_EDGE('',*,*,#8609,.F.);
#8661 = PLANE('',#8662);
#8662 = AXIS2_PLACEMENT_3D('',#8663,#8664,#8665);
#8663 = CARTESIAN_POINT('',(7.747,-7.8485,2.157));
#8664 = DIRECTION('',(-1.,-3.216245299353E-16,0.));
#8665 = DIRECTION('',(-0.,0.,-1.));
#8666 = ADVANCED_FACE('',(#8667),#8673,.T.);
#8667 = FACE_BOUND('',#8668,.T.);
#8668 = EDGE_LOOP('',(#8669,#8670,#8671,#8672));
#8669 = ORIENTED_EDGE('',*,*,#8534,.T.);
#8670 = ORIENTED_EDGE('',*,*,#7110,.T.);
#8671 = ORIENTED_EDGE('',*,*,#8624,.F.);
#8672 = ORIENTED_EDGE('',*,*,#7281,.F.);
#8673 = CYLINDRICAL_SURFACE('',#8674,0.381);
#8674 = AXIS2_PLACEMENT_3D('',#8675,#8676,#8677);
#8675 = CARTESIAN_POINT('',(7.366,-6.858,1.776));
#8676 = DIRECTION('',(3.216245299353E-16,-1.,0.));
#8677 = DIRECTION('',(0.,0.,1.));
#8678 = ADVANCED_FACE('',(#8679),#8692,.T.);
#8679 = FACE_BOUND('',#8680,.T.);
#8680 = EDGE_LOOP('',(#8681,#8682,#8683,#8684,#8690,#8691));
#8681 = ORIENTED_EDGE('',*,*,#8496,.F.);
#8682 = ORIENTED_EDGE('',*,*,#7552,.F.);
#8683 = ORIENTED_EDGE('',*,*,#7382,.F.);
#8684 = ORIENTED_EDGE('',*,*,#8685,.F.);
#8685 = EDGE_CURVE('',#7194,#7374,#8686,.T.);
#8686 = LINE('',#8687,#8688);
#8687 = CARTESIAN_POINT('',(7.366,0.2285,2.157));
#8688 = VECTOR('',#8689,1.);
#8689 = DIRECTION('',(3.216245299353E-16,-1.,0.));
#8690 = ORIENTED_EDGE('',*,*,#7202,.F.);
#8691 = ORIENTED_EDGE('',*,*,#7216,.F.);
#8692 = PLANE('',#8693);
#8693 = AXIS2_PLACEMENT_3D('',#8694,#8695,#8696);
#8694 = CARTESIAN_POINT('',(3.81,-0.762,2.157));
#8695 = DIRECTION('',(0.,0.,1.));
#8696 = DIRECTION('',(-4.440892098501E-16,1.,0.));
#8697 = ADVANCED_FACE('',(#8698),#8709,.T.);
#8698 = FACE_BOUND('',#8699,.T.);
#8699 = EDGE_LOOP('',(#8700,#8701,#8702,#8703));
#8700 = ORIENTED_EDGE('',*,*,#7193,.T.);
#8701 = ORIENTED_EDGE('',*,*,#8685,.T.);
#8702 = ORIENTED_EDGE('',*,*,#7373,.F.);
#8703 = ORIENTED_EDGE('',*,*,#8704,.F.);
#8704 = EDGE_CURVE('',#7186,#7366,#8705,.T.);
#8705 = LINE('',#8706,#8707);
#8706 = CARTESIAN_POINT('',(7.747,0.2285,1.776));
#8707 = VECTOR('',#8708,1.);
#8708 = DIRECTION('',(3.216245299353E-16,-1.,0.));
#8709 = CYLINDRICAL_SURFACE('',#8710,0.381);
#8710 = AXIS2_PLACEMENT_3D('',#8711,#8712,#8713);
#8711 = CARTESIAN_POINT('',(7.366,0.2285,1.776));
#8712 = DIRECTION('',(3.216245299353E-16,-1.,0.));
#8713 = DIRECTION('',(1.,3.216245299353E-16,0.));
#8714 = ADVANCED_FACE('',(#8715),#8758,.T.);
#8715 = FACE_BOUND('',#8716,.T.);
#8716 = EDGE_LOOP('',(#8717,#8718,#8719,#8720,#8728,#8736,#8744,#8752));
#8717 = ORIENTED_EDGE('',*,*,#7185,.F.);
#8718 = ORIENTED_EDGE('',*,*,#8704,.T.);
#8719 = ORIENTED_EDGE('',*,*,#7365,.F.);
#8720 = ORIENTED_EDGE('',*,*,#8721,.F.);
#8721 = EDGE_CURVE('',#8722,#7358,#8724,.T.);
#8722 = VERTEX_POINT('',#8723);
#8723 = CARTESIAN_POINT('',(7.747,-0.2285,0.));
#8724 = LINE('',#8725,#8726);
#8725 = CARTESIAN_POINT('',(7.747,-0.2285,0.));
#8726 = VECTOR('',#8727,1.);
#8727 = DIRECTION('',(3.216245299353E-16,-1.,0.));
#8728 = ORIENTED_EDGE('',*,*,#8729,.F.);
#8729 = EDGE_CURVE('',#8730,#8722,#8732,.T.);
#8730 = VERTEX_POINT('',#8731);
#8731 = CARTESIAN_POINT('',(7.747,-0.2285,-2.843));
#8732 = LINE('',#8733,#8734);
#8733 = CARTESIAN_POINT('',(7.747,-0.2285,-2.843));
#8734 = VECTOR('',#8735,1.);
#8735 = DIRECTION('',(0.,0.,1.));
#8736 = ORIENTED_EDGE('',*,*,#8737,.F.);
#8737 = EDGE_CURVE('',#8738,#8730,#8740,.T.);
#8738 = VERTEX_POINT('',#8739);
#8739 = CARTESIAN_POINT('',(7.747,-0.11425,-3.3));
#8740 = LINE('',#8741,#8742);
#8741 = CARTESIAN_POINT('',(7.747,-0.11425,-3.3));
#8742 = VECTOR('',#8743,1.);
#8743 = DIRECTION('',(7.800540639491E-17,-0.242535625036,0.970142500145)
  );
#8744 = ORIENTED_EDGE('',*,*,#8745,.F.);
#8745 = EDGE_CURVE('',#8746,#8738,#8748,.T.);
#8746 = VERTEX_POINT('',#8747);
#8747 = CARTESIAN_POINT('',(7.747,0.11425,-3.3));
#8748 = LINE('',#8749,#8750);
#8749 = CARTESIAN_POINT('',(7.747,0.11425,-3.3));
#8750 = VECTOR('',#8751,1.);
#8751 = DIRECTION('',(3.216245299353E-16,-1.,0.));
#8752 = ORIENTED_EDGE('',*,*,#8753,.F.);
#8753 = EDGE_CURVE('',#7178,#8746,#8754,.T.);
#8754 = LINE('',#8755,#8756);
#8755 = CARTESIAN_POINT('',(7.747,0.2285,-2.843));
#8756 = VECTOR('',#8757,1.);
#8757 = DIRECTION('',(7.800540639491E-17,-0.242535625036,-0.970142500145
    ));
#8758 = PLANE('',#8759);
#8759 = AXIS2_PLACEMENT_3D('',#8760,#8761,#8762);
#8760 = CARTESIAN_POINT('',(7.747,0.2285,2.157));
#8761 = DIRECTION('',(1.,3.216245299353E-16,0.));
#8762 = DIRECTION('',(0.,-0.,1.));
#8763 = ADVANCED_FACE('',(#8764),#8782,.F.);
#8764 = FACE_BOUND('',#8765,.F.);
#8765 = EDGE_LOOP('',(#8766,#8767,#8775,#8781));
#8766 = ORIENTED_EDGE('',*,*,#7177,.T.);
#8767 = ORIENTED_EDGE('',*,*,#8768,.T.);
#8768 = EDGE_CURVE('',#7170,#8769,#8771,.T.);
#8769 = VERTEX_POINT('',#8770);
#8770 = CARTESIAN_POINT('',(7.493,0.11425,-3.3));
#8771 = LINE('',#8772,#8773);
#8772 = CARTESIAN_POINT('',(7.493,0.2285,-2.843));
#8773 = VECTOR('',#8774,1.);
#8774 = DIRECTION('',(7.800540639491E-17,-0.242535625036,-0.970142500145
    ));
#8775 = ORIENTED_EDGE('',*,*,#8776,.F.);
#8776 = EDGE_CURVE('',#8746,#8769,#8777,.T.);
#8777 = LINE('',#8778,#8779);
#8778 = CARTESIAN_POINT('',(7.747,0.11425,-3.3));
#8779 = VECTOR('',#8780,1.);
#8780 = DIRECTION('',(-1.,-3.216245299353E-16,0.));
#8781 = ORIENTED_EDGE('',*,*,#8753,.F.);
#8782 = PLANE('',#8783);
#8783 = AXIS2_PLACEMENT_3D('',#8784,#8785,#8786);
#8784 = CARTESIAN_POINT('',(7.747,0.2285,-2.843));
#8785 = DIRECTION('',(3.120216255796E-16,-0.970142500145,0.242535625036)
  );
#8786 = DIRECTION('',(7.800540639491E-17,-0.242535625036,-0.970142500145
    ));
#8787 = ADVANCED_FACE('',(#8788),#8824,.F.);
#8788 = FACE_BOUND('',#8789,.F.);
#8789 = EDGE_LOOP('',(#8790,#8791,#8792,#8793,#8801,#8809,#8817,#8823));
#8790 = ORIENTED_EDGE('',*,*,#7169,.F.);
#8791 = ORIENTED_EDGE('',*,*,#7332,.T.);
#8792 = ORIENTED_EDGE('',*,*,#7349,.F.);
#8793 = ORIENTED_EDGE('',*,*,#8794,.F.);
#8794 = EDGE_CURVE('',#8795,#7350,#8797,.T.);
#8795 = VERTEX_POINT('',#8796);
#8796 = CARTESIAN_POINT('',(7.493,-0.2285,0.));
#8797 = LINE('',#8798,#8799);
#8798 = CARTESIAN_POINT('',(7.493,-0.2285,0.));
#8799 = VECTOR('',#8800,1.);
#8800 = DIRECTION('',(3.216245299353E-16,-1.,0.));
#8801 = ORIENTED_EDGE('',*,*,#8802,.F.);
#8802 = EDGE_CURVE('',#8803,#8795,#8805,.T.);
#8803 = VERTEX_POINT('',#8804);
#8804 = CARTESIAN_POINT('',(7.493,-0.2285,-2.843));
#8805 = LINE('',#8806,#8807);
#8806 = CARTESIAN_POINT('',(7.493,-0.2285,-2.843));
#8807 = VECTOR('',#8808,1.);
#8808 = DIRECTION('',(0.,0.,1.));
#8809 = ORIENTED_EDGE('',*,*,#8810,.F.);
#8810 = EDGE_CURVE('',#8811,#8803,#8813,.T.);
#8811 = VERTEX_POINT('',#8812);
#8812 = CARTESIAN_POINT('',(7.493,-0.11425,-3.3));
#8813 = LINE('',#8814,#8815);
#8814 = CARTESIAN_POINT('',(7.493,-0.11425,-3.3));
#8815 = VECTOR('',#8816,1.);
#8816 = DIRECTION('',(7.800540639491E-17,-0.242535625036,0.970142500145)
  );
#8817 = ORIENTED_EDGE('',*,*,#8818,.F.);
#8818 = EDGE_CURVE('',#8769,#8811,#8819,.T.);
#8819 = LINE('',#8820,#8821);
#8820 = CARTESIAN_POINT('',(7.493,0.11425,-3.3));
#8821 = VECTOR('',#8822,1.);
#8822 = DIRECTION('',(3.216245299353E-16,-1.,0.));
#8823 = ORIENTED_EDGE('',*,*,#8768,.F.);
#8824 = PLANE('',#8825);
#8825 = AXIS2_PLACEMENT_3D('',#8826,#8827,#8828);
#8826 = CARTESIAN_POINT('',(7.493,0.2285,2.157));
#8827 = DIRECTION('',(1.,3.216245299353E-16,0.));
#8828 = DIRECTION('',(0.,-0.,1.));
#8829 = ADVANCED_FACE('',(#8830),#8841,.T.);
#8830 = FACE_BOUND('',#8831,.T.);
#8831 = EDGE_LOOP('',(#8832,#8838,#8839,#8840));
#8832 = ORIENTED_EDGE('',*,*,#8833,.T.);
#8833 = EDGE_CURVE('',#8632,#8554,#8834,.T.);
#8834 = LINE('',#8835,#8836);
#8835 = CARTESIAN_POINT('',(7.747,-7.3915,0.));
#8836 = VECTOR('',#8837,1.);
#8837 = DIRECTION('',(-1.,-3.216245299353E-16,0.));
#8838 = ORIENTED_EDGE('',*,*,#8553,.T.);
#8839 = ORIENTED_EDGE('',*,*,#7265,.F.);
#8840 = ORIENTED_EDGE('',*,*,#8631,.F.);
#8841 = PLANE('',#8842);
#8842 = AXIS2_PLACEMENT_3D('',#8843,#8844,#8845);
#8843 = CARTESIAN_POINT('',(7.747,-7.3915,0.));
#8844 = DIRECTION('',(-0.,0.,-1.));
#8845 = DIRECTION('',(-3.216245299353E-16,1.,0.));
#8846 = ADVANCED_FACE('',(#8847),#8858,.F.);
#8847 = FACE_BOUND('',#8848,.F.);
#8848 = EDGE_LOOP('',(#8849,#8855,#8856,#8857));
#8849 = ORIENTED_EDGE('',*,*,#8850,.T.);
#8850 = EDGE_CURVE('',#8722,#8795,#8851,.T.);
#8851 = LINE('',#8852,#8853);
#8852 = CARTESIAN_POINT('',(7.747,-0.2285,0.));
#8853 = VECTOR('',#8854,1.);
#8854 = DIRECTION('',(-1.,-3.216245299353E-16,0.));
#8855 = ORIENTED_EDGE('',*,*,#8794,.T.);
#8856 = ORIENTED_EDGE('',*,*,#7357,.F.);
#8857 = ORIENTED_EDGE('',*,*,#8721,.F.);
#8858 = PLANE('',#8859);
#8859 = AXIS2_PLACEMENT_3D('',#8860,#8861,#8862);
#8860 = CARTESIAN_POINT('',(7.747,-0.2285,0.));
#8861 = DIRECTION('',(0.,0.,1.));
#8862 = DIRECTION('',(3.216245299353E-16,-1.,0.));
#8863 = ADVANCED_FACE('',(#8864),#8877,.T.);
#8864 = FACE_BOUND('',#8865,.T.);
#8865 = EDGE_LOOP('',(#8866,#8867,#8868,#8869,#8875,#8876));
#8866 = ORIENTED_EDGE('',*,*,#8482,.F.);
#8867 = ORIENTED_EDGE('',*,*,#7405,.F.);
#8868 = ORIENTED_EDGE('',*,*,#7429,.F.);
#8869 = ORIENTED_EDGE('',*,*,#8870,.F.);
#8870 = EDGE_CURVE('',#7577,#7430,#8871,.T.);
#8871 = LINE('',#8872,#8873);
#8872 = CARTESIAN_POINT('',(7.366,-4.318,2.157));
#8873 = VECTOR('',#8874,1.);
#8874 = DIRECTION('',(3.216245299353E-16,-1.,0.));
#8875 = ORIENTED_EDGE('',*,*,#7576,.F.);
#8876 = ORIENTED_EDGE('',*,*,#7724,.F.);
#8877 = PLANE('',#8878);
#8878 = AXIS2_PLACEMENT_3D('',#8879,#8880,#8881);
#8879 = CARTESIAN_POINT('',(3.683,-5.842,2.157));
#8880 = DIRECTION('',(0.,0.,1.));
#8881 = DIRECTION('',(-4.440892098501E-16,1.,0.));
#8882 = ADVANCED_FACE('',(#8883),#8942,.T.);
#8883 = FACE_BOUND('',#8884,.T.);
#8884 = EDGE_LOOP('',(#8885,#8886,#8887,#8888,#8896,#8904,#8912,#8920,
    #8928,#8936));
#8885 = ORIENTED_EDGE('',*,*,#7462,.F.);
#8886 = ORIENTED_EDGE('',*,*,#7632,.T.);
#8887 = ORIENTED_EDGE('',*,*,#7609,.F.);
#8888 = ORIENTED_EDGE('',*,*,#8889,.F.);
#8889 = EDGE_CURVE('',#8890,#7602,#8892,.T.);
#8890 = VERTEX_POINT('',#8891);
#8891 = CARTESIAN_POINT('',(7.493,-4.8515,0.));
#8892 = LINE('',#8893,#8894);
#8893 = CARTESIAN_POINT('',(7.493,-4.8515,0.));
#8894 = VECTOR('',#8895,1.);
#8895 = DIRECTION('',(-3.216245299353E-16,1.,0.));
#8896 = ORIENTED_EDGE('',*,*,#8897,.F.);
#8897 = EDGE_CURVE('',#8898,#8890,#8900,.T.);
#8898 = VERTEX_POINT('',#8899);
#8899 = CARTESIAN_POINT('',(7.493,-4.8515,-2.843));
#8900 = LINE('',#8901,#8902);
#8901 = CARTESIAN_POINT('',(7.493,-4.8515,-2.843));
#8902 = VECTOR('',#8903,1.);
#8903 = DIRECTION('',(0.,0.,1.));
#8904 = ORIENTED_EDGE('',*,*,#8905,.F.);
#8905 = EDGE_CURVE('',#8906,#8898,#8908,.T.);
#8906 = VERTEX_POINT('',#8907);
#8907 = CARTESIAN_POINT('',(7.493,-4.96575,-3.3));
#8908 = LINE('',#8909,#8910);
#8909 = CARTESIAN_POINT('',(7.493,-4.96575,-3.3));
#8910 = VECTOR('',#8911,1.);
#8911 = DIRECTION('',(-7.800540639491E-17,0.242535625036,0.970142500145)
  );
#8912 = ORIENTED_EDGE('',*,*,#8913,.F.);
#8913 = EDGE_CURVE('',#8914,#8906,#8916,.T.);
#8914 = VERTEX_POINT('',#8915);
#8915 = CARTESIAN_POINT('',(7.493,-5.19425,-3.3));
#8916 = LINE('',#8917,#8918);
#8917 = CARTESIAN_POINT('',(7.493,-5.19425,-3.3));
#8918 = VECTOR('',#8919,1.);
#8919 = DIRECTION('',(-3.216245299353E-16,1.,0.));
#8920 = ORIENTED_EDGE('',*,*,#8921,.F.);
#8921 = EDGE_CURVE('',#8922,#8914,#8924,.T.);
#8922 = VERTEX_POINT('',#8923);
#8923 = CARTESIAN_POINT('',(7.493,-5.3085,-2.843));
#8924 = LINE('',#8925,#8926);
#8925 = CARTESIAN_POINT('',(7.493,-5.3085,-2.843));
#8926 = VECTOR('',#8927,1.);
#8927 = DIRECTION('',(-7.800540639491E-17,0.242535625036,-0.970142500145
    ));
#8928 = ORIENTED_EDGE('',*,*,#8929,.F.);
#8929 = EDGE_CURVE('',#8930,#8922,#8932,.T.);
#8930 = VERTEX_POINT('',#8931);
#8931 = CARTESIAN_POINT('',(7.493,-5.3085,0.));
#8932 = LINE('',#8933,#8934);
#8933 = CARTESIAN_POINT('',(7.493,-5.3085,0.));
#8934 = VECTOR('',#8935,1.);
#8935 = DIRECTION('',(0.,0.,-1.));
#8936 = ORIENTED_EDGE('',*,*,#8937,.F.);
#8937 = EDGE_CURVE('',#7455,#8930,#8938,.T.);
#8938 = LINE('',#8939,#8940);
#8939 = CARTESIAN_POINT('',(7.493,-5.842,0.));
#8940 = VECTOR('',#8941,1.);
#8941 = DIRECTION('',(-3.216245299353E-16,1.,0.));
#8942 = PLANE('',#8943);
#8943 = AXIS2_PLACEMENT_3D('',#8944,#8945,#8946);
#8944 = CARTESIAN_POINT('',(7.493,-5.842,2.157));
#8945 = DIRECTION('',(-1.,-3.216245299353E-16,0.));
#8946 = DIRECTION('',(-0.,0.,-1.));
#8947 = ADVANCED_FACE('',(#8948),#8966,.T.);
#8948 = FACE_BOUND('',#8949,.T.);
#8949 = EDGE_LOOP('',(#8950,#8951,#8952,#8960));
#8950 = ORIENTED_EDGE('',*,*,#7454,.T.);
#8951 = ORIENTED_EDGE('',*,*,#8937,.T.);
#8952 = ORIENTED_EDGE('',*,*,#8953,.F.);
#8953 = EDGE_CURVE('',#8954,#8930,#8956,.T.);
#8954 = VERTEX_POINT('',#8955);
#8955 = CARTESIAN_POINT('',(7.747,-5.3085,0.));
#8956 = LINE('',#8957,#8958);
#8957 = CARTESIAN_POINT('',(7.747,-5.3085,0.));
#8958 = VECTOR('',#8959,1.);
#8959 = DIRECTION('',(-1.,-3.216245299353E-16,0.));
#8960 = ORIENTED_EDGE('',*,*,#8961,.F.);
#8961 = EDGE_CURVE('',#7447,#8954,#8962,.T.);
#8962 = LINE('',#8963,#8964);
#8963 = CARTESIAN_POINT('',(7.747,-5.842,0.));
#8964 = VECTOR('',#8965,1.);
#8965 = DIRECTION('',(-3.216245299353E-16,1.,0.));
#8966 = PLANE('',#8967);
#8967 = AXIS2_PLACEMENT_3D('',#8968,#8969,#8970);
#8968 = CARTESIAN_POINT('',(7.747,-5.842,0.));
#8969 = DIRECTION('',(-0.,0.,-1.));
#8970 = DIRECTION('',(-3.216245299353E-16,1.,0.));
#8971 = ADVANCED_FACE('',(#8972),#9029,.F.);
#8972 = FACE_BOUND('',#8973,.F.);
#8973 = EDGE_LOOP('',(#8974,#8975,#8981,#8982,#8990,#8998,#9006,#9014,
    #9022,#9028));
#8974 = ORIENTED_EDGE('',*,*,#7446,.F.);
#8975 = ORIENTED_EDGE('',*,*,#8976,.F.);
#8976 = EDGE_CURVE('',#7585,#7438,#8977,.T.);
#8977 = LINE('',#8978,#8979);
#8978 = CARTESIAN_POINT('',(7.747,-4.318,1.776));
#8979 = VECTOR('',#8980,1.);
#8980 = DIRECTION('',(3.216245299353E-16,-1.,0.));
#8981 = ORIENTED_EDGE('',*,*,#7593,.F.);
#8982 = ORIENTED_EDGE('',*,*,#8983,.F.);
#8983 = EDGE_CURVE('',#8984,#7594,#8986,.T.);
#8984 = VERTEX_POINT('',#8985);
#8985 = CARTESIAN_POINT('',(7.747,-4.8515,0.));
#8986 = LINE('',#8987,#8988);
#8987 = CARTESIAN_POINT('',(7.747,-4.8515,0.));
#8988 = VECTOR('',#8989,1.);
#8989 = DIRECTION('',(-3.216245299353E-16,1.,0.));
#8990 = ORIENTED_EDGE('',*,*,#8991,.F.);
#8991 = EDGE_CURVE('',#8992,#8984,#8994,.T.);
#8992 = VERTEX_POINT('',#8993);
#8993 = CARTESIAN_POINT('',(7.747,-4.8515,-2.843));
#8994 = LINE('',#8995,#8996);
#8995 = CARTESIAN_POINT('',(7.747,-4.8515,-2.843));
#8996 = VECTOR('',#8997,1.);
#8997 = DIRECTION('',(0.,0.,1.));
#8998 = ORIENTED_EDGE('',*,*,#8999,.F.);
#8999 = EDGE_CURVE('',#9000,#8992,#9002,.T.);
#9000 = VERTEX_POINT('',#9001);
#9001 = CARTESIAN_POINT('',(7.747,-4.96575,-3.3));
#9002 = LINE('',#9003,#9004);
#9003 = CARTESIAN_POINT('',(7.747,-4.96575,-3.3));
#9004 = VECTOR('',#9005,1.);
#9005 = DIRECTION('',(-7.800540639491E-17,0.242535625036,0.970142500145)
  );
#9006 = ORIENTED_EDGE('',*,*,#9007,.F.);
#9007 = EDGE_CURVE('',#9008,#9000,#9010,.T.);
#9008 = VERTEX_POINT('',#9009);
#9009 = CARTESIAN_POINT('',(7.747,-5.19425,-3.3));
#9010 = LINE('',#9011,#9012);
#9011 = CARTESIAN_POINT('',(7.747,-5.19425,-3.3));
#9012 = VECTOR('',#9013,1.);
#9013 = DIRECTION('',(-3.216245299353E-16,1.,0.));
#9014 = ORIENTED_EDGE('',*,*,#9015,.F.);
#9015 = EDGE_CURVE('',#9016,#9008,#9018,.T.);
#9016 = VERTEX_POINT('',#9017);
#9017 = CARTESIAN_POINT('',(7.747,-5.3085,-2.843));
#9018 = LINE('',#9019,#9020);
#9019 = CARTESIAN_POINT('',(7.747,-5.3085,-2.843));
#9020 = VECTOR('',#9021,1.);
#9021 = DIRECTION('',(-7.800540639491E-17,0.242535625036,-0.970142500145
    ));
#9022 = ORIENTED_EDGE('',*,*,#9023,.F.);
#9023 = EDGE_CURVE('',#8954,#9016,#9024,.T.);
#9024 = LINE('',#9025,#9026);
#9025 = CARTESIAN_POINT('',(7.747,-5.3085,0.));
#9026 = VECTOR('',#9027,1.);
#9027 = DIRECTION('',(0.,0.,-1.));
#9028 = ORIENTED_EDGE('',*,*,#8961,.F.);
#9029 = PLANE('',#9030);
#9030 = AXIS2_PLACEMENT_3D('',#9031,#9032,#9033);
#9031 = CARTESIAN_POINT('',(7.747,-5.842,2.157));
#9032 = DIRECTION('',(-1.,-3.216245299353E-16,0.));
#9033 = DIRECTION('',(-0.,0.,-1.));
#9034 = ADVANCED_FACE('',(#9035),#9041,.T.);
#9035 = FACE_BOUND('',#9036,.T.);
#9036 = EDGE_LOOP('',(#9037,#9038,#9039,#9040));
#9037 = ORIENTED_EDGE('',*,*,#8870,.T.);
#9038 = ORIENTED_EDGE('',*,*,#7437,.T.);
#9039 = ORIENTED_EDGE('',*,*,#8976,.F.);
#9040 = ORIENTED_EDGE('',*,*,#7584,.F.);
#9041 = CYLINDRICAL_SURFACE('',#9042,0.381);
#9042 = AXIS2_PLACEMENT_3D('',#9043,#9044,#9045);
#9043 = CARTESIAN_POINT('',(7.366,-4.318,1.776));
#9044 = DIRECTION('',(3.216245299353E-16,-1.,0.));
#9045 = DIRECTION('',(0.,0.,1.));
#9046 = ADVANCED_FACE('',(#9047),#9106,.T.);
#9047 = FACE_BOUND('',#9048,.T.);
#9048 = EDGE_LOOP('',(#9049,#9050,#9051,#9052,#9060,#9068,#9076,#9084,
    #9092,#9100));
#9049 = ORIENTED_EDGE('',*,*,#7709,.F.);
#9050 = ORIENTED_EDGE('',*,*,#7649,.T.);
#9051 = ORIENTED_EDGE('',*,*,#7520,.F.);
#9052 = ORIENTED_EDGE('',*,*,#9053,.F.);
#9053 = EDGE_CURVE('',#9054,#7513,#9056,.T.);
#9054 = VERTEX_POINT('',#9055);
#9055 = CARTESIAN_POINT('',(7.493,-2.3115,0.));
#9056 = LINE('',#9057,#9058);
#9057 = CARTESIAN_POINT('',(7.493,-2.3115,0.));
#9058 = VECTOR('',#9059,1.);
#9059 = DIRECTION('',(-3.216245299353E-16,1.,0.));
#9060 = ORIENTED_EDGE('',*,*,#9061,.F.);
#9061 = EDGE_CURVE('',#9062,#9054,#9064,.T.);
#9062 = VERTEX_POINT('',#9063);
#9063 = CARTESIAN_POINT('',(7.493,-2.3115,-2.843));
#9064 = LINE('',#9065,#9066);
#9065 = CARTESIAN_POINT('',(7.493,-2.3115,-2.843));
#9066 = VECTOR('',#9067,1.);
#9067 = DIRECTION('',(0.,0.,1.));
#9068 = ORIENTED_EDGE('',*,*,#9069,.F.);
#9069 = EDGE_CURVE('',#9070,#9062,#9072,.T.);
#9070 = VERTEX_POINT('',#9071);
#9071 = CARTESIAN_POINT('',(7.493,-2.42575,-3.3));
#9072 = LINE('',#9073,#9074);
#9073 = CARTESIAN_POINT('',(7.493,-2.42575,-3.3));
#9074 = VECTOR('',#9075,1.);
#9075 = DIRECTION('',(-7.800540639491E-17,0.242535625036,0.970142500145)
  );
#9076 = ORIENTED_EDGE('',*,*,#9077,.F.);
#9077 = EDGE_CURVE('',#9078,#9070,#9080,.T.);
#9078 = VERTEX_POINT('',#9079);
#9079 = CARTESIAN_POINT('',(7.493,-2.65425,-3.3));
#9080 = LINE('',#9081,#9082);
#9081 = CARTESIAN_POINT('',(7.493,-2.65425,-3.3));
#9082 = VECTOR('',#9083,1.);
#9083 = DIRECTION('',(-3.216245299353E-16,1.,0.));
#9084 = ORIENTED_EDGE('',*,*,#9085,.F.);
#9085 = EDGE_CURVE('',#9086,#9078,#9088,.T.);
#9086 = VERTEX_POINT('',#9087);
#9087 = CARTESIAN_POINT('',(7.493,-2.7685,-2.843));
#9088 = LINE('',#9089,#9090);
#9089 = CARTESIAN_POINT('',(7.493,-2.7685,-2.843));
#9090 = VECTOR('',#9091,1.);
#9091 = DIRECTION('',(-7.800540639491E-17,0.242535625036,-0.970142500145
    ));
#9092 = ORIENTED_EDGE('',*,*,#9093,.F.);
#9093 = EDGE_CURVE('',#9094,#9086,#9096,.T.);
#9094 = VERTEX_POINT('',#9095);
#9095 = CARTESIAN_POINT('',(7.493,-2.7685,0.));
#9096 = LINE('',#9097,#9098);
#9097 = CARTESIAN_POINT('',(7.493,-2.7685,0.));
#9098 = VECTOR('',#9099,1.);
#9099 = DIRECTION('',(0.,0.,-1.));
#9100 = ORIENTED_EDGE('',*,*,#9101,.F.);
#9101 = EDGE_CURVE('',#7702,#9094,#9102,.T.);
#9102 = LINE('',#9103,#9104);
#9103 = CARTESIAN_POINT('',(7.493,-3.302,0.));
#9104 = VECTOR('',#9105,1.);
#9105 = DIRECTION('',(-3.216245299353E-16,1.,0.));
#9106 = PLANE('',#9107);
#9107 = AXIS2_PLACEMENT_3D('',#9108,#9109,#9110);
#9108 = CARTESIAN_POINT('',(7.493,-3.302,2.157));
#9109 = DIRECTION('',(-1.,-3.216245299353E-16,0.));
#9110 = DIRECTION('',(-0.,0.,-1.));
#9111 = ADVANCED_FACE('',(#9112),#9130,.T.);
#9112 = FACE_BOUND('',#9113,.T.);
#9113 = EDGE_LOOP('',(#9114,#9122,#9123,#9124));
#9114 = ORIENTED_EDGE('',*,*,#9115,.T.);
#9115 = EDGE_CURVE('',#9116,#9054,#9118,.T.);
#9116 = VERTEX_POINT('',#9117);
#9117 = CARTESIAN_POINT('',(7.747,-2.3115,0.));
#9118 = LINE('',#9119,#9120);
#9119 = CARTESIAN_POINT('',(7.747,-2.3115,0.));
#9120 = VECTOR('',#9121,1.);
#9121 = DIRECTION('',(-1.,-3.216245299353E-16,0.));
#9122 = ORIENTED_EDGE('',*,*,#9053,.T.);
#9123 = ORIENTED_EDGE('',*,*,#7512,.F.);
#9124 = ORIENTED_EDGE('',*,*,#9125,.F.);
#9125 = EDGE_CURVE('',#9116,#7505,#9126,.T.);
#9126 = LINE('',#9127,#9128);
#9127 = CARTESIAN_POINT('',(7.747,-2.3115,0.));
#9128 = VECTOR('',#9129,1.);
#9129 = DIRECTION('',(-3.216245299353E-16,1.,0.));
#9130 = PLANE('',#9131);
#9131 = AXIS2_PLACEMENT_3D('',#9132,#9133,#9134);
#9132 = CARTESIAN_POINT('',(7.747,-2.3115,0.));
#9133 = DIRECTION('',(-0.,0.,-1.));
#9134 = DIRECTION('',(-3.216245299353E-16,1.,0.));
#9135 = ADVANCED_FACE('',(#9136),#9193,.F.);
#9136 = FACE_BOUND('',#9137,.F.);
#9137 = EDGE_LOOP('',(#9138,#9139,#9145,#9146,#9147,#9155,#9163,#9171,
    #9179,#9187));
#9138 = ORIENTED_EDGE('',*,*,#7693,.F.);
#9139 = ORIENTED_EDGE('',*,*,#9140,.F.);
#9140 = EDGE_CURVE('',#7496,#7685,#9141,.T.);
#9141 = LINE('',#9142,#9143);
#9142 = CARTESIAN_POINT('',(7.747,-1.778,1.776));
#9143 = VECTOR('',#9144,1.);
#9144 = DIRECTION('',(3.216245299353E-16,-1.,0.));
#9145 = ORIENTED_EDGE('',*,*,#7504,.F.);
#9146 = ORIENTED_EDGE('',*,*,#9125,.F.);
#9147 = ORIENTED_EDGE('',*,*,#9148,.F.);
#9148 = EDGE_CURVE('',#9149,#9116,#9151,.T.);
#9149 = VERTEX_POINT('',#9150);
#9150 = CARTESIAN_POINT('',(7.747,-2.3115,-2.843));
#9151 = LINE('',#9152,#9153);
#9152 = CARTESIAN_POINT('',(7.747,-2.3115,-2.843));
#9153 = VECTOR('',#9154,1.);
#9154 = DIRECTION('',(0.,0.,1.));
#9155 = ORIENTED_EDGE('',*,*,#9156,.F.);
#9156 = EDGE_CURVE('',#9157,#9149,#9159,.T.);
#9157 = VERTEX_POINT('',#9158);
#9158 = CARTESIAN_POINT('',(7.747,-2.42575,-3.3));
#9159 = LINE('',#9160,#9161);
#9160 = CARTESIAN_POINT('',(7.747,-2.42575,-3.3));
#9161 = VECTOR('',#9162,1.);
#9162 = DIRECTION('',(-7.800540639491E-17,0.242535625036,0.970142500145)
  );
#9163 = ORIENTED_EDGE('',*,*,#9164,.F.);
#9164 = EDGE_CURVE('',#9165,#9157,#9167,.T.);
#9165 = VERTEX_POINT('',#9166);
#9166 = CARTESIAN_POINT('',(7.747,-2.65425,-3.3));
#9167 = LINE('',#9168,#9169);
#9168 = CARTESIAN_POINT('',(7.747,-2.65425,-3.3));
#9169 = VECTOR('',#9170,1.);
#9170 = DIRECTION('',(-3.216245299353E-16,1.,0.));
#9171 = ORIENTED_EDGE('',*,*,#9172,.F.);
#9172 = EDGE_CURVE('',#9173,#9165,#9175,.T.);
#9173 = VERTEX_POINT('',#9174);
#9174 = CARTESIAN_POINT('',(7.747,-2.7685,-2.843));
#9175 = LINE('',#9176,#9177);
#9176 = CARTESIAN_POINT('',(7.747,-2.7685,-2.843));
#9177 = VECTOR('',#9178,1.);
#9178 = DIRECTION('',(-7.800540639491E-17,0.242535625036,-0.970142500145
    ));
#9179 = ORIENTED_EDGE('',*,*,#9180,.F.);
#9180 = EDGE_CURVE('',#9181,#9173,#9183,.T.);
#9181 = VERTEX_POINT('',#9182);
#9182 = CARTESIAN_POINT('',(7.747,-2.7685,0.));
#9183 = LINE('',#9184,#9185);
#9184 = CARTESIAN_POINT('',(7.747,-2.7685,0.));
#9185 = VECTOR('',#9186,1.);
#9186 = DIRECTION('',(0.,0.,-1.));
#9187 = ORIENTED_EDGE('',*,*,#9188,.F.);
#9188 = EDGE_CURVE('',#7694,#9181,#9189,.T.);
#9189 = LINE('',#9190,#9191);
#9190 = CARTESIAN_POINT('',(7.747,-3.302,0.));
#9191 = VECTOR('',#9192,1.);
#9192 = DIRECTION('',(-3.216245299353E-16,1.,0.));
#9193 = PLANE('',#9194);
#9194 = AXIS2_PLACEMENT_3D('',#9195,#9196,#9197);
#9195 = CARTESIAN_POINT('',(7.747,-3.302,2.157));
#9196 = DIRECTION('',(-1.,-3.216245299353E-16,0.));
#9197 = DIRECTION('',(-0.,0.,-1.));
#9198 = ADVANCED_FACE('',(#9199),#9210,.T.);
#9199 = FACE_BOUND('',#9200,.T.);
#9200 = EDGE_LOOP('',(#9201,#9207,#9208,#9209));
#9201 = ORIENTED_EDGE('',*,*,#9202,.T.);
#9202 = EDGE_CURVE('',#7488,#7677,#9203,.T.);
#9203 = LINE('',#9204,#9205);
#9204 = CARTESIAN_POINT('',(7.366,-1.778,2.157));
#9205 = VECTOR('',#9206,1.);
#9206 = DIRECTION('',(3.216245299353E-16,-1.,0.));
#9207 = ORIENTED_EDGE('',*,*,#7684,.T.);
#9208 = ORIENTED_EDGE('',*,*,#9140,.F.);
#9209 = ORIENTED_EDGE('',*,*,#7495,.F.);
#9210 = CYLINDRICAL_SURFACE('',#9211,0.381);
#9211 = AXIS2_PLACEMENT_3D('',#9212,#9213,#9214);
#9212 = CARTESIAN_POINT('',(7.366,-1.778,1.776));
#9213 = DIRECTION('',(3.216245299353E-16,-1.,0.));
#9214 = DIRECTION('',(0.,0.,1.));
#9215 = ADVANCED_FACE('',(#9216),#9224,.T.);
#9216 = FACE_BOUND('',#9217,.T.);
#9217 = EDGE_LOOP('',(#9218,#9219,#9220,#9221,#9222,#9223));
#9218 = ORIENTED_EDGE('',*,*,#8489,.F.);
#9219 = ORIENTED_EDGE('',*,*,#7733,.F.);
#9220 = ORIENTED_EDGE('',*,*,#7676,.F.);
#9221 = ORIENTED_EDGE('',*,*,#9202,.F.);
#9222 = ORIENTED_EDGE('',*,*,#7487,.F.);
#9223 = ORIENTED_EDGE('',*,*,#7543,.F.);
#9224 = PLANE('',#9225);
#9225 = AXIS2_PLACEMENT_3D('',#9226,#9227,#9228);
#9226 = CARTESIAN_POINT('',(3.683,-3.302,2.157));
#9227 = DIRECTION('',(0.,0.,1.));
#9228 = DIRECTION('',(-4.440892098501E-16,1.,0.));
#9229 = ADVANCED_FACE('',(#9230),#9241,.T.);
#9230 = FACE_BOUND('',#9231,.T.);
#9231 = EDGE_LOOP('',(#9232,#9238,#9239,#9240));
#9232 = ORIENTED_EDGE('',*,*,#9233,.T.);
#9233 = EDGE_CURVE('',#8984,#8890,#9234,.T.);
#9234 = LINE('',#9235,#9236);
#9235 = CARTESIAN_POINT('',(7.747,-4.8515,0.));
#9236 = VECTOR('',#9237,1.);
#9237 = DIRECTION('',(-1.,-3.216245299353E-16,0.));
#9238 = ORIENTED_EDGE('',*,*,#8889,.T.);
#9239 = ORIENTED_EDGE('',*,*,#7601,.F.);
#9240 = ORIENTED_EDGE('',*,*,#8983,.F.);
#9241 = PLANE('',#9242);
#9242 = AXIS2_PLACEMENT_3D('',#9243,#9244,#9245);
#9243 = CARTESIAN_POINT('',(7.747,-4.8515,0.));
#9244 = DIRECTION('',(-0.,0.,-1.));
#9245 = DIRECTION('',(-3.216245299353E-16,1.,0.));
#9246 = ADVANCED_FACE('',(#9247),#9258,.T.);
#9247 = FACE_BOUND('',#9248,.T.);
#9248 = EDGE_LOOP('',(#9249,#9250,#9251,#9257));
#9249 = ORIENTED_EDGE('',*,*,#7701,.T.);
#9250 = ORIENTED_EDGE('',*,*,#9101,.T.);
#9251 = ORIENTED_EDGE('',*,*,#9252,.F.);
#9252 = EDGE_CURVE('',#9181,#9094,#9253,.T.);
#9253 = LINE('',#9254,#9255);
#9254 = CARTESIAN_POINT('',(7.747,-2.7685,0.));
#9255 = VECTOR('',#9256,1.);
#9256 = DIRECTION('',(-1.,-3.216245299353E-16,0.));
#9257 = ORIENTED_EDGE('',*,*,#9188,.F.);
#9258 = PLANE('',#9259);
#9259 = AXIS2_PLACEMENT_3D('',#9260,#9261,#9262);
#9260 = CARTESIAN_POINT('',(7.747,-3.302,0.));
#9261 = DIRECTION('',(-0.,0.,-1.));
#9262 = DIRECTION('',(-3.216245299353E-16,1.,0.));
#9263 = ADVANCED_FACE('',(#9264),#9607,.T.);
#9264 = FACE_BOUND('',#9265,.T.);
#9265 = EDGE_LOOP('',(#9266,#9267,#9268,#9275,#9283,#9389,#9495,#9601));
#9266 = ORIENTED_EDGE('',*,*,#8503,.F.);
#9267 = ORIENTED_EDGE('',*,*,#7763,.T.);
#9268 = ORIENTED_EDGE('',*,*,#9269,.T.);
#9269 = EDGE_CURVE('',#7757,#9270,#9272,.T.);
#9270 = VERTEX_POINT('',#9271);
#9271 = CARTESIAN_POINT('',(1.033723643423,0.426276356577,3.68));
#9272 = B_SPLINE_CURVE_WITH_KNOTS('',1,(#9273,#9274),.UNSPECIFIED.,.F.,
  .F.,(2,2),(0.,1.),.PIECEWISE_BEZIER_KNOTS.);
#9273 = CARTESIAN_POINT('',(0.71,0.75,2.157));
#9274 = CARTESIAN_POINT('',(1.033723643423,0.426276356577,3.68));
#9275 = ORIENTED_EDGE('',*,*,#9276,.F.);
#9276 = EDGE_CURVE('',#9277,#9270,#9279,.T.);
#9277 = VERTEX_POINT('',#9278);
#9278 = CARTESIAN_POINT('',(3.06375942217,0.426276356577,3.68));
#9279 = LINE('',#9280,#9281);
#9280 = CARTESIAN_POINT('',(6.586276356577,0.426276356577,3.68));
#9281 = VECTOR('',#9282,1.);
#9282 = DIRECTION('',(-1.,-4.440892098501E-16,0.));
#9283 = ORIENTED_EDGE('',*,*,#9284,.F.);
#9284 = EDGE_CURVE('',#9285,#9277,#9287,.T.);
#9285 = VERTEX_POINT('',#9286);
#9286 = CARTESIAN_POINT('',(3.060652504409,0.532554637412,3.18));
#9287 = B_SPLINE_CURVE_WITH_KNOTS('',4,(#9288,#9289,#9290,#9291,#9292,
    #9293,#9294,#9295,#9296,#9297,#9298,#9299,#9300,#9301,#9302,#9303,
    #9304,#9305,#9306,#9307,#9308,#9309,#9310,#9311,#9312,#9313,#9314,
    #9315,#9316,#9317,#9318,#9319,#9320,#9321,#9322,#9323,#9324,#9325,
    #9326,#9327,#9328,#9329,#9330,#9331,#9332,#9333,#9334,#9335,#9336,
    #9337,#9338,#9339,#9340,#9341,#9342,#9343,#9344,#9345,#9346,#9347,
    #9348,#9349,#9350,#9351,#9352,#9353,#9354,#9355,#9356,#9357,#9358,
    #9359,#9360,#9361,#9362,#9363,#9364,#9365,#9366,#9367,#9368,#9369,
    #9370,#9371,#9372,#9373,#9374,#9375,#9376,#9377,#9378,#9379,#9380,
    #9381,#9382,#9383,#9384,#9385,#9386,#9387,#9388),.UNSPECIFIED.,.F.,
  .F.,(5,3,3,3,3,3,3,3,3,3,3,3,3,3,3,3,3,3,3,3,3,3,3,3,3,3,3,3,3,3,3,3,3
    ,5),(0.,3.832661857541E-02,7.588616027402E-02,0.112697851853,
    0.148780767068,0.184153940431,0.218836486671,0.252847727222,
    0.286207325059,0.318935429062,0.351052828922,0.382581121221,
    0.413542886787,0.443961878574,0.47386321812,0.503273596996,
    0.532221477517,0.560737284348,0.588853575632,0.616605179129,
    0.644029276191,0.671165414825,0.69805543375,0.723856466375,
    0.750392376563,0.776817491054,0.80317991565,0.829528157021,
    0.855910545381,0.882374672274,0.908966882882,0.935731854039,
    0.962712277262,1.),.UNSPECIFIED.);
#9288 = CARTESIAN_POINT('',(3.102443253723,0.75,2.157));
#9289 = CARTESIAN_POINT('',(3.10159836505,0.747596502417,2.168307567096)
  );
#9290 = CARTESIAN_POINT('',(3.100760043871,0.745176893235,2.179690933308
    ));
#9291 = CARTESIAN_POINT('',(3.099928470497,0.742740885558,2.191151448372
    ));
#9292 = CARTESIAN_POINT('',(3.098295716868,0.737884563992,2.213998645033
    ));
#9293 = CARTESIAN_POINT('',(3.097494261506,0.735464911842,2.225382213394
    ));
#9294 = CARTESIAN_POINT('',(3.096699660478,0.733028942322,2.236842548942
    ));
#9295 = CARTESIAN_POINT('',(3.095140251405,0.728172618361,2.259689756871
    ));
#9296 = CARTESIAN_POINT('',(3.094375165256,0.725752918822,2.271073548177
    ));
#9297 = CARTESIAN_POINT('',(3.093617046982,0.72331699024,2.282533691129)
  );
#9298 = CARTESIAN_POINT('',(3.092130026932,0.718460661398,2.305380922018
    ));
#9299 = CARTESIAN_POINT('',(3.091400843964,0.716040908555,2.316764964101
    ));
#9300 = CARTESIAN_POINT('',(3.090678749632,0.71360502492,2.328224895597)
  );
#9301 = CARTESIAN_POINT('',(3.089263222812,0.708748688464,2.351072162308
    ));
#9302 = CARTESIAN_POINT('',(3.088569506013,0.706328874704,2.362456490983
    ));
#9303 = CARTESIAN_POINT('',(3.087883006017,0.703893041415,2.373916185615
    ));
#9304 = CARTESIAN_POINT('',(3.08653813337,0.699036694321,2.396763502377)
  );
#9305 = CARTESIAN_POINT('',(3.085879473324,0.696616810106,2.408148162516
    ));
#9306 = CARTESIAN_POINT('',(3.085228165819,0.694181034144,2.419607587444
    ));
#9307 = CARTESIAN_POINT('',(3.083953162281,0.689324673051,2.442454970066
    ));
#9308 = CARTESIAN_POINT('',(3.08332917589,0.686904706661,2.453840016811)
  );
#9309 = CARTESIAN_POINT('',(3.08271268547,0.684468996804,2.465299130741)
  );
#9310 = CARTESIAN_POINT('',(3.081506817467,0.67961261797,2.488146596824)
  );
#9311 = CARTESIAN_POINT('',(3.080917146787,0.677192555215,2.499532096932
    ));
#9312 = CARTESIAN_POINT('',(3.080335123266,0.674756922283,2.510990848958
    ));
#9313 = CARTESIAN_POINT('',(3.079197706436,0.669900521543,2.533838418102
    ));
#9314 = CARTESIAN_POINT('',(3.078642017638,0.667480345451,2.545224451414
    ));
#9315 = CARTESIAN_POINT('',(3.078094134929,0.665044802583,2.556682779723
    ));
#9316 = CARTESIAN_POINT('',(3.07702453204,0.66018837531,2.579530473698)
  );
#9317 = CARTESIAN_POINT('',(3.07650251448,0.657768065798,2.590917134701)
  );
#9318 = CARTESIAN_POINT('',(3.075988469554,0.655332628757,2.602374965137
    ));
#9319 = CARTESIAN_POINT('',(3.074986088616,0.650476169835,2.625222808007
    ));
#9320 = CARTESIAN_POINT('',(3.074497454016,0.648055703366,2.636610207432
    ));
#9321 = CARTESIAN_POINT('',(3.074016965933,0.645620390865,2.64806745195)
  );
#9322 = CARTESIAN_POINT('',(3.073081258485,0.640763894688,2.670915470094
    ));
#9323 = CARTESIAN_POINT('',(3.072625740214,0.638343243943,2.682303736473
    ));
#9324 = CARTESIAN_POINT('',(3.072178549227,0.635908077994,2.693760291517
    ));
#9325 = CARTESIAN_POINT('',(3.071309008778,0.631051538489,2.716608513501
    ));
#9326 = CARTESIAN_POINT('',(3.070886361242,0.628630672067,2.727997794563
    ));
#9327 = CARTESIAN_POINT('',(3.070472227939,0.626195678326,2.739453539431
    ));
#9328 = CARTESIAN_POINT('',(3.069668388574,0.621339089031,2.762301995656
    ));
#9329 = CARTESIAN_POINT('',(3.069278386703,0.618917971229,2.773692459367
    ));
#9330 = CARTESIAN_POINT('',(3.068897091202,0.616483179322,2.785147254684
    ));
#9331 = CARTESIAN_POINT('',(3.068158526316,0.611626533526,2.807995976726
    ));
#9332 = CARTESIAN_POINT('',(3.067800965147,0.609205124242,2.81938781175)
  );
#9333 = CARTESIAN_POINT('',(3.067452306324,0.606770568034,2.83084149819)
  );
#9334 = CARTESIAN_POINT('',(3.066778627491,0.601913859003,2.85369051773)
  );
#9335 = CARTESIAN_POINT('',(3.066453321841,0.599492113826,2.865083933008
    ));
#9336 = CARTESIAN_POINT('',(3.066137116583,0.597057831594,2.876536330492
    ));
#9337 = CARTESIAN_POINT('',(3.065527972543,0.592201052906,2.899385677745
    ));
#9338 = CARTESIAN_POINT('',(3.065234756765,0.589778923466,2.910780900835
    ));
#9339 = CARTESIAN_POINT('',(3.064950839246,0.587344957907,2.922231808487
    ));
#9340 = CARTESIAN_POINT('',(3.064405914993,0.582488103904,2.945081510067
    ));
#9341 = CARTESIAN_POINT('',(3.064144642791,0.580065538575,2.956478783859
    ));
#9342 = CARTESIAN_POINT('',(3.063892863774,0.577631936579,2.967927981082
    ));
#9343 = CARTESIAN_POINT('',(3.063411879734,0.572775002947,2.99077805729)
  );
#9344 = CARTESIAN_POINT('',(3.063182424021,0.570351947956,3.002177634756
    ));
#9345 = CARTESIAN_POINT('',(3.062962650185,0.567918760056,3.01362488381)
  );
#9346 = CARTESIAN_POINT('',(3.062545361468,0.563061744495,3.036475345463
    ));
#9347 = CARTESIAN_POINT('',(3.062347614228,0.560638145511,3.047877482217
    ));
#9348 = CARTESIAN_POINT('',(3.062159727543,0.558205424932,3.059322532699
    ));
#9349 = CARTESIAN_POINT('',(3.061805923247,0.553348327874,3.082173377761
    ));
#9350 = CARTESIAN_POINT('',(3.06163979537,0.550924132049,3.093578322432)
  );
#9351 = CARTESIAN_POINT('',(3.061483692536,0.548491933287,3.105020917961
    ));
#9352 = CARTESIAN_POINT('',(3.061193195095,0.543634758563,3.127872128414
    ));
#9353 = CARTESIAN_POINT('',(3.061058616139,0.541209916965,3.139280111208
    ));
#9354 = CARTESIAN_POINT('',(3.060934208127,0.538778293878,3.150719998397
    ));
#9355 = CARTESIAN_POINT('',(3.060710635538,0.534001445917,3.173193301142
    ));
#9356 = CARTESIAN_POINT('',(3.060610652449,0.531656709793,3.184224417312
    ));
#9357 = CARTESIAN_POINT('',(3.060520286222,0.529306845248,3.195279660803
    ));
#9358 = CARTESIAN_POINT('',(3.060356690777,0.524531015986,3.217748170946
    ));
#9359 = CARTESIAN_POINT('',(3.060284022745,0.522104789354,3.229162669811
    ));
#9360 = CARTESIAN_POINT('',(3.060221741893,0.519674441603,3.240596557019
    ));
#9361 = CARTESIAN_POINT('',(3.060118326142,0.514817097121,3.26344856612)
  );
#9362 = CARTESIAN_POINT('',(3.060077103863,0.512390127828,3.274866558929
    ));
#9363 = CARTESIAN_POINT('',(3.060046335552,0.509960487816,3.286297116485
    ));
#9364 = CARTESIAN_POINT('',(3.060005839486,0.505103118425,3.309149242777
    ));
#9365 = CARTESIAN_POINT('',(3.059996061896,0.502675397106,3.320570773588
    ));
#9366 = CARTESIAN_POINT('',(3.059996772537,0.500246491538,3.331997875857
    ));
#9367 = CARTESIAN_POINT('',(3.060019176318,0.49538911742,3.354850024389)
  );
#9368 = CARTESIAN_POINT('',(3.060040858167,0.492960648212,3.366275073744
    ));
#9369 = CARTESIAN_POINT('',(3.060073028876,0.490532491387,3.37769865345)
  );
#9370 = CARTESIAN_POINT('',(3.060158343526,0.485675133035,3.400550727806
    ));
#9371 = CARTESIAN_POINT('',(3.060211514682,0.483245933163,3.411979214666
    ));
#9372 = CARTESIAN_POINT('',(3.060275141935,0.480818526053,3.423399267246
    ));
#9373 = CARTESIAN_POINT('',(3.060423409398,0.475961202735,3.446251176778
    ));
#9374 = CARTESIAN_POINT('',(3.060508114269,0.473531301133,3.457682965016
    ));
#9375 = CARTESIAN_POINT('',(3.06060321063,0.471104631472,3.469099548169)
  );
#9376 = CARTESIAN_POINT('',(3.060814503999,0.466247359896,3.491951214278
    ));
#9377 = CARTESIAN_POINT('',(3.060930801132,0.463816795086,3.503386122664
    ));
#9378 = CARTESIAN_POINT('',(3.061057395988,0.461390838462,3.514799351241
    ));
#9379 = CARTESIAN_POINT('',(3.061331819874,0.456533631832,3.537650711804
    ));
#9380 = CARTESIAN_POINT('',(3.06147978178,0.454102449372,3.549088526007)
  );
#9381 = CARTESIAN_POINT('',(3.061637921998,0.451677171116,3.560498563111
    ));
#9382 = CARTESIAN_POINT('',(3.061975613012,0.446820038677,3.583349574633
    ));
#9383 = CARTESIAN_POINT('',(3.062155326198,0.444388288514,3.594790059667
    ));
#9384 = CARTESIAN_POINT('',(3.062345076673,0.441963646102,3.606197105365
    ));
#9385 = CARTESIAN_POINT('',(3.062820569592,0.436206135645,3.633284062415
    ));
#9386 = CARTESIAN_POINT('',(3.063115291368,0.432880166482,3.64893151708)
  );
#9387 = CARTESIAN_POINT('',(3.063428406313,0.42956992391,3.664504983956)
  );
#9388 = CARTESIAN_POINT('',(3.06375942217,0.426276356577,3.68));
#9389 = ORIENTED_EDGE('',*,*,#9390,.T.);
#9390 = EDGE_CURVE('',#9285,#9391,#9393,.T.);
#9391 = VERTEX_POINT('',#9392);
#9392 = CARTESIAN_POINT('',(4.559347495591,0.532554637412,3.18));
#9393 = B_SPLINE_CURVE_WITH_KNOTS('',4,(#9394,#9395,#9396,#9397,#9398,
    #9399,#9400,#9401,#9402,#9403,#9404,#9405,#9406,#9407,#9408,#9409,
    #9410,#9411,#9412,#9413,#9414,#9415,#9416,#9417,#9418,#9419,#9420,
    #9421,#9422,#9423,#9424,#9425,#9426,#9427,#9428,#9429,#9430,#9431,
    #9432,#9433,#9434,#9435,#9436,#9437,#9438,#9439,#9440,#9441,#9442,
    #9443,#9444,#9445,#9446,#9447,#9448,#9449,#9450,#9451,#9452,#9453,
    #9454,#9455,#9456,#9457,#9458,#9459,#9460,#9461,#9462,#9463,#9464,
    #9465,#9466,#9467,#9468,#9469,#9470,#9471,#9472,#9473,#9474,#9475,
    #9476,#9477,#9478,#9479,#9480,#9481,#9482,#9483,#9484,#9485,#9486,
    #9487,#9488,#9489,#9490,#9491,#9492,#9493,#9494),.UNSPECIFIED.,.F.,
  .F.,(5,3,3,3,3,3,3,3,3,3,3,3,3,3,3,3,3,3,3,3,3,3,3,3,3,3,3,3,3,3,3,3,3
    ,5),(0.,3.000000000006E-02,6.000000000009E-02,9.000000000011E-02,
    0.12,0.15,0.18,0.21,0.24,0.27,0.3,0.33,0.36,0.389,0.419,0.449,0.479,
    0.509,0.539,0.569,0.599,0.629,0.658,0.688,0.718,0.748,0.778,0.808,
    0.838,0.868,0.898,0.928,0.958,1.),.UNSPECIFIED.);
#9394 = CARTESIAN_POINT('',(0.927445362588,0.532554637412,3.18));
#9395 = CARTESIAN_POINT('',(0.97068368215,0.532554637412,3.18));
#9396 = CARTESIAN_POINT('',(1.013922001711,0.532554637412,3.18));
#9397 = CARTESIAN_POINT('',(1.057160321272,0.532554637412,3.18));
#9398 = CARTESIAN_POINT('',(1.143636960394,0.532554637412,3.18));
#9399 = CARTESIAN_POINT('',(1.186875279956,0.532554637412,3.18));
#9400 = CARTESIAN_POINT('',(1.230113599517,0.532554637412,3.18));
#9401 = CARTESIAN_POINT('',(1.316590238639,0.532554637412,3.18));
#9402 = CARTESIAN_POINT('',(1.3598285582,0.532554637412,3.18));
#9403 = CARTESIAN_POINT('',(1.403066877761,0.532554637412,3.18));
#9404 = CARTESIAN_POINT('',(1.489543516884,0.532554637412,3.18));
#9405 = CARTESIAN_POINT('',(1.532781836445,0.532554637412,3.18));
#9406 = CARTESIAN_POINT('',(1.576020156006,0.532554637412,3.18));
#9407 = CARTESIAN_POINT('',(1.662496795128,0.532554637412,3.18));
#9408 = CARTESIAN_POINT('',(1.70573511469,0.532554637412,3.18));
#9409 = CARTESIAN_POINT('',(1.748973434251,0.532554637412,3.18));
#9410 = CARTESIAN_POINT('',(1.835450073373,0.532554637412,3.18));
#9411 = CARTESIAN_POINT('',(1.878688392934,0.532554637412,3.18));
#9412 = CARTESIAN_POINT('',(1.921926712495,0.532554637412,3.18));
#9413 = CARTESIAN_POINT('',(2.008403351618,0.532554637412,3.18));
#9414 = CARTESIAN_POINT('',(2.051641671179,0.532554637412,3.18));
#9415 = CARTESIAN_POINT('',(2.09487999074,0.532554637412,3.18));
#9416 = CARTESIAN_POINT('',(2.181356629862,0.532554637412,3.18));
#9417 = CARTESIAN_POINT('',(2.224594949424,0.532554637412,3.18));
#9418 = CARTESIAN_POINT('',(2.267833268985,0.532554637412,3.18));
#9419 = CARTESIAN_POINT('',(2.354309908107,0.532554637412,3.18));
#9420 = CARTESIAN_POINT('',(2.397548227668,0.532554637412,3.18));
#9421 = CARTESIAN_POINT('',(2.440786547229,0.532554637412,3.18));
#9422 = CARTESIAN_POINT('',(2.527263186352,0.532554637412,3.18));
#9423 = CARTESIAN_POINT('',(2.570501505913,0.532554637412,3.18));
#9424 = CARTESIAN_POINT('',(2.613739825474,0.532554637412,3.18));
#9425 = CARTESIAN_POINT('',(2.700216464596,0.532554637412,3.18));
#9426 = CARTESIAN_POINT('',(2.743454784158,0.532554637412,3.18));
#9427 = CARTESIAN_POINT('',(2.786693103719,0.532554637412,3.18));
#9428 = CARTESIAN_POINT('',(2.873169742841,0.532554637412,3.18));
#9429 = CARTESIAN_POINT('',(2.916408062402,0.532554637412,3.18));
#9430 = CARTESIAN_POINT('',(2.959646381963,0.532554637412,3.18));
#9431 = CARTESIAN_POINT('',(3.044681743767,0.532554637412,3.18));
#9432 = CARTESIAN_POINT('',(3.08647878601,0.532554637412,3.18));
#9433 = CARTESIAN_POINT('',(3.128275828252,0.532554637412,3.18));
#9434 = CARTESIAN_POINT('',(3.213311190056,0.532554637412,3.18));
#9435 = CARTESIAN_POINT('',(3.256549509617,0.532554637412,3.18));
#9436 = CARTESIAN_POINT('',(3.299787829178,0.532554637412,3.18));
#9437 = CARTESIAN_POINT('',(3.3862644683,0.532554637412,3.18));
#9438 = CARTESIAN_POINT('',(3.429502787862,0.532554637412,3.18));
#9439 = CARTESIAN_POINT('',(3.472741107423,0.532554637412,3.18));
#9440 = CARTESIAN_POINT('',(3.559217746545,0.532554637412,3.18));
#9441 = CARTESIAN_POINT('',(3.602456066106,0.532554637412,3.18));
#9442 = CARTESIAN_POINT('',(3.645694385667,0.532554637412,3.18));
#9443 = CARTESIAN_POINT('',(3.73217102479,0.532554637412,3.18));
#9444 = CARTESIAN_POINT('',(3.775409344351,0.532554637412,3.18));
#9445 = CARTESIAN_POINT('',(3.818647663912,0.532554637412,3.18));
#9446 = CARTESIAN_POINT('',(3.905124303035,0.532554637412,3.18));
#9447 = CARTESIAN_POINT('',(3.948362622596,0.532554637412,3.18));
#9448 = CARTESIAN_POINT('',(3.991600942157,0.532554637412,3.18));
#9449 = CARTESIAN_POINT('',(4.078077581279,0.532554637412,3.18));
#9450 = CARTESIAN_POINT('',(4.12131590084,0.532554637412,3.18));
#9451 = CARTESIAN_POINT('',(4.164554220402,0.532554637412,3.18));
#9452 = CARTESIAN_POINT('',(4.251030859524,0.532554637412,3.18));
#9453 = CARTESIAN_POINT('',(4.294269179085,0.532554637412,3.18));
#9454 = CARTESIAN_POINT('',(4.337507498646,0.532554637412,3.18));
#9455 = CARTESIAN_POINT('',(4.423984137769,0.532554637412,3.18));
#9456 = CARTESIAN_POINT('',(4.46722245733,0.532554637412,3.18));
#9457 = CARTESIAN_POINT('',(4.510460776891,0.532554637412,3.18));
#9458 = CARTESIAN_POINT('',(4.595496138695,0.532554637412,3.18));
#9459 = CARTESIAN_POINT('',(4.637293180937,0.532554637412,3.18));
#9460 = CARTESIAN_POINT('',(4.67909022318,0.532554637412,3.18));
#9461 = CARTESIAN_POINT('',(4.764125584983,0.532554637412,3.18));
#9462 = CARTESIAN_POINT('',(4.807363904544,0.532554637412,3.18));
#9463 = CARTESIAN_POINT('',(4.850602224106,0.532554637412,3.18));
#9464 = CARTESIAN_POINT('',(4.937078863228,0.532554637412,3.18));
#9465 = CARTESIAN_POINT('',(4.980317182789,0.532554637412,3.18));
#9466 = CARTESIAN_POINT('',(5.02355550235,0.532554637412,3.18));
#9467 = CARTESIAN_POINT('',(5.110032141473,0.532554637412,3.18));
#9468 = CARTESIAN_POINT('',(5.153270461034,0.532554637412,3.18));
#9469 = CARTESIAN_POINT('',(5.196508780595,0.532554637412,3.18));
#9470 = CARTESIAN_POINT('',(5.282985419717,0.532554637412,3.18));
#9471 = CARTESIAN_POINT('',(5.326223739278,0.532554637412,3.18));
#9472 = CARTESIAN_POINT('',(5.36946205884,0.532554637412,3.18));
#9473 = CARTESIAN_POINT('',(5.455938697962,0.532554637412,3.18));
#9474 = CARTESIAN_POINT('',(5.499177017523,0.532554637412,3.18));
#9475 = CARTESIAN_POINT('',(5.542415337084,0.532554637412,3.18));
#9476 = CARTESIAN_POINT('',(5.628891976207,0.532554637412,3.18));
#9477 = CARTESIAN_POINT('',(5.672130295768,0.532554637412,3.18));
#9478 = CARTESIAN_POINT('',(5.715368615329,0.532554637412,3.18));
#9479 = CARTESIAN_POINT('',(5.801845254451,0.532554637412,3.18));
#9480 = CARTESIAN_POINT('',(5.845083574013,0.532554637412,3.18));
#9481 = CARTESIAN_POINT('',(5.888321893574,0.532554637412,3.18));
#9482 = CARTESIAN_POINT('',(5.974798532696,0.532554637412,3.18));
#9483 = CARTESIAN_POINT('',(6.018036852257,0.532554637412,3.18));
#9484 = CARTESIAN_POINT('',(6.061275171818,0.532554637412,3.18));
#9485 = CARTESIAN_POINT('',(6.147751810941,0.532554637412,3.18));
#9486 = CARTESIAN_POINT('',(6.190990130502,0.532554637412,3.18));
#9487 = CARTESIAN_POINT('',(6.234228450063,0.532554637412,3.18));
#9488 = CARTESIAN_POINT('',(6.320705089185,0.532554637412,3.18));
#9489 = CARTESIAN_POINT('',(6.363943408747,0.532554637412,3.18));
#9490 = CARTESIAN_POINT('',(6.407181728308,0.532554637412,3.18));
#9491 = CARTESIAN_POINT('',(6.510953695255,0.532554637412,3.18));
#9492 = CARTESIAN_POINT('',(6.57148734264,0.532554637412,3.18));
#9493 = CARTESIAN_POINT('',(6.632020990026,0.532554637412,3.18));
#9494 = CARTESIAN_POINT('',(6.692554637412,0.532554637412,3.18));
#9495 = ORIENTED_EDGE('',*,*,#9496,.T.);
#9496 = EDGE_CURVE('',#9391,#9497,#9499,.T.);
#9497 = VERTEX_POINT('',#9498);
#9498 = CARTESIAN_POINT('',(4.55624057783,0.426276356577,3.68));
#9499 = B_SPLINE_CURVE_WITH_KNOTS('',4,(#9500,#9501,#9502,#9503,#9504,
    #9505,#9506,#9507,#9508,#9509,#9510,#9511,#9512,#9513,#9514,#9515,
    #9516,#9517,#9518,#9519,#9520,#9521,#9522,#9523,#9524,#9525,#9526,
    #9527,#9528,#9529,#9530,#9531,#9532,#9533,#9534,#9535,#9536,#9537,
    #9538,#9539,#9540,#9541,#9542,#9543,#9544,#9545,#9546,#9547,#9548,
    #9549,#9550,#9551,#9552,#9553,#9554,#9555,#9556,#9557,#9558,#9559,
    #9560,#9561,#9562,#9563,#9564,#9565,#9566,#9567,#9568,#9569,#9570,
    #9571,#9572,#9573,#9574,#9575,#9576,#9577,#9578,#9579,#9580,#9581,
    #9582,#9583,#9584,#9585,#9586,#9587,#9588,#9589,#9590,#9591,#9592,
    #9593,#9594,#9595,#9596,#9597,#9598,#9599,#9600),.UNSPECIFIED.,.F.,
  .F.,(5,3,3,3,3,3,3,3,3,3,3,3,3,3,3,3,3,3,3,3,3,3,3,3,3,3,3,3,3,3,3,3,3
    ,5),(0.,3.832661857541E-02,7.588616027406E-02,0.112697851853,
    0.148780767068,0.184153940431,0.218836486671,0.252847727222,
    0.286207325059,0.318935429062,0.351052828922,0.382581121221,
    0.413542886787,0.443961878574,0.47386321812,0.503273596997,
    0.532221477517,0.560737284349,0.588853575632,0.61660517913,
    0.644029276191,0.671165414826,0.69805543375,0.723856466375,
    0.750392376563,0.776817491055,0.803179915651,0.829528157022,
    0.855910545381,0.882374672274,0.908966882882,0.935731854039,
    0.962712277262,1.),.UNSPECIFIED.);
#9500 = CARTESIAN_POINT('',(4.517556746277,0.75,2.157));
#9501 = CARTESIAN_POINT('',(4.51840163495,0.747596502417,2.168307567096)
  );
#9502 = CARTESIAN_POINT('',(4.519239956129,0.745176893235,2.179690933308
    ));
#9503 = CARTESIAN_POINT('',(4.520071529503,0.742740885558,2.191151448372
    ));
#9504 = CARTESIAN_POINT('',(4.521704283132,0.737884563992,2.213998645033
    ));
#9505 = CARTESIAN_POINT('',(4.522505738494,0.735464911842,2.225382213394
    ));
#9506 = CARTESIAN_POINT('',(4.523300339522,0.733028942322,2.236842548942
    ));
#9507 = CARTESIAN_POINT('',(4.524859748595,0.728172618361,2.259689756871
    ));
#9508 = CARTESIAN_POINT('',(4.525624834744,0.725752918822,2.271073548177
    ));
#9509 = CARTESIAN_POINT('',(4.526382953018,0.72331699024,2.282533691129)
  );
#9510 = CARTESIAN_POINT('',(4.527869973068,0.718460661398,2.305380922018
    ));
#9511 = CARTESIAN_POINT('',(4.528599156036,0.716040908555,2.316764964101
    ));
#9512 = CARTESIAN_POINT('',(4.529321250368,0.71360502492,2.328224895597)
  );
#9513 = CARTESIAN_POINT('',(4.530736777188,0.708748688464,2.351072162308
    ));
#9514 = CARTESIAN_POINT('',(4.531430493987,0.706328874704,2.362456490983
    ));
#9515 = CARTESIAN_POINT('',(4.532116993983,0.703893041415,2.373916185615
    ));
#9516 = CARTESIAN_POINT('',(4.53346186663,0.699036694321,2.396763502377)
  );
#9517 = CARTESIAN_POINT('',(4.534120526676,0.696616810106,2.408148162516
    ));
#9518 = CARTESIAN_POINT('',(4.534771834181,0.694181034144,2.419607587444
    ));
#9519 = CARTESIAN_POINT('',(4.536046837719,0.689324673051,2.442454970066
    ));
#9520 = CARTESIAN_POINT('',(4.53667082411,0.686904706661,2.453840016811)
  );
#9521 = CARTESIAN_POINT('',(4.53728731453,0.684468996804,2.465299130741)
  );
#9522 = CARTESIAN_POINT('',(4.538493182533,0.67961261797,2.488146596824)
  );
#9523 = CARTESIAN_POINT('',(4.539082853213,0.677192555215,2.499532096932
    ));
#9524 = CARTESIAN_POINT('',(4.539664876734,0.674756922283,2.510990848958
    ));
#9525 = CARTESIAN_POINT('',(4.540802293564,0.669900521543,2.533838418102
    ));
#9526 = CARTESIAN_POINT('',(4.541357982362,0.667480345451,2.545224451414
    ));
#9527 = CARTESIAN_POINT('',(4.541905865071,0.665044802583,2.556682779723
    ));
#9528 = CARTESIAN_POINT('',(4.54297546796,0.66018837531,2.579530473698)
  );
#9529 = CARTESIAN_POINT('',(4.54349748552,0.657768065798,2.590917134701)
  );
#9530 = CARTESIAN_POINT('',(4.544011530446,0.655332628757,2.602374965137
    ));
#9531 = CARTESIAN_POINT('',(4.545013911384,0.650476169835,2.625222808007
    ));
#9532 = CARTESIAN_POINT('',(4.545502545984,0.648055703366,2.636610207432
    ));
#9533 = CARTESIAN_POINT('',(4.545983034067,0.645620390865,2.64806745195)
  );
#9534 = CARTESIAN_POINT('',(4.546918741515,0.640763894688,2.670915470094
    ));
#9535 = CARTESIAN_POINT('',(4.547374259786,0.638343243943,2.682303736473
    ));
#9536 = CARTESIAN_POINT('',(4.547821450773,0.635908077994,2.693760291517
    ));
#9537 = CARTESIAN_POINT('',(4.548690991222,0.631051538489,2.716608513501
    ));
#9538 = CARTESIAN_POINT('',(4.549113638758,0.628630672067,2.727997794563
    ));
#9539 = CARTESIAN_POINT('',(4.549527772061,0.626195678326,2.739453539431
    ));
#9540 = CARTESIAN_POINT('',(4.550331611426,0.621339089031,2.762301995656
    ));
#9541 = CARTESIAN_POINT('',(4.550721613297,0.618917971229,2.773692459367
    ));
#9542 = CARTESIAN_POINT('',(4.551102908798,0.616483179322,2.785147254684
    ));
#9543 = CARTESIAN_POINT('',(4.551841473684,0.611626533526,2.807995976726
    ));
#9544 = CARTESIAN_POINT('',(4.552199034853,0.609205124242,2.81938781175)
  );
#9545 = CARTESIAN_POINT('',(4.552547693676,0.606770568034,2.83084149819)
  );
#9546 = CARTESIAN_POINT('',(4.553221372509,0.601913859003,2.85369051773)
  );
#9547 = CARTESIAN_POINT('',(4.553546678159,0.599492113826,2.865083933008
    ));
#9548 = CARTESIAN_POINT('',(4.553862883417,0.597057831594,2.876536330492
    ));
#9549 = CARTESIAN_POINT('',(4.554472027457,0.592201052906,2.899385677745
    ));
#9550 = CARTESIAN_POINT('',(4.554765243235,0.589778923466,2.910780900835
    ));
#9551 = CARTESIAN_POINT('',(4.555049160754,0.587344957907,2.922231808488
    ));
#9552 = CARTESIAN_POINT('',(4.555594085007,0.582488103904,2.945081510067
    ));
#9553 = CARTESIAN_POINT('',(4.555855357209,0.580065538575,2.956478783859
    ));
#9554 = CARTESIAN_POINT('',(4.556107136226,0.577631936579,2.967927981082
    ));
#9555 = CARTESIAN_POINT('',(4.556588120266,0.572775002947,2.99077805729)
  );
#9556 = CARTESIAN_POINT('',(4.556817575979,0.570351947956,3.002177634756
    ));
#9557 = CARTESIAN_POINT('',(4.557037349815,0.567918760056,3.01362488381)
  );
#9558 = CARTESIAN_POINT('',(4.557454638532,0.563061744495,3.036475345463
    ));
#9559 = CARTESIAN_POINT('',(4.557652385772,0.560638145511,3.047877482217
    ));
#9560 = CARTESIAN_POINT('',(4.557840272457,0.558205424932,3.059322532699
    ));
#9561 = CARTESIAN_POINT('',(4.558194076753,0.553348327874,3.082173377761
    ));
#9562 = CARTESIAN_POINT('',(4.55836020463,0.550924132049,3.093578322432)
  );
#9563 = CARTESIAN_POINT('',(4.558516307464,0.548491933287,3.105020917961
    ));
#9564 = CARTESIAN_POINT('',(4.558806804905,0.543634758563,3.127872128414
    ));
#9565 = CARTESIAN_POINT('',(4.558941383861,0.541209916965,3.139280111208
    ));
#9566 = CARTESIAN_POINT('',(4.559065791873,0.538778293878,3.150719998397
    ));
#9567 = CARTESIAN_POINT('',(4.559289364462,0.534001445917,3.173193301142
    ));
#9568 = CARTESIAN_POINT('',(4.559389347551,0.531656709793,3.184224417312
    ));
#9569 = CARTESIAN_POINT('',(4.559479713778,0.529306845248,3.195279660803
    ));
#9570 = CARTESIAN_POINT('',(4.559643309223,0.524531015986,3.217748170946
    ));
#9571 = CARTESIAN_POINT('',(4.559715977255,0.522104789354,3.229162669811
    ));
#9572 = CARTESIAN_POINT('',(4.559778258107,0.519674441603,3.240596557019
    ));
#9573 = CARTESIAN_POINT('',(4.559881673858,0.514817097121,3.263448566119
    ));
#9574 = CARTESIAN_POINT('',(4.559922896137,0.512390127828,3.274866558929
    ));
#9575 = CARTESIAN_POINT('',(4.559953664448,0.509960487816,3.286297116485
    ));
#9576 = CARTESIAN_POINT('',(4.559994160514,0.505103118425,3.309149242777
    ));
#9577 = CARTESIAN_POINT('',(4.560003938104,0.502675397106,3.320570773588
    ));
#9578 = CARTESIAN_POINT('',(4.560003227463,0.500246491538,3.331997875857
    ));
#9579 = CARTESIAN_POINT('',(4.559980823682,0.49538911742,3.354850024389)
  );
#9580 = CARTESIAN_POINT('',(4.559959141833,0.492960648212,3.366275073744
    ));
#9581 = CARTESIAN_POINT('',(4.559926971124,0.490532491387,3.37769865345)
  );
#9582 = CARTESIAN_POINT('',(4.559841656474,0.485675133035,3.400550727806
    ));
#9583 = CARTESIAN_POINT('',(4.559788485318,0.483245933163,3.411979214666
    ));
#9584 = CARTESIAN_POINT('',(4.559724858065,0.480818526053,3.423399267246
    ));
#9585 = CARTESIAN_POINT('',(4.559576590602,0.475961202735,3.446251176778
    ));
#9586 = CARTESIAN_POINT('',(4.559491885731,0.473531301133,3.457682965016
    ));
#9587 = CARTESIAN_POINT('',(4.55939678937,0.471104631472,3.469099548169)
  );
#9588 = CARTESIAN_POINT('',(4.559185496001,0.466247359896,3.491951214278
    ));
#9589 = CARTESIAN_POINT('',(4.559069198868,0.463816795086,3.503386122664
    ));
#9590 = CARTESIAN_POINT('',(4.558942604012,0.461390838462,3.514799351241
    ));
#9591 = CARTESIAN_POINT('',(4.558668180126,0.456533631832,3.537650711804
    ));
#9592 = CARTESIAN_POINT('',(4.55852021822,0.454102449372,3.549088526007)
  );
#9593 = CARTESIAN_POINT('',(4.558362078002,0.451677171116,3.560498563111
    ));
#9594 = CARTESIAN_POINT('',(4.558024386988,0.446820038677,3.583349574633
    ));
#9595 = CARTESIAN_POINT('',(4.557844673802,0.444388288514,3.594790059667
    ));
#9596 = CARTESIAN_POINT('',(4.557654923327,0.441963646102,3.606197105365
    ));
#9597 = CARTESIAN_POINT('',(4.557179430408,0.436206135645,3.633284062415
    ));
#9598 = CARTESIAN_POINT('',(4.556884708632,0.432880166482,3.64893151708)
  );
#9599 = CARTESIAN_POINT('',(4.556571593687,0.42956992391,3.664504983956)
  );
#9600 = CARTESIAN_POINT('',(4.55624057783,0.426276356577,3.68));
#9601 = ORIENTED_EDGE('',*,*,#9602,.F.);
#9602 = EDGE_CURVE('',#8504,#9497,#9603,.T.);
#9603 = LINE('',#9604,#9605);
#9604 = CARTESIAN_POINT('',(6.586276356577,0.426276356577,3.68));
#9605 = VECTOR('',#9606,1.);
#9606 = DIRECTION('',(-1.,-4.440892098501E-16,0.));
#9607 = B_SPLINE_SURFACE_WITH_KNOTS('',1,1,(
    (#9608,#9609)
    ,(#9610,#9611
    )),.UNSPECIFIED.,.F.,.F.,.F.,(2,2),(2,2),(0.,6.2),(0.,1.),
  .PIECEWISE_BEZIER_KNOTS.);
#9608 = CARTESIAN_POINT('',(6.91,0.75,2.157));
#9609 = CARTESIAN_POINT('',(6.586276356577,0.426276356577,3.68));
#9610 = CARTESIAN_POINT('',(0.71,0.75,2.157));
#9611 = CARTESIAN_POINT('',(1.033723643423,0.426276356577,3.68));
#9612 = ADVANCED_FACE('',(#9613),#9658,.T.);
#9613 = FACE_BOUND('',#9614,.T.);
#9614 = EDGE_LOOP('',(#9615,#9616,#9622,#9623,#9629,#9630,#9636,#9637,
    #9643,#9644,#9651,#9657));
#9615 = ORIENTED_EDGE('',*,*,#7788,.T.);
#9616 = ORIENTED_EDGE('',*,*,#9617,.T.);
#9617 = EDGE_CURVE('',#7781,#8099,#9618,.T.);
#9618 = LINE('',#9619,#9620);
#9619 = CARTESIAN_POINT('',(0.71,0.75,2.157));
#9620 = VECTOR('',#9621,1.);
#9621 = DIRECTION('',(4.440892098501E-16,-1.,0.));
#9622 = ORIENTED_EDGE('',*,*,#8115,.T.);
#9623 = ORIENTED_EDGE('',*,*,#9624,.T.);
#9624 = EDGE_CURVE('',#8108,#8427,#9625,.T.);
#9625 = LINE('',#9626,#9627);
#9626 = CARTESIAN_POINT('',(0.71,0.75,2.157));
#9627 = VECTOR('',#9628,1.);
#9628 = DIRECTION('',(4.440892098501E-16,-1.,0.));
#9629 = ORIENTED_EDGE('',*,*,#8443,.T.);
#9630 = ORIENTED_EDGE('',*,*,#9631,.T.);
#9631 = EDGE_CURVE('',#8436,#8246,#9632,.T.);
#9632 = LINE('',#9633,#9634);
#9633 = CARTESIAN_POINT('',(0.71,0.75,2.157));
#9634 = VECTOR('',#9635,1.);
#9635 = DIRECTION('',(4.440892098501E-16,-1.,0.));
#9636 = ORIENTED_EDGE('',*,*,#8262,.T.);
#9637 = ORIENTED_EDGE('',*,*,#9638,.T.);
#9638 = EDGE_CURVE('',#8255,#7919,#9639,.T.);
#9639 = LINE('',#9640,#9641);
#9640 = CARTESIAN_POINT('',(0.71,0.75,2.157));
#9641 = VECTOR('',#9642,1.);
#9642 = DIRECTION('',(4.440892098501E-16,-1.,0.));
#9643 = ORIENTED_EDGE('',*,*,#7934,.T.);
#9644 = ORIENTED_EDGE('',*,*,#9645,.T.);
#9645 = EDGE_CURVE('',#7928,#9646,#9648,.T.);
#9646 = VERTEX_POINT('',#9647);
#9647 = CARTESIAN_POINT('',(1.033723643423,-8.046276356577,3.68));
#9648 = B_SPLINE_CURVE_WITH_KNOTS('',1,(#9649,#9650),.UNSPECIFIED.,.F.,
  .F.,(2,2),(0.,1.),.PIECEWISE_BEZIER_KNOTS.);
#9649 = CARTESIAN_POINT('',(0.71,-8.37,2.157));
#9650 = CARTESIAN_POINT('',(1.033723643423,-8.046276356577,3.68));
#9651 = ORIENTED_EDGE('',*,*,#9652,.F.);
#9652 = EDGE_CURVE('',#9270,#9646,#9653,.T.);
#9653 = LINE('',#9654,#9655);
#9654 = CARTESIAN_POINT('',(1.033723643423,0.426276356577,3.68));
#9655 = VECTOR('',#9656,1.);
#9656 = DIRECTION('',(4.440892098501E-16,-1.,0.));
#9657 = ORIENTED_EDGE('',*,*,#9269,.F.);
#9658 = B_SPLINE_SURFACE_WITH_KNOTS('',1,1,(
    (#9659,#9660)
    ,(#9661,#9662
    )),.UNSPECIFIED.,.F.,.F.,.F.,(2,2),(2,2),(0.,9.12),(0.,1.),
  .PIECEWISE_BEZIER_KNOTS.);
#9659 = CARTESIAN_POINT('',(0.71,0.75,2.157));
#9660 = CARTESIAN_POINT('',(1.033723643423,0.426276356577,3.68));
#9661 = CARTESIAN_POINT('',(0.71,-8.37,2.157));
#9662 = CARTESIAN_POINT('',(1.033723643423,-8.046276356577,3.68));
#9663 = ADVANCED_FACE('',(#9664),#9677,.T.);
#9664 = FACE_BOUND('',#9665,.T.);
#9665 = EDGE_LOOP('',(#9666,#9667,#9668,#9669,#9670,#9676));
#9666 = ORIENTED_EDGE('',*,*,#8098,.F.);
#9667 = ORIENTED_EDGE('',*,*,#9617,.F.);
#9668 = ORIENTED_EDGE('',*,*,#7780,.F.);
#9669 = ORIENTED_EDGE('',*,*,#7802,.F.);
#9670 = ORIENTED_EDGE('',*,*,#9671,.F.);
#9671 = EDGE_CURVE('',#7949,#7803,#9672,.T.);
#9672 = LINE('',#9673,#9674);
#9673 = CARTESIAN_POINT('',(0.254,-0.762,2.157));
#9674 = VECTOR('',#9675,1.);
#9675 = DIRECTION('',(-4.440892098501E-16,1.,0.));
#9676 = ORIENTED_EDGE('',*,*,#7992,.F.);
#9677 = PLANE('',#9678);
#9678 = AXIS2_PLACEMENT_3D('',#9679,#9680,#9681);
#9679 = CARTESIAN_POINT('',(3.81,-0.762,2.157));
#9680 = DIRECTION('',(0.,0.,1.));
#9681 = DIRECTION('',(-4.440892098501E-16,1.,0.));
#9682 = ADVANCED_FACE('',(#9683),#9726,.T.);
#9683 = FACE_BOUND('',#9684,.T.);
#9684 = EDGE_LOOP('',(#9685,#9686,#9687,#9688,#9696,#9704,#9712,#9720));
#9685 = ORIENTED_EDGE('',*,*,#7835,.F.);
#9686 = ORIENTED_EDGE('',*,*,#8006,.T.);
#9687 = ORIENTED_EDGE('',*,*,#7975,.F.);
#9688 = ORIENTED_EDGE('',*,*,#9689,.F.);
#9689 = EDGE_CURVE('',#9690,#7968,#9692,.T.);
#9690 = VERTEX_POINT('',#9691);
#9691 = CARTESIAN_POINT('',(0.127,-0.2285,0.));
#9692 = LINE('',#9693,#9694);
#9693 = CARTESIAN_POINT('',(0.127,-0.2285,0.));
#9694 = VECTOR('',#9695,1.);
#9695 = DIRECTION('',(4.440892098501E-16,-1.,0.));
#9696 = ORIENTED_EDGE('',*,*,#9697,.F.);
#9697 = EDGE_CURVE('',#9698,#9690,#9700,.T.);
#9698 = VERTEX_POINT('',#9699);
#9699 = CARTESIAN_POINT('',(0.127,-0.2285,-2.843));
#9700 = LINE('',#9701,#9702);
#9701 = CARTESIAN_POINT('',(0.127,-0.2285,-2.843));
#9702 = VECTOR('',#9703,1.);
#9703 = DIRECTION('',(0.,0.,1.));
#9704 = ORIENTED_EDGE('',*,*,#9705,.F.);
#9705 = EDGE_CURVE('',#9706,#9698,#9708,.T.);
#9706 = VERTEX_POINT('',#9707);
#9707 = CARTESIAN_POINT('',(0.127,-0.11425,-3.3));
#9708 = LINE('',#9709,#9710);
#9709 = CARTESIAN_POINT('',(0.127,-0.11425,-3.3));
#9710 = VECTOR('',#9711,1.);
#9711 = DIRECTION('',(1.077074540829E-16,-0.242535625036,0.970142500145)
  );
#9712 = ORIENTED_EDGE('',*,*,#9713,.F.);
#9713 = EDGE_CURVE('',#9714,#9706,#9716,.T.);
#9714 = VERTEX_POINT('',#9715);
#9715 = CARTESIAN_POINT('',(0.127,0.11425,-3.3));
#9716 = LINE('',#9717,#9718);
#9717 = CARTESIAN_POINT('',(0.127,0.11425,-3.3));
#9718 = VECTOR('',#9719,1.);
#9719 = DIRECTION('',(4.440892098501E-16,-1.,0.));
#9720 = ORIENTED_EDGE('',*,*,#9721,.F.);
#9721 = EDGE_CURVE('',#7828,#9714,#9722,.T.);
#9722 = LINE('',#9723,#9724);
#9723 = CARTESIAN_POINT('',(0.127,0.2285,-2.843));
#9724 = VECTOR('',#9725,1.);
#9725 = DIRECTION('',(1.077074540829E-16,-0.242535625036,-0.970142500145
    ));
#9726 = PLANE('',#9727);
#9727 = AXIS2_PLACEMENT_3D('',#9728,#9729,#9730);
#9728 = CARTESIAN_POINT('',(0.127,0.2285,2.157));
#9729 = DIRECTION('',(1.,4.440892098501E-16,0.));
#9730 = DIRECTION('',(0.,0.,-1.));
#9731 = ADVANCED_FACE('',(#9732),#9750,.T.);
#9732 = FACE_BOUND('',#9733,.T.);
#9733 = EDGE_LOOP('',(#9734,#9735,#9736,#9744));
#9734 = ORIENTED_EDGE('',*,*,#7827,.T.);
#9735 = ORIENTED_EDGE('',*,*,#9721,.T.);
#9736 = ORIENTED_EDGE('',*,*,#9737,.F.);
#9737 = EDGE_CURVE('',#9738,#9714,#9740,.T.);
#9738 = VERTEX_POINT('',#9739);
#9739 = CARTESIAN_POINT('',(-0.127,0.11425,-3.3));
#9740 = LINE('',#9741,#9742);
#9741 = CARTESIAN_POINT('',(-0.127,0.11425,-3.3));
#9742 = VECTOR('',#9743,1.);
#9743 = DIRECTION('',(1.,4.440892098501E-16,0.));
#9744 = ORIENTED_EDGE('',*,*,#9745,.F.);
#9745 = EDGE_CURVE('',#7820,#9738,#9746,.T.);
#9746 = LINE('',#9747,#9748);
#9747 = CARTESIAN_POINT('',(-0.127,0.2285,-2.843));
#9748 = VECTOR('',#9749,1.);
#9749 = DIRECTION('',(1.077074540829E-16,-0.242535625036,-0.970142500145
    ));
#9750 = PLANE('',#9751);
#9751 = AXIS2_PLACEMENT_3D('',#9752,#9753,#9754);
#9752 = CARTESIAN_POINT('',(-0.127,0.2285,-2.843));
#9753 = DIRECTION('',(-4.308298163317E-16,0.970142500145,-0.242535625036
    ));
#9754 = DIRECTION('',(1.077074540829E-16,-0.242535625036,-0.970142500145
    ));
#9755 = ADVANCED_FACE('',(#9756),#9797,.F.);
#9756 = FACE_BOUND('',#9757,.F.);
#9757 = EDGE_LOOP('',(#9758,#9759,#9765,#9766,#9774,#9782,#9790,#9796));
#9758 = ORIENTED_EDGE('',*,*,#7819,.F.);
#9759 = ORIENTED_EDGE('',*,*,#9760,.F.);
#9760 = EDGE_CURVE('',#7951,#7811,#9761,.T.);
#9761 = LINE('',#9762,#9763);
#9762 = CARTESIAN_POINT('',(-0.127,-0.762,1.776));
#9763 = VECTOR('',#9764,1.);
#9764 = DIRECTION('',(-4.440892098501E-16,1.,0.));
#9765 = ORIENTED_EDGE('',*,*,#7959,.F.);
#9766 = ORIENTED_EDGE('',*,*,#9767,.F.);
#9767 = EDGE_CURVE('',#9768,#7960,#9770,.T.);
#9768 = VERTEX_POINT('',#9769);
#9769 = CARTESIAN_POINT('',(-0.127,-0.2285,0.));
#9770 = LINE('',#9771,#9772);
#9771 = CARTESIAN_POINT('',(-0.127,-0.2285,0.));
#9772 = VECTOR('',#9773,1.);
#9773 = DIRECTION('',(4.440892098501E-16,-1.,0.));
#9774 = ORIENTED_EDGE('',*,*,#9775,.F.);
#9775 = EDGE_CURVE('',#9776,#9768,#9778,.T.);
#9776 = VERTEX_POINT('',#9777);
#9777 = CARTESIAN_POINT('',(-0.127,-0.2285,-2.843));
#9778 = LINE('',#9779,#9780);
#9779 = CARTESIAN_POINT('',(-0.127,-0.2285,-2.843));
#9780 = VECTOR('',#9781,1.);
#9781 = DIRECTION('',(0.,0.,1.));
#9782 = ORIENTED_EDGE('',*,*,#9783,.F.);
#9783 = EDGE_CURVE('',#9784,#9776,#9786,.T.);
#9784 = VERTEX_POINT('',#9785);
#9785 = CARTESIAN_POINT('',(-0.127,-0.11425,-3.3));
#9786 = LINE('',#9787,#9788);
#9787 = CARTESIAN_POINT('',(-0.127,-0.11425,-3.3));
#9788 = VECTOR('',#9789,1.);
#9789 = DIRECTION('',(1.077074540829E-16,-0.242535625036,0.970142500145)
  );
#9790 = ORIENTED_EDGE('',*,*,#9791,.F.);
#9791 = EDGE_CURVE('',#9738,#9784,#9792,.T.);
#9792 = LINE('',#9793,#9794);
#9793 = CARTESIAN_POINT('',(-0.127,0.11425,-3.3));
#9794 = VECTOR('',#9795,1.);
#9795 = DIRECTION('',(4.440892098501E-16,-1.,0.));
#9796 = ORIENTED_EDGE('',*,*,#9745,.F.);
#9797 = PLANE('',#9798);
#9798 = AXIS2_PLACEMENT_3D('',#9799,#9800,#9801);
#9799 = CARTESIAN_POINT('',(-0.127,0.2285,2.157));
#9800 = DIRECTION('',(1.,4.440892098501E-16,0.));
#9801 = DIRECTION('',(0.,0.,-1.));
#9802 = ADVANCED_FACE('',(#9803),#9809,.T.);
#9803 = FACE_BOUND('',#9804,.T.);
#9804 = EDGE_LOOP('',(#9805,#9806,#9807,#9808));
#9805 = ORIENTED_EDGE('',*,*,#9671,.T.);
#9806 = ORIENTED_EDGE('',*,*,#7810,.T.);
#9807 = ORIENTED_EDGE('',*,*,#9760,.F.);
#9808 = ORIENTED_EDGE('',*,*,#7948,.F.);
#9809 = CYLINDRICAL_SURFACE('',#9810,0.381);
#9810 = AXIS2_PLACEMENT_3D('',#9811,#9812,#9813);
#9811 = CARTESIAN_POINT('',(0.254,-0.762,1.776));
#9812 = DIRECTION('',(-4.440892098501E-16,1.,0.));
#9813 = DIRECTION('',(0.,0.,1.));
#9814 = ADVANCED_FACE('',(#9815),#9863,.T.);
#9815 = FACE_BOUND('',#9816,.T.);
#9816 = EDGE_LOOP('',(#9817,#9818,#9824,#9825,#9833,#9841,#9849,#9857));
#9817 = ORIENTED_EDGE('',*,*,#7860,.F.);
#9818 = ORIENTED_EDGE('',*,*,#9819,.T.);
#9819 = EDGE_CURVE('',#7861,#8032,#9820,.T.);
#9820 = LINE('',#9821,#9822);
#9821 = CARTESIAN_POINT('',(-0.127,-7.8485,1.776));
#9822 = VECTOR('',#9823,1.);
#9823 = DIRECTION('',(-4.440892098501E-16,1.,0.));
#9824 = ORIENTED_EDGE('',*,*,#8040,.F.);
#9825 = ORIENTED_EDGE('',*,*,#9826,.F.);
#9826 = EDGE_CURVE('',#9827,#8041,#9829,.T.);
#9827 = VERTEX_POINT('',#9828);
#9828 = CARTESIAN_POINT('',(-0.127,-7.3915,0.));
#9829 = LINE('',#9830,#9831);
#9830 = CARTESIAN_POINT('',(-0.127,-7.3915,0.));
#9831 = VECTOR('',#9832,1.);
#9832 = DIRECTION('',(-4.440892098501E-16,1.,0.));
#9833 = ORIENTED_EDGE('',*,*,#9834,.F.);
#9834 = EDGE_CURVE('',#9835,#9827,#9837,.T.);
#9835 = VERTEX_POINT('',#9836);
#9836 = CARTESIAN_POINT('',(-0.127,-7.3915,-2.843));
#9837 = LINE('',#9838,#9839);
#9838 = CARTESIAN_POINT('',(-0.127,-7.3915,-2.843));
#9839 = VECTOR('',#9840,1.);
#9840 = DIRECTION('',(0.,0.,1.));
#9841 = ORIENTED_EDGE('',*,*,#9842,.F.);
#9842 = EDGE_CURVE('',#9843,#9835,#9845,.T.);
#9843 = VERTEX_POINT('',#9844);
#9844 = CARTESIAN_POINT('',(-0.127,-7.50575,-3.3));
#9845 = LINE('',#9846,#9847);
#9846 = CARTESIAN_POINT('',(-0.127,-7.50575,-3.3));
#9847 = VECTOR('',#9848,1.);
#9848 = DIRECTION('',(-1.077074540829E-16,0.242535625036,0.970142500145)
  );
#9849 = ORIENTED_EDGE('',*,*,#9850,.F.);
#9850 = EDGE_CURVE('',#9851,#9843,#9853,.T.);
#9851 = VERTEX_POINT('',#9852);
#9852 = CARTESIAN_POINT('',(-0.127,-7.73425,-3.3));
#9853 = LINE('',#9854,#9855);
#9854 = CARTESIAN_POINT('',(-0.127,-7.73425,-3.3));
#9855 = VECTOR('',#9856,1.);
#9856 = DIRECTION('',(-4.440892098501E-16,1.,0.));
#9857 = ORIENTED_EDGE('',*,*,#9858,.F.);
#9858 = EDGE_CURVE('',#7863,#9851,#9859,.T.);
#9859 = LINE('',#9860,#9861);
#9860 = CARTESIAN_POINT('',(-0.127,-7.8485,-2.843));
#9861 = VECTOR('',#9862,1.);
#9862 = DIRECTION('',(-1.077074540829E-16,0.242535625036,-0.970142500145
    ));
#9863 = PLANE('',#9864);
#9864 = AXIS2_PLACEMENT_3D('',#9865,#9866,#9867);
#9865 = CARTESIAN_POINT('',(-0.127,-7.8485,2.157));
#9866 = DIRECTION('',(-1.,-4.440892098501E-16,0.));
#9867 = DIRECTION('',(0.,0.,1.));
#9868 = ADVANCED_FACE('',(#9869),#9887,.F.);
#9869 = FACE_BOUND('',#9870,.F.);
#9870 = EDGE_LOOP('',(#9871,#9872,#9880,#9886));
#9871 = ORIENTED_EDGE('',*,*,#7904,.T.);
#9872 = ORIENTED_EDGE('',*,*,#9873,.T.);
#9873 = EDGE_CURVE('',#7897,#9874,#9876,.T.);
#9874 = VERTEX_POINT('',#9875);
#9875 = CARTESIAN_POINT('',(0.127,-7.73425,-3.3));
#9876 = LINE('',#9877,#9878);
#9877 = CARTESIAN_POINT('',(0.127,-7.8485,-2.843));
#9878 = VECTOR('',#9879,1.);
#9879 = DIRECTION('',(-1.077074540829E-16,0.242535625036,-0.970142500145
    ));
#9880 = ORIENTED_EDGE('',*,*,#9881,.F.);
#9881 = EDGE_CURVE('',#9851,#9874,#9882,.T.);
#9882 = LINE('',#9883,#9884);
#9883 = CARTESIAN_POINT('',(-0.127,-7.73425,-3.3));
#9884 = VECTOR('',#9885,1.);
#9885 = DIRECTION('',(1.,4.440892098501E-16,0.));
#9886 = ORIENTED_EDGE('',*,*,#9858,.F.);
#9887 = PLANE('',#9888);
#9888 = AXIS2_PLACEMENT_3D('',#9889,#9890,#9891);
#9889 = CARTESIAN_POINT('',(-0.127,-7.8485,-2.843));
#9890 = DIRECTION('',(-4.308298163317E-16,0.970142500145,0.242535625036)
  );
#9891 = DIRECTION('',(-1.077074540829E-16,0.242535625036,-0.970142500145
    ));
#9892 = ADVANCED_FACE('',(#9893),#9929,.F.);
#9893 = FACE_BOUND('',#9894,.F.);
#9894 = EDGE_LOOP('',(#9895,#9896,#9897,#9898,#9906,#9914,#9922,#9928));
#9895 = ORIENTED_EDGE('',*,*,#7896,.F.);
#9896 = ORIENTED_EDGE('',*,*,#8084,.T.);
#9897 = ORIENTED_EDGE('',*,*,#8056,.F.);
#9898 = ORIENTED_EDGE('',*,*,#9899,.F.);
#9899 = EDGE_CURVE('',#9900,#8049,#9902,.T.);
#9900 = VERTEX_POINT('',#9901);
#9901 = CARTESIAN_POINT('',(0.127,-7.3915,0.));
#9902 = LINE('',#9903,#9904);
#9903 = CARTESIAN_POINT('',(0.127,-7.3915,0.));
#9904 = VECTOR('',#9905,1.);
#9905 = DIRECTION('',(-4.440892098501E-16,1.,0.));
#9906 = ORIENTED_EDGE('',*,*,#9907,.F.);
#9907 = EDGE_CURVE('',#9908,#9900,#9910,.T.);
#9908 = VERTEX_POINT('',#9909);
#9909 = CARTESIAN_POINT('',(0.127,-7.3915,-2.843));
#9910 = LINE('',#9911,#9912);
#9911 = CARTESIAN_POINT('',(0.127,-7.3915,-2.843));
#9912 = VECTOR('',#9913,1.);
#9913 = DIRECTION('',(0.,0.,1.));
#9914 = ORIENTED_EDGE('',*,*,#9915,.F.);
#9915 = EDGE_CURVE('',#9916,#9908,#9918,.T.);
#9916 = VERTEX_POINT('',#9917);
#9917 = CARTESIAN_POINT('',(0.127,-7.50575,-3.3));
#9918 = LINE('',#9919,#9920);
#9919 = CARTESIAN_POINT('',(0.127,-7.50575,-3.3));
#9920 = VECTOR('',#9921,1.);
#9921 = DIRECTION('',(-1.077074540829E-16,0.242535625036,0.970142500145)
  );
#9922 = ORIENTED_EDGE('',*,*,#9923,.F.);
#9923 = EDGE_CURVE('',#9874,#9916,#9924,.T.);
#9924 = LINE('',#9925,#9926);
#9925 = CARTESIAN_POINT('',(0.127,-7.73425,-3.3));
#9926 = VECTOR('',#9927,1.);
#9927 = DIRECTION('',(-4.440892098501E-16,1.,0.));
#9928 = ORIENTED_EDGE('',*,*,#9873,.F.);
#9929 = PLANE('',#9930);
#9930 = AXIS2_PLACEMENT_3D('',#9931,#9932,#9933);
#9931 = CARTESIAN_POINT('',(0.127,-7.8485,2.157));
#9932 = DIRECTION('',(-1.,-4.440892098501E-16,0.));
#9933 = DIRECTION('',(0.,0.,1.));
#9934 = ADVANCED_FACE('',(#9935),#9948,.T.);
#9935 = FACE_BOUND('',#9936,.T.);
#9936 = EDGE_LOOP('',(#9937,#9938,#9939,#9940,#9941,#9947));
#9937 = ORIENTED_EDGE('',*,*,#7918,.F.);
#9938 = ORIENTED_EDGE('',*,*,#9638,.F.);
#9939 = ORIENTED_EDGE('',*,*,#8254,.F.);
#9940 = ORIENTED_EDGE('',*,*,#8023,.F.);
#9941 = ORIENTED_EDGE('',*,*,#9942,.F.);
#9942 = EDGE_CURVE('',#7871,#8024,#9943,.T.);
#9943 = LINE('',#9944,#9945);
#9944 = CARTESIAN_POINT('',(0.254,-7.8485,2.157));
#9945 = VECTOR('',#9946,1.);
#9946 = DIRECTION('',(-4.440892098501E-16,1.,0.));
#9947 = ORIENTED_EDGE('',*,*,#7879,.F.);
#9948 = PLANE('',#9949);
#9949 = AXIS2_PLACEMENT_3D('',#9950,#9951,#9952);
#9950 = CARTESIAN_POINT('',(3.81,-7.8485,2.157));
#9951 = DIRECTION('',(0.,0.,1.));
#9952 = DIRECTION('',(-4.440892098501E-16,1.,0.));
#9953 = ADVANCED_FACE('',(#9954),#9960,.T.);
#9954 = FACE_BOUND('',#9955,.T.);
#9955 = EDGE_LOOP('',(#9956,#9957,#9958,#9959));
#9956 = ORIENTED_EDGE('',*,*,#7870,.T.);
#9957 = ORIENTED_EDGE('',*,*,#9942,.T.);
#9958 = ORIENTED_EDGE('',*,*,#8031,.F.);
#9959 = ORIENTED_EDGE('',*,*,#9819,.F.);
#9960 = CYLINDRICAL_SURFACE('',#9961,0.381);
#9961 = AXIS2_PLACEMENT_3D('',#9962,#9963,#9964);
#9962 = CARTESIAN_POINT('',(0.254,-7.8485,1.776));
#9963 = DIRECTION('',(-4.440892098501E-16,1.,0.));
#9964 = DIRECTION('',(-1.,-4.440892098501E-16,0.));
#9965 = ADVANCED_FACE('',(#9966),#9977,.T.);
#9966 = FACE_BOUND('',#9967,.T.);
#9967 = EDGE_LOOP('',(#9968,#9974,#9975,#9976));
#9968 = ORIENTED_EDGE('',*,*,#9969,.T.);
#9969 = EDGE_CURVE('',#9768,#9690,#9970,.T.);
#9970 = LINE('',#9971,#9972);
#9971 = CARTESIAN_POINT('',(-0.127,-0.2285,0.));
#9972 = VECTOR('',#9973,1.);
#9973 = DIRECTION('',(1.,4.440892098501E-16,0.));
#9974 = ORIENTED_EDGE('',*,*,#9689,.T.);
#9975 = ORIENTED_EDGE('',*,*,#7967,.F.);
#9976 = ORIENTED_EDGE('',*,*,#9767,.F.);
#9977 = PLANE('',#9978);
#9978 = AXIS2_PLACEMENT_3D('',#9979,#9980,#9981);
#9979 = CARTESIAN_POINT('',(-0.127,-0.2285,0.));
#9980 = DIRECTION('',(0.,0.,-1.));
#9981 = DIRECTION('',(4.440892098501E-16,-1.,0.));
#9982 = ADVANCED_FACE('',(#9983),#9994,.F.);
#9983 = FACE_BOUND('',#9984,.F.);
#9984 = EDGE_LOOP('',(#9985,#9991,#9992,#9993));
#9985 = ORIENTED_EDGE('',*,*,#9986,.T.);
#9986 = EDGE_CURVE('',#9827,#9900,#9987,.T.);
#9987 = LINE('',#9988,#9989);
#9988 = CARTESIAN_POINT('',(-0.127,-7.3915,0.));
#9989 = VECTOR('',#9990,1.);
#9990 = DIRECTION('',(1.,4.440892098501E-16,0.));
#9991 = ORIENTED_EDGE('',*,*,#9899,.T.);
#9992 = ORIENTED_EDGE('',*,*,#8048,.F.);
#9993 = ORIENTED_EDGE('',*,*,#9826,.F.);
#9994 = PLANE('',#9995);
#9995 = AXIS2_PLACEMENT_3D('',#9996,#9997,#9998);
#9996 = CARTESIAN_POINT('',(-0.127,-7.3915,0.));
#9997 = DIRECTION('',(0.,0.,1.));
#9998 = DIRECTION('',(-4.440892098501E-16,1.,0.));
#9999 = ADVANCED_FACE('',(#10000),#10013,.T.);
#10000 = FACE_BOUND('',#10001,.T.);
#10001 = EDGE_LOOP('',(#10002,#10003,#10004,#10005,#10006,#10012));
#10002 = ORIENTED_EDGE('',*,*,#8426,.F.);
#10003 = ORIENTED_EDGE('',*,*,#9624,.F.);
#10004 = ORIENTED_EDGE('',*,*,#8107,.F.);
#10005 = ORIENTED_EDGE('',*,*,#8140,.F.);
#10006 = ORIENTED_EDGE('',*,*,#10007,.F.);
#10007 = EDGE_CURVE('',#8277,#8130,#10008,.T.);
#10008 = LINE('',#10009,#10010);
#10009 = CARTESIAN_POINT('',(0.254,-3.302,2.157));
#10010 = VECTOR('',#10011,1.);
#10011 = DIRECTION('',(-4.440892098501E-16,1.,0.));
#10012 = ORIENTED_EDGE('',*,*,#8287,.F.);
#10013 = PLANE('',#10014);
#10014 = AXIS2_PLACEMENT_3D('',#10015,#10016,#10017);
#10015 = CARTESIAN_POINT('',(3.683,-3.302,2.157));
#10016 = DIRECTION('',(0.,0.,1.));
#10017 = DIRECTION('',(-4.440892098501E-16,1.,0.));
#10018 = ADVANCED_FACE('',(#10019),#10030,.T.);
#10019 = FACE_BOUND('',#10020,.T.);
#10020 = EDGE_LOOP('',(#10021,#10022,#10023,#10029));
#10021 = ORIENTED_EDGE('',*,*,#10007,.T.);
#10022 = ORIENTED_EDGE('',*,*,#8129,.T.);
#10023 = ORIENTED_EDGE('',*,*,#10024,.F.);
#10024 = EDGE_CURVE('',#8279,#8132,#10025,.T.);
#10025 = LINE('',#10026,#10027);
#10026 = CARTESIAN_POINT('',(-0.127,-3.302,1.776));
#10027 = VECTOR('',#10028,1.);
#10028 = DIRECTION('',(-4.440892098501E-16,1.,0.));
#10029 = ORIENTED_EDGE('',*,*,#8276,.F.);
#10030 = CYLINDRICAL_SURFACE('',#10031,0.381);
#10031 = AXIS2_PLACEMENT_3D('',#10032,#10033,#10034);
#10032 = CARTESIAN_POINT('',(0.254,-3.302,1.776));
#10033 = DIRECTION('',(-4.440892098501E-16,1.,0.));
#10034 = DIRECTION('',(0.,0.,1.));
#10035 = ADVANCED_FACE('',(#10036),#10095,.F.);
#10036 = FACE_BOUND('',#10037,.F.);
#10037 = EDGE_LOOP('',(#10038,#10039,#10040,#10041,#10049,#10057,#10065,
    #10073,#10081,#10089));
#10038 = ORIENTED_EDGE('',*,*,#8173,.F.);
#10039 = ORIENTED_EDGE('',*,*,#10024,.F.);
#10040 = ORIENTED_EDGE('',*,*,#8320,.F.);
#10041 = ORIENTED_EDGE('',*,*,#10042,.F.);
#10042 = EDGE_CURVE('',#10043,#8313,#10045,.T.);
#10043 = VERTEX_POINT('',#10044);
#10044 = CARTESIAN_POINT('',(-0.127,-2.7685,0.));
#10045 = LINE('',#10046,#10047);
#10046 = CARTESIAN_POINT('',(-0.127,-2.7685,0.));
#10047 = VECTOR('',#10048,1.);
#10048 = DIRECTION('',(4.440892098501E-16,-1.,0.));
#10049 = ORIENTED_EDGE('',*,*,#10050,.F.);
#10050 = EDGE_CURVE('',#10051,#10043,#10053,.T.);
#10051 = VERTEX_POINT('',#10052);
#10052 = CARTESIAN_POINT('',(-0.127,-2.7685,-2.843));
#10053 = LINE('',#10054,#10055);
#10054 = CARTESIAN_POINT('',(-0.127,-2.7685,-2.843));
#10055 = VECTOR('',#10056,1.);
#10056 = DIRECTION('',(0.,0.,1.));
#10057 = ORIENTED_EDGE('',*,*,#10058,.F.);
#10058 = EDGE_CURVE('',#10059,#10051,#10061,.T.);
#10059 = VERTEX_POINT('',#10060);
#10060 = CARTESIAN_POINT('',(-0.127,-2.65425,-3.3));
#10061 = LINE('',#10062,#10063);
#10062 = CARTESIAN_POINT('',(-0.127,-2.65425,-3.3));
#10063 = VECTOR('',#10064,1.);
#10064 = DIRECTION('',(1.077074540829E-16,-0.242535625036,0.970142500145
    ));
#10065 = ORIENTED_EDGE('',*,*,#10066,.F.);
#10066 = EDGE_CURVE('',#10067,#10059,#10069,.T.);
#10067 = VERTEX_POINT('',#10068);
#10068 = CARTESIAN_POINT('',(-0.127,-2.42575,-3.3));
#10069 = LINE('',#10070,#10071);
#10070 = CARTESIAN_POINT('',(-0.127,-2.42575,-3.3));
#10071 = VECTOR('',#10072,1.);
#10072 = DIRECTION('',(4.440892098501E-16,-1.,0.));
#10073 = ORIENTED_EDGE('',*,*,#10074,.F.);
#10074 = EDGE_CURVE('',#10075,#10067,#10077,.T.);
#10075 = VERTEX_POINT('',#10076);
#10076 = CARTESIAN_POINT('',(-0.127,-2.3115,-2.843));
#10077 = LINE('',#10078,#10079);
#10078 = CARTESIAN_POINT('',(-0.127,-2.3115,-2.843));
#10079 = VECTOR('',#10080,1.);
#10080 = DIRECTION('',(1.077074540829E-16,-0.242535625036,
    -0.970142500145));
#10081 = ORIENTED_EDGE('',*,*,#10082,.F.);
#10082 = EDGE_CURVE('',#10083,#10075,#10085,.T.);
#10083 = VERTEX_POINT('',#10084);
#10084 = CARTESIAN_POINT('',(-0.127,-2.3115,0.));
#10085 = LINE('',#10086,#10087);
#10086 = CARTESIAN_POINT('',(-0.127,-2.3115,0.));
#10087 = VECTOR('',#10088,1.);
#10088 = DIRECTION('',(-0.,0.,-1.));
#10089 = ORIENTED_EDGE('',*,*,#10090,.F.);
#10090 = EDGE_CURVE('',#8166,#10083,#10091,.T.);
#10091 = LINE('',#10092,#10093);
#10092 = CARTESIAN_POINT('',(-0.127,-1.778,0.));
#10093 = VECTOR('',#10094,1.);
#10094 = DIRECTION('',(4.440892098501E-16,-1.,0.));
#10095 = PLANE('',#10096);
#10096 = AXIS2_PLACEMENT_3D('',#10097,#10098,#10099);
#10097 = CARTESIAN_POINT('',(-0.127,-1.778,2.157));
#10098 = DIRECTION('',(1.,4.440892098501E-16,0.));
#10099 = DIRECTION('',(0.,0.,-1.));
#10100 = ADVANCED_FACE('',(#10101),#10119,.T.);
#10101 = FACE_BOUND('',#10102,.T.);
#10102 = EDGE_LOOP('',(#10103,#10104,#10112,#10118));
#10103 = ORIENTED_EDGE('',*,*,#8165,.T.);
#10104 = ORIENTED_EDGE('',*,*,#10105,.T.);
#10105 = EDGE_CURVE('',#8158,#10106,#10108,.T.);
#10106 = VERTEX_POINT('',#10107);
#10107 = CARTESIAN_POINT('',(0.127,-2.3115,0.));
#10108 = LINE('',#10109,#10110);
#10109 = CARTESIAN_POINT('',(0.127,-1.778,0.));
#10110 = VECTOR('',#10111,1.);
#10111 = DIRECTION('',(4.440892098501E-16,-1.,0.));
#10112 = ORIENTED_EDGE('',*,*,#10113,.F.);
#10113 = EDGE_CURVE('',#10083,#10106,#10114,.T.);
#10114 = LINE('',#10115,#10116);
#10115 = CARTESIAN_POINT('',(-0.127,-2.3115,0.));
#10116 = VECTOR('',#10117,1.);
#10117 = DIRECTION('',(1.,4.440892098501E-16,0.));
#10118 = ORIENTED_EDGE('',*,*,#10090,.F.);
#10119 = PLANE('',#10120);
#10120 = AXIS2_PLACEMENT_3D('',#10121,#10122,#10123);
#10121 = CARTESIAN_POINT('',(-0.127,-1.778,0.));
#10122 = DIRECTION('',(0.,0.,-1.));
#10123 = DIRECTION('',(4.440892098501E-16,-1.,0.));
#10124 = ADVANCED_FACE('',(#10125),#10177,.T.);
#10125 = FACE_BOUND('',#10126,.T.);
#10126 = EDGE_LOOP('',(#10127,#10128,#10129,#10130,#10138,#10146,#10154,
    #10162,#10170,#10176));
#10127 = ORIENTED_EDGE('',*,*,#8157,.F.);
#10128 = ORIENTED_EDGE('',*,*,#8334,.T.);
#10129 = ORIENTED_EDGE('',*,*,#8304,.F.);
#10130 = ORIENTED_EDGE('',*,*,#10131,.F.);
#10131 = EDGE_CURVE('',#10132,#8305,#10134,.T.);
#10132 = VERTEX_POINT('',#10133);
#10133 = CARTESIAN_POINT('',(0.127,-2.7685,0.));
#10134 = LINE('',#10135,#10136);
#10135 = CARTESIAN_POINT('',(0.127,-2.7685,0.));
#10136 = VECTOR('',#10137,1.);
#10137 = DIRECTION('',(4.440892098501E-16,-1.,0.));
#10138 = ORIENTED_EDGE('',*,*,#10139,.F.);
#10139 = EDGE_CURVE('',#10140,#10132,#10142,.T.);
#10140 = VERTEX_POINT('',#10141);
#10141 = CARTESIAN_POINT('',(0.127,-2.7685,-2.843));
#10142 = LINE('',#10143,#10144);
#10143 = CARTESIAN_POINT('',(0.127,-2.7685,-2.843));
#10144 = VECTOR('',#10145,1.);
#10145 = DIRECTION('',(0.,0.,1.));
#10146 = ORIENTED_EDGE('',*,*,#10147,.F.);
#10147 = EDGE_CURVE('',#10148,#10140,#10150,.T.);
#10148 = VERTEX_POINT('',#10149);
#10149 = CARTESIAN_POINT('',(0.127,-2.65425,-3.3));
#10150 = LINE('',#10151,#10152);
#10151 = CARTESIAN_POINT('',(0.127,-2.65425,-3.3));
#10152 = VECTOR('',#10153,1.);
#10153 = DIRECTION('',(1.077074540829E-16,-0.242535625036,0.970142500145
    ));
#10154 = ORIENTED_EDGE('',*,*,#10155,.F.);
#10155 = EDGE_CURVE('',#10156,#10148,#10158,.T.);
#10156 = VERTEX_POINT('',#10157);
#10157 = CARTESIAN_POINT('',(0.127,-2.42575,-3.3));
#10158 = LINE('',#10159,#10160);
#10159 = CARTESIAN_POINT('',(0.127,-2.42575,-3.3));
#10160 = VECTOR('',#10161,1.);
#10161 = DIRECTION('',(4.440892098501E-16,-1.,0.));
#10162 = ORIENTED_EDGE('',*,*,#10163,.F.);
#10163 = EDGE_CURVE('',#10164,#10156,#10166,.T.);
#10164 = VERTEX_POINT('',#10165);
#10165 = CARTESIAN_POINT('',(0.127,-2.3115,-2.843));
#10166 = LINE('',#10167,#10168);
#10167 = CARTESIAN_POINT('',(0.127,-2.3115,-2.843));
#10168 = VECTOR('',#10169,1.);
#10169 = DIRECTION('',(1.077074540829E-16,-0.242535625036,
    -0.970142500145));
#10170 = ORIENTED_EDGE('',*,*,#10171,.F.);
#10171 = EDGE_CURVE('',#10106,#10164,#10172,.T.);
#10172 = LINE('',#10173,#10174);
#10173 = CARTESIAN_POINT('',(0.127,-2.3115,0.));
#10174 = VECTOR('',#10175,1.);
#10175 = DIRECTION('',(-0.,0.,-1.));
#10176 = ORIENTED_EDGE('',*,*,#10105,.F.);
#10177 = PLANE('',#10178);
#10178 = AXIS2_PLACEMENT_3D('',#10179,#10180,#10181);
#10179 = CARTESIAN_POINT('',(0.127,-1.778,2.157));
#10180 = DIRECTION('',(1.,4.440892098501E-16,0.));
#10181 = DIRECTION('',(0.,0.,-1.));
#10182 = ADVANCED_FACE('',(#10183),#10199,.T.);
#10183 = FACE_BOUND('',#10184,.T.);
#10184 = EDGE_LOOP('',(#10185,#10191,#10192,#10198));
#10185 = ORIENTED_EDGE('',*,*,#10186,.T.);
#10186 = EDGE_CURVE('',#8188,#8352,#10187,.T.);
#10187 = LINE('',#10188,#10189);
#10188 = CARTESIAN_POINT('',(0.254,-5.842,2.157));
#10189 = VECTOR('',#10190,1.);
#10190 = DIRECTION('',(-4.440892098501E-16,1.,0.));
#10191 = ORIENTED_EDGE('',*,*,#8351,.T.);
#10192 = ORIENTED_EDGE('',*,*,#10193,.F.);
#10193 = EDGE_CURVE('',#8190,#8354,#10194,.T.);
#10194 = LINE('',#10195,#10196);
#10195 = CARTESIAN_POINT('',(-0.127,-5.842,1.776));
#10196 = VECTOR('',#10197,1.);
#10197 = DIRECTION('',(-4.440892098501E-16,1.,0.));
#10198 = ORIENTED_EDGE('',*,*,#8187,.F.);
#10199 = CYLINDRICAL_SURFACE('',#10200,0.381);
#10200 = AXIS2_PLACEMENT_3D('',#10201,#10202,#10203);
#10201 = CARTESIAN_POINT('',(0.254,-5.842,1.776));
#10202 = DIRECTION('',(-4.440892098501E-16,1.,0.));
#10203 = DIRECTION('',(0.,0.,1.));
#10204 = ADVANCED_FACE('',(#10205),#10264,.F.);
#10205 = FACE_BOUND('',#10206,.F.);
#10206 = EDGE_LOOP('',(#10207,#10208,#10209,#10210,#10218,#10226,#10234,
    #10242,#10250,#10258));
#10207 = ORIENTED_EDGE('',*,*,#8395,.F.);
#10208 = ORIENTED_EDGE('',*,*,#10193,.F.);
#10209 = ORIENTED_EDGE('',*,*,#8231,.F.);
#10210 = ORIENTED_EDGE('',*,*,#10211,.F.);
#10211 = EDGE_CURVE('',#10212,#8224,#10214,.T.);
#10212 = VERTEX_POINT('',#10213);
#10213 = CARTESIAN_POINT('',(-0.127,-5.3085,0.));
#10214 = LINE('',#10215,#10216);
#10215 = CARTESIAN_POINT('',(-0.127,-5.3085,0.));
#10216 = VECTOR('',#10217,1.);
#10217 = DIRECTION('',(4.440892098501E-16,-1.,0.));
#10218 = ORIENTED_EDGE('',*,*,#10219,.F.);
#10219 = EDGE_CURVE('',#10220,#10212,#10222,.T.);
#10220 = VERTEX_POINT('',#10221);
#10221 = CARTESIAN_POINT('',(-0.127,-5.3085,-2.843));
#10222 = LINE('',#10223,#10224);
#10223 = CARTESIAN_POINT('',(-0.127,-5.3085,-2.843));
#10224 = VECTOR('',#10225,1.);
#10225 = DIRECTION('',(0.,0.,1.));
#10226 = ORIENTED_EDGE('',*,*,#10227,.F.);
#10227 = EDGE_CURVE('',#10228,#10220,#10230,.T.);
#10228 = VERTEX_POINT('',#10229);
#10229 = CARTESIAN_POINT('',(-0.127,-5.19425,-3.3));
#10230 = LINE('',#10231,#10232);
#10231 = CARTESIAN_POINT('',(-0.127,-5.19425,-3.3));
#10232 = VECTOR('',#10233,1.);
#10233 = DIRECTION('',(1.077074540829E-16,-0.242535625036,0.970142500145
    ));
#10234 = ORIENTED_EDGE('',*,*,#10235,.F.);
#10235 = EDGE_CURVE('',#10236,#10228,#10238,.T.);
#10236 = VERTEX_POINT('',#10237);
#10237 = CARTESIAN_POINT('',(-0.127,-4.96575,-3.3));
#10238 = LINE('',#10239,#10240);
#10239 = CARTESIAN_POINT('',(-0.127,-4.96575,-3.3));
#10240 = VECTOR('',#10241,1.);
#10241 = DIRECTION('',(4.440892098501E-16,-1.,0.));
#10242 = ORIENTED_EDGE('',*,*,#10243,.F.);
#10243 = EDGE_CURVE('',#10244,#10236,#10246,.T.);
#10244 = VERTEX_POINT('',#10245);
#10245 = CARTESIAN_POINT('',(-0.127,-4.8515,-2.843));
#10246 = LINE('',#10247,#10248);
#10247 = CARTESIAN_POINT('',(-0.127,-4.8515,-2.843));
#10248 = VECTOR('',#10249,1.);
#10249 = DIRECTION('',(1.077074540829E-16,-0.242535625036,
    -0.970142500145));
#10250 = ORIENTED_EDGE('',*,*,#10251,.F.);
#10251 = EDGE_CURVE('',#10252,#10244,#10254,.T.);
#10252 = VERTEX_POINT('',#10253);
#10253 = CARTESIAN_POINT('',(-0.127,-4.8515,0.));
#10254 = LINE('',#10255,#10256);
#10255 = CARTESIAN_POINT('',(-0.127,-4.8515,0.));
#10256 = VECTOR('',#10257,1.);
#10257 = DIRECTION('',(-0.,0.,-1.));
#10258 = ORIENTED_EDGE('',*,*,#10259,.F.);
#10259 = EDGE_CURVE('',#8388,#10252,#10260,.T.);
#10260 = LINE('',#10261,#10262);
#10261 = CARTESIAN_POINT('',(-0.127,-4.318,0.));
#10262 = VECTOR('',#10263,1.);
#10263 = DIRECTION('',(4.440892098501E-16,-1.,0.));
#10264 = PLANE('',#10265);
#10265 = AXIS2_PLACEMENT_3D('',#10266,#10267,#10268);
#10266 = CARTESIAN_POINT('',(-0.127,-4.318,2.157));
#10267 = DIRECTION('',(1.,4.440892098501E-16,0.));
#10268 = DIRECTION('',(0.,0.,-1.));
#10269 = ADVANCED_FACE('',(#10270),#10288,.T.);
#10270 = FACE_BOUND('',#10271,.T.);
#10271 = EDGE_LOOP('',(#10272,#10280,#10286,#10287));
#10272 = ORIENTED_EDGE('',*,*,#10273,.T.);
#10273 = EDGE_CURVE('',#10212,#10274,#10276,.T.);
#10274 = VERTEX_POINT('',#10275);
#10275 = CARTESIAN_POINT('',(0.127,-5.3085,0.));
#10276 = LINE('',#10277,#10278);
#10277 = CARTESIAN_POINT('',(-0.127,-5.3085,0.));
#10278 = VECTOR('',#10279,1.);
#10279 = DIRECTION('',(1.,4.440892098501E-16,0.));
#10280 = ORIENTED_EDGE('',*,*,#10281,.T.);
#10281 = EDGE_CURVE('',#10274,#8216,#10282,.T.);
#10282 = LINE('',#10283,#10284);
#10283 = CARTESIAN_POINT('',(0.127,-5.3085,0.));
#10284 = VECTOR('',#10285,1.);
#10285 = DIRECTION('',(4.440892098501E-16,-1.,0.));
#10286 = ORIENTED_EDGE('',*,*,#8223,.F.);
#10287 = ORIENTED_EDGE('',*,*,#10211,.F.);
#10288 = PLANE('',#10289);
#10289 = AXIS2_PLACEMENT_3D('',#10290,#10291,#10292);
#10290 = CARTESIAN_POINT('',(-0.127,-5.3085,0.));
#10291 = DIRECTION('',(0.,0.,-1.));
#10292 = DIRECTION('',(4.440892098501E-16,-1.,0.));
#10293 = ADVANCED_FACE('',(#10294),#10346,.T.);
#10294 = FACE_BOUND('',#10295,.T.);
#10295 = EDGE_LOOP('',(#10296,#10297,#10298,#10299,#10300,#10308,#10316,
    #10324,#10332,#10340));
#10296 = ORIENTED_EDGE('',*,*,#8379,.F.);
#10297 = ORIENTED_EDGE('',*,*,#8409,.T.);
#10298 = ORIENTED_EDGE('',*,*,#8215,.F.);
#10299 = ORIENTED_EDGE('',*,*,#10281,.F.);
#10300 = ORIENTED_EDGE('',*,*,#10301,.F.);
#10301 = EDGE_CURVE('',#10302,#10274,#10304,.T.);
#10302 = VERTEX_POINT('',#10303);
#10303 = CARTESIAN_POINT('',(0.127,-5.3085,-2.843));
#10304 = LINE('',#10305,#10306);
#10305 = CARTESIAN_POINT('',(0.127,-5.3085,-2.843));
#10306 = VECTOR('',#10307,1.);
#10307 = DIRECTION('',(0.,0.,1.));
#10308 = ORIENTED_EDGE('',*,*,#10309,.F.);
#10309 = EDGE_CURVE('',#10310,#10302,#10312,.T.);
#10310 = VERTEX_POINT('',#10311);
#10311 = CARTESIAN_POINT('',(0.127,-5.19425,-3.3));
#10312 = LINE('',#10313,#10314);
#10313 = CARTESIAN_POINT('',(0.127,-5.19425,-3.3));
#10314 = VECTOR('',#10315,1.);
#10315 = DIRECTION('',(1.077074540829E-16,-0.242535625036,0.970142500145
    ));
#10316 = ORIENTED_EDGE('',*,*,#10317,.F.);
#10317 = EDGE_CURVE('',#10318,#10310,#10320,.T.);
#10318 = VERTEX_POINT('',#10319);
#10319 = CARTESIAN_POINT('',(0.127,-4.96575,-3.3));
#10320 = LINE('',#10321,#10322);
#10321 = CARTESIAN_POINT('',(0.127,-4.96575,-3.3));
#10322 = VECTOR('',#10323,1.);
#10323 = DIRECTION('',(4.440892098501E-16,-1.,0.));
#10324 = ORIENTED_EDGE('',*,*,#10325,.F.);
#10325 = EDGE_CURVE('',#10326,#10318,#10328,.T.);
#10326 = VERTEX_POINT('',#10327);
#10327 = CARTESIAN_POINT('',(0.127,-4.8515,-2.843));
#10328 = LINE('',#10329,#10330);
#10329 = CARTESIAN_POINT('',(0.127,-4.8515,-2.843));
#10330 = VECTOR('',#10331,1.);
#10331 = DIRECTION('',(1.077074540829E-16,-0.242535625036,
    -0.970142500145));
#10332 = ORIENTED_EDGE('',*,*,#10333,.F.);
#10333 = EDGE_CURVE('',#10334,#10326,#10336,.T.);
#10334 = VERTEX_POINT('',#10335);
#10335 = CARTESIAN_POINT('',(0.127,-4.8515,0.));
#10336 = LINE('',#10337,#10338);
#10337 = CARTESIAN_POINT('',(0.127,-4.8515,0.));
#10338 = VECTOR('',#10339,1.);
#10339 = DIRECTION('',(-0.,0.,-1.));
#10340 = ORIENTED_EDGE('',*,*,#10341,.F.);
#10341 = EDGE_CURVE('',#8380,#10334,#10342,.T.);
#10342 = LINE('',#10343,#10344);
#10343 = CARTESIAN_POINT('',(0.127,-4.318,0.));
#10344 = VECTOR('',#10345,1.);
#10345 = DIRECTION('',(4.440892098501E-16,-1.,0.));
#10346 = PLANE('',#10347);
#10347 = AXIS2_PLACEMENT_3D('',#10348,#10349,#10350);
#10348 = CARTESIAN_POINT('',(0.127,-4.318,2.157));
#10349 = DIRECTION('',(1.,4.440892098501E-16,0.));
#10350 = DIRECTION('',(0.,0.,-1.));
#10351 = ADVANCED_FACE('',(#10352),#10360,.T.);
#10352 = FACE_BOUND('',#10353,.T.);
#10353 = EDGE_LOOP('',(#10354,#10355,#10356,#10357,#10358,#10359));
#10354 = ORIENTED_EDGE('',*,*,#8245,.F.);
#10355 = ORIENTED_EDGE('',*,*,#9631,.F.);
#10356 = ORIENTED_EDGE('',*,*,#8435,.F.);
#10357 = ORIENTED_EDGE('',*,*,#8362,.F.);
#10358 = ORIENTED_EDGE('',*,*,#10186,.F.);
#10359 = ORIENTED_EDGE('',*,*,#8198,.F.);
#10360 = PLANE('',#10361);
#10361 = AXIS2_PLACEMENT_3D('',#10362,#10363,#10364);
#10362 = CARTESIAN_POINT('',(3.683,-5.842,2.157));
#10363 = DIRECTION('',(0.,0.,1.));
#10364 = DIRECTION('',(-4.440892098501E-16,1.,0.));
#10365 = ADVANCED_FACE('',(#10366),#10377,.T.);
#10366 = FACE_BOUND('',#10367,.T.);
#10367 = EDGE_LOOP('',(#10368,#10374,#10375,#10376));
#10368 = ORIENTED_EDGE('',*,*,#10369,.T.);
#10369 = EDGE_CURVE('',#10043,#10132,#10370,.T.);
#10370 = LINE('',#10371,#10372);
#10371 = CARTESIAN_POINT('',(-0.127,-2.7685,0.));
#10372 = VECTOR('',#10373,1.);
#10373 = DIRECTION('',(1.,4.440892098501E-16,0.));
#10374 = ORIENTED_EDGE('',*,*,#10131,.T.);
#10375 = ORIENTED_EDGE('',*,*,#8312,.F.);
#10376 = ORIENTED_EDGE('',*,*,#10042,.F.);
#10377 = PLANE('',#10378);
#10378 = AXIS2_PLACEMENT_3D('',#10379,#10380,#10381);
#10379 = CARTESIAN_POINT('',(-0.127,-2.7685,0.));
#10380 = DIRECTION('',(0.,0.,-1.));
#10381 = DIRECTION('',(4.440892098501E-16,-1.,0.));
#10382 = ADVANCED_FACE('',(#10383),#10394,.T.);
#10383 = FACE_BOUND('',#10384,.T.);
#10384 = EDGE_LOOP('',(#10385,#10386,#10387,#10393));
#10385 = ORIENTED_EDGE('',*,*,#8387,.T.);
#10386 = ORIENTED_EDGE('',*,*,#10341,.T.);
#10387 = ORIENTED_EDGE('',*,*,#10388,.F.);
#10388 = EDGE_CURVE('',#10252,#10334,#10389,.T.);
#10389 = LINE('',#10390,#10391);
#10390 = CARTESIAN_POINT('',(-0.127,-4.8515,0.));
#10391 = VECTOR('',#10392,1.);
#10392 = DIRECTION('',(1.,4.440892098501E-16,0.));
#10393 = ORIENTED_EDGE('',*,*,#10259,.F.);
#10394 = PLANE('',#10395);
#10395 = AXIS2_PLACEMENT_3D('',#10396,#10397,#10398);
#10396 = CARTESIAN_POINT('',(-0.127,-4.318,0.));
#10397 = DIRECTION('',(0.,0.,-1.));
#10398 = DIRECTION('',(4.440892098501E-16,-1.,0.));
#10399 = ADVANCED_FACE('',(#10400),#10411,.T.);
#10400 = FACE_BOUND('',#10401,.T.);
#10401 = EDGE_LOOP('',(#10402,#10403,#10404,#10410));
#10402 = ORIENTED_EDGE('',*,*,#8459,.T.);
#10403 = ORIENTED_EDGE('',*,*,#8518,.T.);
#10404 = ORIENTED_EDGE('',*,*,#10405,.F.);
#10405 = EDGE_CURVE('',#9646,#8511,#10406,.T.);
#10406 = LINE('',#10407,#10408);
#10407 = CARTESIAN_POINT('',(1.033723643423,-8.046276356577,3.68));
#10408 = VECTOR('',#10409,1.);
#10409 = DIRECTION('',(1.,4.440892098501E-16,0.));
#10410 = ORIENTED_EDGE('',*,*,#9645,.F.);
#10411 = B_SPLINE_SURFACE_WITH_KNOTS('',1,1,(
    (#10412,#10413)
    ,(#10414,#10415
    )),.UNSPECIFIED.,.F.,.F.,.F.,(2,2),(2,2),(0.,6.2),(0.,1.),
  .PIECEWISE_BEZIER_KNOTS.);
#10412 = CARTESIAN_POINT('',(0.71,-8.37,2.157));
#10413 = CARTESIAN_POINT('',(1.033723643423,-8.046276356577,3.68));
#10414 = CARTESIAN_POINT('',(6.91,-8.37,2.157));
#10415 = CARTESIAN_POINT('',(6.586276356577,-8.046276356577,3.68));
#10416 = ADVANCED_FACE('',(#10417),#10440,.F.);
#10417 = FACE_BOUND('',#10418,.F.);
#10418 = EDGE_LOOP('',(#10419,#10420,#10421,#10422,#10423,#10432,#10439)
  );
#10419 = ORIENTED_EDGE('',*,*,#8510,.F.);
#10420 = ORIENTED_EDGE('',*,*,#10405,.F.);
#10421 = ORIENTED_EDGE('',*,*,#9652,.F.);
#10422 = ORIENTED_EDGE('',*,*,#9276,.F.);
#10423 = ORIENTED_EDGE('',*,*,#10424,.F.);
#10424 = EDGE_CURVE('',#10425,#9277,#10427,.T.);
#10425 = VERTEX_POINT('',#10426);
#10426 = CARTESIAN_POINT('',(3.81,-0.248723643423,3.68));
#10427 = CIRCLE('',#10428,0.75);
#10428 = AXIS2_PLACEMENT_3D('',#10429,#10430,#10431);
#10429 = CARTESIAN_POINT('',(3.81,0.501276356577,3.68));
#10430 = DIRECTION('',(0.,-0.,-1.));
#10431 = DIRECTION('',(4.440892098501E-16,-1.,0.));
#10432 = ORIENTED_EDGE('',*,*,#10433,.F.);
#10433 = EDGE_CURVE('',#9497,#10425,#10434,.T.);
#10434 = CIRCLE('',#10435,0.75);
#10435 = AXIS2_PLACEMENT_3D('',#10436,#10437,#10438);
#10436 = CARTESIAN_POINT('',(3.81,0.501276356577,3.68));
#10437 = DIRECTION('',(0.,-0.,-1.));
#10438 = DIRECTION('',(4.440892098501E-16,-1.,0.));
#10439 = ORIENTED_EDGE('',*,*,#9602,.F.);
#10440 = PLANE('',#10441);
#10441 = AXIS2_PLACEMENT_3D('',#10442,#10443,#10444);
#10442 = CARTESIAN_POINT('',(6.586276356577,-8.046276356577,3.68));
#10443 = DIRECTION('',(-0.,0.,-1.));
#10444 = DIRECTION('',(-0.548134684942,0.836390080742,0.));
#10445 = ADVANCED_FACE('',(#10446),#10457,.T.);
#10446 = FACE_BOUND('',#10447,.T.);
#10447 = EDGE_LOOP('',(#10448,#10449,#10450,#10456));
#10448 = ORIENTED_EDGE('',*,*,#8601,.T.);
#10449 = ORIENTED_EDGE('',*,*,#8577,.T.);
#10450 = ORIENTED_EDGE('',*,*,#10451,.F.);
#10451 = EDGE_CURVE('',#8648,#8570,#10452,.T.);
#10452 = LINE('',#10453,#10454);
#10453 = CARTESIAN_POINT('',(7.747,-7.50575,-3.3));
#10454 = VECTOR('',#10455,1.);
#10455 = DIRECTION('',(-1.,-3.216245299353E-16,0.));
#10456 = ORIENTED_EDGE('',*,*,#8655,.F.);
#10457 = PLANE('',#10458);
#10458 = AXIS2_PLACEMENT_3D('',#10459,#10460,#10461);
#10459 = CARTESIAN_POINT('',(7.747,-7.73425,-3.3));
#10460 = DIRECTION('',(-0.,0.,-1.));
#10461 = DIRECTION('',(-3.216245299353E-16,1.,0.));
#10462 = ADVANCED_FACE('',(#10463),#10474,.T.);
#10463 = FACE_BOUND('',#10464,.T.);
#10464 = EDGE_LOOP('',(#10465,#10466,#10467,#10473));
#10465 = ORIENTED_EDGE('',*,*,#10451,.T.);
#10466 = ORIENTED_EDGE('',*,*,#8569,.T.);
#10467 = ORIENTED_EDGE('',*,*,#10468,.F.);
#10468 = EDGE_CURVE('',#8640,#8562,#10469,.T.);
#10469 = LINE('',#10470,#10471);
#10470 = CARTESIAN_POINT('',(7.747,-7.3915,-2.843));
#10471 = VECTOR('',#10472,1.);
#10472 = DIRECTION('',(-1.,-3.216245299353E-16,0.));
#10473 = ORIENTED_EDGE('',*,*,#8647,.F.);
#10474 = PLANE('',#10475);
#10475 = AXIS2_PLACEMENT_3D('',#10476,#10477,#10478);
#10476 = CARTESIAN_POINT('',(7.747,-7.50575,-3.3));
#10477 = DIRECTION('',(-3.120216255796E-16,0.970142500145,
    -0.242535625036));
#10478 = DIRECTION('',(-7.800540639491E-17,0.242535625036,0.970142500145
    ));
#10479 = ADVANCED_FACE('',(#10480),#10486,.T.);
#10480 = FACE_BOUND('',#10481,.T.);
#10481 = EDGE_LOOP('',(#10482,#10483,#10484,#10485));
#10482 = ORIENTED_EDGE('',*,*,#10468,.T.);
#10483 = ORIENTED_EDGE('',*,*,#8561,.T.);
#10484 = ORIENTED_EDGE('',*,*,#8833,.F.);
#10485 = ORIENTED_EDGE('',*,*,#8639,.F.);
#10486 = PLANE('',#10487);
#10487 = AXIS2_PLACEMENT_3D('',#10488,#10489,#10490);
#10488 = CARTESIAN_POINT('',(7.747,-7.3915,-2.843));
#10489 = DIRECTION('',(-3.216245299353E-16,1.,0.));
#10490 = DIRECTION('',(0.,0.,1.));
#10491 = ADVANCED_FACE('',(#10492),#10503,.F.);
#10492 = FACE_BOUND('',#10493,.F.);
#10493 = EDGE_LOOP('',(#10494,#10495,#10496,#10502));
#10494 = ORIENTED_EDGE('',*,*,#8776,.T.);
#10495 = ORIENTED_EDGE('',*,*,#8818,.T.);
#10496 = ORIENTED_EDGE('',*,*,#10497,.F.);
#10497 = EDGE_CURVE('',#8738,#8811,#10498,.T.);
#10498 = LINE('',#10499,#10500);
#10499 = CARTESIAN_POINT('',(7.747,-0.11425,-3.3));
#10500 = VECTOR('',#10501,1.);
#10501 = DIRECTION('',(-1.,-3.216245299353E-16,0.));
#10502 = ORIENTED_EDGE('',*,*,#8745,.F.);
#10503 = PLANE('',#10504);
#10504 = AXIS2_PLACEMENT_3D('',#10505,#10506,#10507);
#10505 = CARTESIAN_POINT('',(7.747,0.11425,-3.3));
#10506 = DIRECTION('',(0.,0.,1.));
#10507 = DIRECTION('',(3.216245299353E-16,-1.,0.));
#10508 = ADVANCED_FACE('',(#10509),#10520,.F.);
#10509 = FACE_BOUND('',#10510,.F.);
#10510 = EDGE_LOOP('',(#10511,#10512,#10513,#10519));
#10511 = ORIENTED_EDGE('',*,*,#10497,.T.);
#10512 = ORIENTED_EDGE('',*,*,#8810,.T.);
#10513 = ORIENTED_EDGE('',*,*,#10514,.F.);
#10514 = EDGE_CURVE('',#8730,#8803,#10515,.T.);
#10515 = LINE('',#10516,#10517);
#10516 = CARTESIAN_POINT('',(7.747,-0.2285,-2.843));
#10517 = VECTOR('',#10518,1.);
#10518 = DIRECTION('',(-1.,-3.216245299353E-16,0.));
#10519 = ORIENTED_EDGE('',*,*,#8737,.F.);
#10520 = PLANE('',#10521);
#10521 = AXIS2_PLACEMENT_3D('',#10522,#10523,#10524);
#10522 = CARTESIAN_POINT('',(7.747,-0.11425,-3.3));
#10523 = DIRECTION('',(-3.120216255796E-16,0.970142500145,0.242535625036
    ));
#10524 = DIRECTION('',(7.800540639491E-17,-0.242535625036,0.970142500145
    ));
#10525 = ADVANCED_FACE('',(#10526),#10532,.F.);
#10526 = FACE_BOUND('',#10527,.F.);
#10527 = EDGE_LOOP('',(#10528,#10529,#10530,#10531));
#10528 = ORIENTED_EDGE('',*,*,#10514,.T.);
#10529 = ORIENTED_EDGE('',*,*,#8802,.T.);
#10530 = ORIENTED_EDGE('',*,*,#8850,.F.);
#10531 = ORIENTED_EDGE('',*,*,#8729,.F.);
#10532 = PLANE('',#10533);
#10533 = AXIS2_PLACEMENT_3D('',#10534,#10535,#10536);
#10534 = CARTESIAN_POINT('',(7.747,-0.2285,-2.843));
#10535 = DIRECTION('',(-3.216245299353E-16,1.,0.));
#10536 = DIRECTION('',(0.,0.,1.));
#10537 = ADVANCED_FACE('',(#10538),#10549,.T.);
#10538 = FACE_BOUND('',#10539,.T.);
#10539 = EDGE_LOOP('',(#10540,#10541,#10542,#10548));
#10540 = ORIENTED_EDGE('',*,*,#8953,.T.);
#10541 = ORIENTED_EDGE('',*,*,#8929,.T.);
#10542 = ORIENTED_EDGE('',*,*,#10543,.F.);
#10543 = EDGE_CURVE('',#9016,#8922,#10544,.T.);
#10544 = LINE('',#10545,#10546);
#10545 = CARTESIAN_POINT('',(7.747,-5.3085,-2.843));
#10546 = VECTOR('',#10547,1.);
#10547 = DIRECTION('',(-1.,-3.216245299353E-16,0.));
#10548 = ORIENTED_EDGE('',*,*,#9023,.F.);
#10549 = PLANE('',#10550);
#10550 = AXIS2_PLACEMENT_3D('',#10551,#10552,#10553);
#10551 = CARTESIAN_POINT('',(7.747,-5.3085,0.));
#10552 = DIRECTION('',(3.216245299353E-16,-1.,0.));
#10553 = DIRECTION('',(0.,0.,-1.));
#10554 = ADVANCED_FACE('',(#10555),#10566,.T.);
#10555 = FACE_BOUND('',#10556,.T.);
#10556 = EDGE_LOOP('',(#10557,#10558,#10559,#10565));
#10557 = ORIENTED_EDGE('',*,*,#10543,.T.);
#10558 = ORIENTED_EDGE('',*,*,#8921,.T.);
#10559 = ORIENTED_EDGE('',*,*,#10560,.F.);
#10560 = EDGE_CURVE('',#9008,#8914,#10561,.T.);
#10561 = LINE('',#10562,#10563);
#10562 = CARTESIAN_POINT('',(7.747,-5.19425,-3.3));
#10563 = VECTOR('',#10564,1.);
#10564 = DIRECTION('',(-1.,-3.216245299353E-16,0.));
#10565 = ORIENTED_EDGE('',*,*,#9015,.F.);
#10566 = PLANE('',#10567);
#10567 = AXIS2_PLACEMENT_3D('',#10568,#10569,#10570);
#10568 = CARTESIAN_POINT('',(7.747,-5.3085,-2.843));
#10569 = DIRECTION('',(3.120216255796E-16,-0.970142500145,
    -0.242535625036));
#10570 = DIRECTION('',(-7.800540639491E-17,0.242535625036,
    -0.970142500145));
#10571 = ADVANCED_FACE('',(#10572),#10583,.T.);
#10572 = FACE_BOUND('',#10573,.T.);
#10573 = EDGE_LOOP('',(#10574,#10580,#10581,#10582));
#10574 = ORIENTED_EDGE('',*,*,#10575,.T.);
#10575 = EDGE_CURVE('',#8992,#8898,#10576,.T.);
#10576 = LINE('',#10577,#10578);
#10577 = CARTESIAN_POINT('',(7.747,-4.8515,-2.843));
#10578 = VECTOR('',#10579,1.);
#10579 = DIRECTION('',(-1.,-3.216245299353E-16,0.));
#10580 = ORIENTED_EDGE('',*,*,#8897,.T.);
#10581 = ORIENTED_EDGE('',*,*,#9233,.F.);
#10582 = ORIENTED_EDGE('',*,*,#8991,.F.);
#10583 = PLANE('',#10584);
#10584 = AXIS2_PLACEMENT_3D('',#10585,#10586,#10587);
#10585 = CARTESIAN_POINT('',(7.747,-4.8515,-2.843));
#10586 = DIRECTION('',(-3.216245299353E-16,1.,0.));
#10587 = DIRECTION('',(0.,0.,1.));
#10588 = ADVANCED_FACE('',(#10589),#10600,.T.);
#10589 = FACE_BOUND('',#10590,.T.);
#10590 = EDGE_LOOP('',(#10591,#10592,#10593,#10599));
#10591 = ORIENTED_EDGE('',*,*,#10560,.T.);
#10592 = ORIENTED_EDGE('',*,*,#8913,.T.);
#10593 = ORIENTED_EDGE('',*,*,#10594,.F.);
#10594 = EDGE_CURVE('',#9000,#8906,#10595,.T.);
#10595 = LINE('',#10596,#10597);
#10596 = CARTESIAN_POINT('',(7.747,-4.96575,-3.3));
#10597 = VECTOR('',#10598,1.);
#10598 = DIRECTION('',(-1.,-3.216245299353E-16,0.));
#10599 = ORIENTED_EDGE('',*,*,#9007,.F.);
#10600 = PLANE('',#10601);
#10601 = AXIS2_PLACEMENT_3D('',#10602,#10603,#10604);
#10602 = CARTESIAN_POINT('',(7.747,-5.19425,-3.3));
#10603 = DIRECTION('',(-0.,0.,-1.));
#10604 = DIRECTION('',(-3.216245299353E-16,1.,0.));
#10605 = ADVANCED_FACE('',(#10606),#10612,.T.);
#10606 = FACE_BOUND('',#10607,.T.);
#10607 = EDGE_LOOP('',(#10608,#10609,#10610,#10611));
#10608 = ORIENTED_EDGE('',*,*,#10594,.T.);
#10609 = ORIENTED_EDGE('',*,*,#8905,.T.);
#10610 = ORIENTED_EDGE('',*,*,#10575,.F.);
#10611 = ORIENTED_EDGE('',*,*,#8999,.F.);
#10612 = PLANE('',#10613);
#10613 = AXIS2_PLACEMENT_3D('',#10614,#10615,#10616);
#10614 = CARTESIAN_POINT('',(7.747,-4.96575,-3.3));
#10615 = DIRECTION('',(-3.120216255796E-16,0.970142500145,
    -0.242535625036));
#10616 = DIRECTION('',(-7.800540639491E-17,0.242535625036,0.970142500145
    ));
#10617 = ADVANCED_FACE('',(#10618),#10629,.T.);
#10618 = FACE_BOUND('',#10619,.T.);
#10619 = EDGE_LOOP('',(#10620,#10621,#10622,#10628));
#10620 = ORIENTED_EDGE('',*,*,#9252,.T.);
#10621 = ORIENTED_EDGE('',*,*,#9093,.T.);
#10622 = ORIENTED_EDGE('',*,*,#10623,.F.);
#10623 = EDGE_CURVE('',#9173,#9086,#10624,.T.);
#10624 = LINE('',#10625,#10626);
#10625 = CARTESIAN_POINT('',(7.747,-2.7685,-2.843));
#10626 = VECTOR('',#10627,1.);
#10627 = DIRECTION('',(-1.,-3.216245299353E-16,0.));
#10628 = ORIENTED_EDGE('',*,*,#9180,.F.);
#10629 = PLANE('',#10630);
#10630 = AXIS2_PLACEMENT_3D('',#10631,#10632,#10633);
#10631 = CARTESIAN_POINT('',(7.747,-2.7685,0.));
#10632 = DIRECTION('',(3.216245299353E-16,-1.,0.));
#10633 = DIRECTION('',(0.,0.,-1.));
#10634 = ADVANCED_FACE('',(#10635),#10646,.T.);
#10635 = FACE_BOUND('',#10636,.T.);
#10636 = EDGE_LOOP('',(#10637,#10638,#10639,#10645));
#10637 = ORIENTED_EDGE('',*,*,#10623,.T.);
#10638 = ORIENTED_EDGE('',*,*,#9085,.T.);
#10639 = ORIENTED_EDGE('',*,*,#10640,.F.);
#10640 = EDGE_CURVE('',#9165,#9078,#10641,.T.);
#10641 = LINE('',#10642,#10643);
#10642 = CARTESIAN_POINT('',(7.747,-2.65425,-3.3));
#10643 = VECTOR('',#10644,1.);
#10644 = DIRECTION('',(-1.,-3.216245299353E-16,0.));
#10645 = ORIENTED_EDGE('',*,*,#9172,.F.);
#10646 = PLANE('',#10647);
#10647 = AXIS2_PLACEMENT_3D('',#10648,#10649,#10650);
#10648 = CARTESIAN_POINT('',(7.747,-2.7685,-2.843));
#10649 = DIRECTION('',(3.120216255796E-16,-0.970142500145,
    -0.242535625036));
#10650 = DIRECTION('',(-7.800540639491E-17,0.242535625036,
    -0.970142500145));
#10651 = ADVANCED_FACE('',(#10652),#10663,.T.);
#10652 = FACE_BOUND('',#10653,.T.);
#10653 = EDGE_LOOP('',(#10654,#10660,#10661,#10662));
#10654 = ORIENTED_EDGE('',*,*,#10655,.T.);
#10655 = EDGE_CURVE('',#9149,#9062,#10656,.T.);
#10656 = LINE('',#10657,#10658);
#10657 = CARTESIAN_POINT('',(7.747,-2.3115,-2.843));
#10658 = VECTOR('',#10659,1.);
#10659 = DIRECTION('',(-1.,-3.216245299353E-16,0.));
#10660 = ORIENTED_EDGE('',*,*,#9061,.T.);
#10661 = ORIENTED_EDGE('',*,*,#9115,.F.);
#10662 = ORIENTED_EDGE('',*,*,#9148,.F.);
#10663 = PLANE('',#10664);
#10664 = AXIS2_PLACEMENT_3D('',#10665,#10666,#10667);
#10665 = CARTESIAN_POINT('',(7.747,-2.3115,-2.843));
#10666 = DIRECTION('',(-3.216245299353E-16,1.,0.));
#10667 = DIRECTION('',(0.,0.,1.));
#10668 = ADVANCED_FACE('',(#10669),#10680,.T.);
#10669 = FACE_BOUND('',#10670,.T.);
#10670 = EDGE_LOOP('',(#10671,#10672,#10673,#10679));
#10671 = ORIENTED_EDGE('',*,*,#10640,.T.);
#10672 = ORIENTED_EDGE('',*,*,#9077,.T.);
#10673 = ORIENTED_EDGE('',*,*,#10674,.F.);
#10674 = EDGE_CURVE('',#9157,#9070,#10675,.T.);
#10675 = LINE('',#10676,#10677);
#10676 = CARTESIAN_POINT('',(7.747,-2.42575,-3.3));
#10677 = VECTOR('',#10678,1.);
#10678 = DIRECTION('',(-1.,-3.216245299353E-16,0.));
#10679 = ORIENTED_EDGE('',*,*,#9164,.F.);
#10680 = PLANE('',#10681);
#10681 = AXIS2_PLACEMENT_3D('',#10682,#10683,#10684);
#10682 = CARTESIAN_POINT('',(7.747,-2.65425,-3.3));
#10683 = DIRECTION('',(-0.,0.,-1.));
#10684 = DIRECTION('',(-3.216245299353E-16,1.,0.));
#10685 = ADVANCED_FACE('',(#10686),#10692,.T.);
#10686 = FACE_BOUND('',#10687,.T.);
#10687 = EDGE_LOOP('',(#10688,#10689,#10690,#10691));
#10688 = ORIENTED_EDGE('',*,*,#10674,.T.);
#10689 = ORIENTED_EDGE('',*,*,#9069,.T.);
#10690 = ORIENTED_EDGE('',*,*,#10655,.F.);
#10691 = ORIENTED_EDGE('',*,*,#9156,.F.);
#10692 = PLANE('',#10693);
#10693 = AXIS2_PLACEMENT_3D('',#10694,#10695,#10696);
#10694 = CARTESIAN_POINT('',(7.747,-2.42575,-3.3));
#10695 = DIRECTION('',(-3.120216255796E-16,0.970142500145,
    -0.242535625036));
#10696 = DIRECTION('',(-7.800540639491E-17,0.242535625036,0.970142500145
    ));
#10697 = ADVANCED_FACE('',(#10698),#10720,.F.);
#10698 = FACE_BOUND('',#10699,.F.);
#10699 = EDGE_LOOP('',(#10700,#10701,#10710,#10717,#10718,#10719));
#10700 = ORIENTED_EDGE('',*,*,#9284,.F.);
#10701 = ORIENTED_EDGE('',*,*,#10702,.F.);
#10702 = EDGE_CURVE('',#10703,#9285,#10705,.T.);
#10703 = VERTEX_POINT('',#10704);
#10704 = CARTESIAN_POINT('',(3.81,-0.248723643423,3.18));
#10705 = CIRCLE('',#10706,0.75);
#10706 = AXIS2_PLACEMENT_3D('',#10707,#10708,#10709);
#10707 = CARTESIAN_POINT('',(3.81,0.501276356577,3.18));
#10708 = DIRECTION('',(0.,-0.,-1.));
#10709 = DIRECTION('',(4.440892098501E-16,-1.,0.));
#10710 = ORIENTED_EDGE('',*,*,#10711,.F.);
#10711 = EDGE_CURVE('',#9391,#10703,#10712,.T.);
#10712 = CIRCLE('',#10713,0.75);
#10713 = AXIS2_PLACEMENT_3D('',#10714,#10715,#10716);
#10714 = CARTESIAN_POINT('',(3.81,0.501276356577,3.18));
#10715 = DIRECTION('',(0.,-0.,-1.));
#10716 = DIRECTION('',(4.440892098501E-16,-1.,0.));
#10717 = ORIENTED_EDGE('',*,*,#9496,.T.);
#10718 = ORIENTED_EDGE('',*,*,#10433,.T.);
#10719 = ORIENTED_EDGE('',*,*,#10424,.T.);
#10720 = CYLINDRICAL_SURFACE('',#10721,0.75);
#10721 = AXIS2_PLACEMENT_3D('',#10722,#10723,#10724);
#10722 = CARTESIAN_POINT('',(3.81,0.501276356577,3.68));
#10723 = DIRECTION('',(-0.,0.,-1.));
#10724 = DIRECTION('',(4.440892098501E-16,-1.,-0.));
#10725 = ADVANCED_FACE('',(#10726),#10731,.F.);
#10726 = FACE_BOUND('',#10727,.F.);
#10727 = EDGE_LOOP('',(#10728,#10729,#10730));
#10728 = ORIENTED_EDGE('',*,*,#10711,.T.);
#10729 = ORIENTED_EDGE('',*,*,#10702,.T.);
#10730 = ORIENTED_EDGE('',*,*,#9390,.T.);
#10731 = PLANE('',#10732);
#10732 = AXIS2_PLACEMENT_3D('',#10733,#10734,#10735);
#10733 = CARTESIAN_POINT('',(3.81,0.501276356577,3.18));
#10734 = DIRECTION('',(-0.,0.,-1.));
#10735 = DIRECTION('',(4.440892098501E-16,-1.,-0.));
#10736 = ADVANCED_FACE('',(#10737),#10748,.T.);
#10737 = FACE_BOUND('',#10738,.T.);
#10738 = EDGE_LOOP('',(#10739,#10740,#10741,#10747));
#10739 = ORIENTED_EDGE('',*,*,#9737,.T.);
#10740 = ORIENTED_EDGE('',*,*,#9713,.T.);
#10741 = ORIENTED_EDGE('',*,*,#10742,.F.);
#10742 = EDGE_CURVE('',#9784,#9706,#10743,.T.);
#10743 = LINE('',#10744,#10745);
#10744 = CARTESIAN_POINT('',(-0.127,-0.11425,-3.3));
#10745 = VECTOR('',#10746,1.);
#10746 = DIRECTION('',(1.,4.440892098501E-16,0.));
#10747 = ORIENTED_EDGE('',*,*,#9791,.F.);
#10748 = PLANE('',#10749);
#10749 = AXIS2_PLACEMENT_3D('',#10750,#10751,#10752);
#10750 = CARTESIAN_POINT('',(-0.127,0.11425,-3.3));
#10751 = DIRECTION('',(0.,0.,-1.));
#10752 = DIRECTION('',(4.440892098501E-16,-1.,0.));
#10753 = ADVANCED_FACE('',(#10754),#10765,.T.);
#10754 = FACE_BOUND('',#10755,.T.);
#10755 = EDGE_LOOP('',(#10756,#10757,#10758,#10764));
#10756 = ORIENTED_EDGE('',*,*,#10742,.T.);
#10757 = ORIENTED_EDGE('',*,*,#9705,.T.);
#10758 = ORIENTED_EDGE('',*,*,#10759,.F.);
#10759 = EDGE_CURVE('',#9776,#9698,#10760,.T.);
#10760 = LINE('',#10761,#10762);
#10761 = CARTESIAN_POINT('',(-0.127,-0.2285,-2.843));
#10762 = VECTOR('',#10763,1.);
#10763 = DIRECTION('',(1.,4.440892098501E-16,0.));
#10764 = ORIENTED_EDGE('',*,*,#9783,.F.);
#10765 = PLANE('',#10766);
#10766 = AXIS2_PLACEMENT_3D('',#10767,#10768,#10769);
#10767 = CARTESIAN_POINT('',(-0.127,-0.11425,-3.3));
#10768 = DIRECTION('',(4.308298163317E-16,-0.970142500145,
    -0.242535625036));
#10769 = DIRECTION('',(1.077074540829E-16,-0.242535625036,0.970142500145
    ));
#10770 = ADVANCED_FACE('',(#10771),#10777,.T.);
#10771 = FACE_BOUND('',#10772,.T.);
#10772 = EDGE_LOOP('',(#10773,#10774,#10775,#10776));
#10773 = ORIENTED_EDGE('',*,*,#10759,.T.);
#10774 = ORIENTED_EDGE('',*,*,#9697,.T.);
#10775 = ORIENTED_EDGE('',*,*,#9969,.F.);
#10776 = ORIENTED_EDGE('',*,*,#9775,.F.);
#10777 = PLANE('',#10778);
#10778 = AXIS2_PLACEMENT_3D('',#10779,#10780,#10781);
#10779 = CARTESIAN_POINT('',(-0.127,-0.2285,-2.843));
#10780 = DIRECTION('',(4.440892098501E-16,-1.,0.));
#10781 = DIRECTION('',(0.,0.,1.));
#10782 = ADVANCED_FACE('',(#10783),#10794,.F.);
#10783 = FACE_BOUND('',#10784,.F.);
#10784 = EDGE_LOOP('',(#10785,#10786,#10787,#10793));
#10785 = ORIENTED_EDGE('',*,*,#9881,.T.);
#10786 = ORIENTED_EDGE('',*,*,#9923,.T.);
#10787 = ORIENTED_EDGE('',*,*,#10788,.F.);
#10788 = EDGE_CURVE('',#9843,#9916,#10789,.T.);
#10789 = LINE('',#10790,#10791);
#10790 = CARTESIAN_POINT('',(-0.127,-7.50575,-3.3));
#10791 = VECTOR('',#10792,1.);
#10792 = DIRECTION('',(1.,4.440892098501E-16,0.));
#10793 = ORIENTED_EDGE('',*,*,#9850,.F.);
#10794 = PLANE('',#10795);
#10795 = AXIS2_PLACEMENT_3D('',#10796,#10797,#10798);
#10796 = CARTESIAN_POINT('',(-0.127,-7.73425,-3.3));
#10797 = DIRECTION('',(0.,0.,1.));
#10798 = DIRECTION('',(-4.440892098501E-16,1.,0.));
#10799 = ADVANCED_FACE('',(#10800),#10811,.F.);
#10800 = FACE_BOUND('',#10801,.F.);
#10801 = EDGE_LOOP('',(#10802,#10803,#10804,#10810));
#10802 = ORIENTED_EDGE('',*,*,#10788,.T.);
#10803 = ORIENTED_EDGE('',*,*,#9915,.T.);
#10804 = ORIENTED_EDGE('',*,*,#10805,.F.);
#10805 = EDGE_CURVE('',#9835,#9908,#10806,.T.);
#10806 = LINE('',#10807,#10808);
#10807 = CARTESIAN_POINT('',(-0.127,-7.3915,-2.843));
#10808 = VECTOR('',#10809,1.);
#10809 = DIRECTION('',(1.,4.440892098501E-16,0.));
#10810 = ORIENTED_EDGE('',*,*,#9842,.F.);
#10811 = PLANE('',#10812);
#10812 = AXIS2_PLACEMENT_3D('',#10813,#10814,#10815);
#10813 = CARTESIAN_POINT('',(-0.127,-7.50575,-3.3));
#10814 = DIRECTION('',(4.308298163317E-16,-0.970142500145,0.242535625036
    ));
#10815 = DIRECTION('',(-1.077074540829E-16,0.242535625036,0.970142500145
    ));
#10816 = ADVANCED_FACE('',(#10817),#10823,.F.);
#10817 = FACE_BOUND('',#10818,.F.);
#10818 = EDGE_LOOP('',(#10819,#10820,#10821,#10822));
#10819 = ORIENTED_EDGE('',*,*,#10805,.T.);
#10820 = ORIENTED_EDGE('',*,*,#9907,.T.);
#10821 = ORIENTED_EDGE('',*,*,#9986,.F.);
#10822 = ORIENTED_EDGE('',*,*,#9834,.F.);
#10823 = PLANE('',#10824);
#10824 = AXIS2_PLACEMENT_3D('',#10825,#10826,#10827);
#10825 = CARTESIAN_POINT('',(-0.127,-7.3915,-2.843));
#10826 = DIRECTION('',(4.440892098501E-16,-1.,0.));
#10827 = DIRECTION('',(0.,0.,1.));
#10828 = ADVANCED_FACE('',(#10829),#10840,.T.);
#10829 = FACE_BOUND('',#10830,.T.);
#10830 = EDGE_LOOP('',(#10831,#10832,#10833,#10839));
#10831 = ORIENTED_EDGE('',*,*,#10113,.T.);
#10832 = ORIENTED_EDGE('',*,*,#10171,.T.);
#10833 = ORIENTED_EDGE('',*,*,#10834,.F.);
#10834 = EDGE_CURVE('',#10075,#10164,#10835,.T.);
#10835 = LINE('',#10836,#10837);
#10836 = CARTESIAN_POINT('',(-0.127,-2.3115,-2.843));
#10837 = VECTOR('',#10838,1.);
#10838 = DIRECTION('',(1.,4.440892098501E-16,0.));
#10839 = ORIENTED_EDGE('',*,*,#10082,.F.);
#10840 = PLANE('',#10841);
#10841 = AXIS2_PLACEMENT_3D('',#10842,#10843,#10844);
#10842 = CARTESIAN_POINT('',(-0.127,-2.3115,0.));
#10843 = DIRECTION('',(-4.440892098501E-16,1.,0.));
#10844 = DIRECTION('',(0.,0.,-1.));
#10845 = ADVANCED_FACE('',(#10846),#10857,.T.);
#10846 = FACE_BOUND('',#10847,.T.);
#10847 = EDGE_LOOP('',(#10848,#10849,#10850,#10856));
#10848 = ORIENTED_EDGE('',*,*,#10834,.T.);
#10849 = ORIENTED_EDGE('',*,*,#10163,.T.);
#10850 = ORIENTED_EDGE('',*,*,#10851,.F.);
#10851 = EDGE_CURVE('',#10067,#10156,#10852,.T.);
#10852 = LINE('',#10853,#10854);
#10853 = CARTESIAN_POINT('',(-0.127,-2.42575,-3.3));
#10854 = VECTOR('',#10855,1.);
#10855 = DIRECTION('',(1.,4.440892098501E-16,0.));
#10856 = ORIENTED_EDGE('',*,*,#10074,.F.);
#10857 = PLANE('',#10858);
#10858 = AXIS2_PLACEMENT_3D('',#10859,#10860,#10861);
#10859 = CARTESIAN_POINT('',(-0.127,-2.3115,-2.843));
#10860 = DIRECTION('',(-4.308298163317E-16,0.970142500145,
    -0.242535625036));
#10861 = DIRECTION('',(1.077074540829E-16,-0.242535625036,
    -0.970142500145));
#10862 = ADVANCED_FACE('',(#10863),#10874,.T.);
#10863 = FACE_BOUND('',#10864,.T.);
#10864 = EDGE_LOOP('',(#10865,#10871,#10872,#10873));
#10865 = ORIENTED_EDGE('',*,*,#10866,.T.);
#10866 = EDGE_CURVE('',#10051,#10140,#10867,.T.);
#10867 = LINE('',#10868,#10869);
#10868 = CARTESIAN_POINT('',(-0.127,-2.7685,-2.843));
#10869 = VECTOR('',#10870,1.);
#10870 = DIRECTION('',(1.,4.440892098501E-16,0.));
#10871 = ORIENTED_EDGE('',*,*,#10139,.T.);
#10872 = ORIENTED_EDGE('',*,*,#10369,.F.);
#10873 = ORIENTED_EDGE('',*,*,#10050,.F.);
#10874 = PLANE('',#10875);
#10875 = AXIS2_PLACEMENT_3D('',#10876,#10877,#10878);
#10876 = CARTESIAN_POINT('',(-0.127,-2.7685,-2.843));
#10877 = DIRECTION('',(4.440892098501E-16,-1.,0.));
#10878 = DIRECTION('',(0.,0.,1.));
#10879 = ADVANCED_FACE('',(#10880),#10891,.T.);
#10880 = FACE_BOUND('',#10881,.T.);
#10881 = EDGE_LOOP('',(#10882,#10883,#10884,#10890));
#10882 = ORIENTED_EDGE('',*,*,#10851,.T.);
#10883 = ORIENTED_EDGE('',*,*,#10155,.T.);
#10884 = ORIENTED_EDGE('',*,*,#10885,.F.);
#10885 = EDGE_CURVE('',#10059,#10148,#10886,.T.);
#10886 = LINE('',#10887,#10888);
#10887 = CARTESIAN_POINT('',(-0.127,-2.65425,-3.3));
#10888 = VECTOR('',#10889,1.);
#10889 = DIRECTION('',(1.,4.440892098501E-16,0.));
#10890 = ORIENTED_EDGE('',*,*,#10066,.F.);
#10891 = PLANE('',#10892);
#10892 = AXIS2_PLACEMENT_3D('',#10893,#10894,#10895);
#10893 = CARTESIAN_POINT('',(-0.127,-2.42575,-3.3));
#10894 = DIRECTION('',(0.,0.,-1.));
#10895 = DIRECTION('',(4.440892098501E-16,-1.,0.));
#10896 = ADVANCED_FACE('',(#10897),#10903,.T.);
#10897 = FACE_BOUND('',#10898,.T.);
#10898 = EDGE_LOOP('',(#10899,#10900,#10901,#10902));
#10899 = ORIENTED_EDGE('',*,*,#10885,.T.);
#10900 = ORIENTED_EDGE('',*,*,#10147,.T.);
#10901 = ORIENTED_EDGE('',*,*,#10866,.F.);
#10902 = ORIENTED_EDGE('',*,*,#10058,.F.);
#10903 = PLANE('',#10904);
#10904 = AXIS2_PLACEMENT_3D('',#10905,#10906,#10907);
#10905 = CARTESIAN_POINT('',(-0.127,-2.65425,-3.3));
#10906 = DIRECTION('',(4.308298163317E-16,-0.970142500145,
    -0.242535625036));
#10907 = DIRECTION('',(1.077074540829E-16,-0.242535625036,0.970142500145
    ));
#10908 = ADVANCED_FACE('',(#10909),#10920,.T.);
#10909 = FACE_BOUND('',#10910,.T.);
#10910 = EDGE_LOOP('',(#10911,#10912,#10913,#10919));
#10911 = ORIENTED_EDGE('',*,*,#10388,.T.);
#10912 = ORIENTED_EDGE('',*,*,#10333,.T.);
#10913 = ORIENTED_EDGE('',*,*,#10914,.F.);
#10914 = EDGE_CURVE('',#10244,#10326,#10915,.T.);
#10915 = LINE('',#10916,#10917);
#10916 = CARTESIAN_POINT('',(-0.127,-4.8515,-2.843));
#10917 = VECTOR('',#10918,1.);
#10918 = DIRECTION('',(1.,4.440892098501E-16,0.));
#10919 = ORIENTED_EDGE('',*,*,#10251,.F.);
#10920 = PLANE('',#10921);
#10921 = AXIS2_PLACEMENT_3D('',#10922,#10923,#10924);
#10922 = CARTESIAN_POINT('',(-0.127,-4.8515,0.));
#10923 = DIRECTION('',(-4.440892098501E-16,1.,0.));
#10924 = DIRECTION('',(0.,0.,-1.));
#10925 = ADVANCED_FACE('',(#10926),#10937,.T.);
#10926 = FACE_BOUND('',#10927,.T.);
#10927 = EDGE_LOOP('',(#10928,#10929,#10930,#10936));
#10928 = ORIENTED_EDGE('',*,*,#10914,.T.);
#10929 = ORIENTED_EDGE('',*,*,#10325,.T.);
#10930 = ORIENTED_EDGE('',*,*,#10931,.F.);
#10931 = EDGE_CURVE('',#10236,#10318,#10932,.T.);
#10932 = LINE('',#10933,#10934);
#10933 = CARTESIAN_POINT('',(-0.127,-4.96575,-3.3));
#10934 = VECTOR('',#10935,1.);
#10935 = DIRECTION('',(1.,4.440892098501E-16,0.));
#10936 = ORIENTED_EDGE('',*,*,#10243,.F.);
#10937 = PLANE('',#10938);
#10938 = AXIS2_PLACEMENT_3D('',#10939,#10940,#10941);
#10939 = CARTESIAN_POINT('',(-0.127,-4.8515,-2.843));
#10940 = DIRECTION('',(-4.308298163317E-16,0.970142500145,
    -0.242535625036));
#10941 = DIRECTION('',(1.077074540829E-16,-0.242535625036,
    -0.970142500145));
#10942 = ADVANCED_FACE('',(#10943),#10954,.T.);
#10943 = FACE_BOUND('',#10944,.T.);
#10944 = EDGE_LOOP('',(#10945,#10951,#10952,#10953));
#10945 = ORIENTED_EDGE('',*,*,#10946,.T.);
#10946 = EDGE_CURVE('',#10220,#10302,#10947,.T.);
#10947 = LINE('',#10948,#10949);
#10948 = CARTESIAN_POINT('',(-0.127,-5.3085,-2.843));
#10949 = VECTOR('',#10950,1.);
#10950 = DIRECTION('',(1.,4.440892098501E-16,0.));
#10951 = ORIENTED_EDGE('',*,*,#10301,.T.);
#10952 = ORIENTED_EDGE('',*,*,#10273,.F.);
#10953 = ORIENTED_EDGE('',*,*,#10219,.F.);
#10954 = PLANE('',#10955);
#10955 = AXIS2_PLACEMENT_3D('',#10956,#10957,#10958);
#10956 = CARTESIAN_POINT('',(-0.127,-5.3085,-2.843));
#10957 = DIRECTION('',(4.440892098501E-16,-1.,0.));
#10958 = DIRECTION('',(0.,0.,1.));
#10959 = ADVANCED_FACE('',(#10960),#10971,.T.);
#10960 = FACE_BOUND('',#10961,.T.);
#10961 = EDGE_LOOP('',(#10962,#10963,#10964,#10970));
#10962 = ORIENTED_EDGE('',*,*,#10931,.T.);
#10963 = ORIENTED_EDGE('',*,*,#10317,.T.);
#10964 = ORIENTED_EDGE('',*,*,#10965,.F.);
#10965 = EDGE_CURVE('',#10228,#10310,#10966,.T.);
#10966 = LINE('',#10967,#10968);
#10967 = CARTESIAN_POINT('',(-0.127,-5.19425,-3.3));
#10968 = VECTOR('',#10969,1.);
#10969 = DIRECTION('',(1.,4.440892098501E-16,0.));
#10970 = ORIENTED_EDGE('',*,*,#10235,.F.);
#10971 = PLANE('',#10972);
#10972 = AXIS2_PLACEMENT_3D('',#10973,#10974,#10975);
#10973 = CARTESIAN_POINT('',(-0.127,-4.96575,-3.3));
#10974 = DIRECTION('',(0.,0.,-1.));
#10975 = DIRECTION('',(4.440892098501E-16,-1.,0.));
#10976 = ADVANCED_FACE('',(#10977),#10983,.T.);
#10977 = FACE_BOUND('',#10978,.T.);
#10978 = EDGE_LOOP('',(#10979,#10980,#10981,#10982));
#10979 = ORIENTED_EDGE('',*,*,#10965,.T.);
#10980 = ORIENTED_EDGE('',*,*,#10309,.T.);
#10981 = ORIENTED_EDGE('',*,*,#10946,.F.);
#10982 = ORIENTED_EDGE('',*,*,#10227,.F.);
#10983 = PLANE('',#10984);
#10984 = AXIS2_PLACEMENT_3D('',#10985,#10986,#10987);
#10985 = CARTESIAN_POINT('',(-0.127,-5.19425,-3.3));
#10986 = DIRECTION('',(4.308298163317E-16,-0.970142500145,
    -0.242535625036));
#10987 = DIRECTION('',(1.077074540829E-16,-0.242535625036,0.970142500145
    ));
#10988 = ( GEOMETRIC_REPRESENTATION_CONTEXT(3) 
GLOBAL_UNCERTAINTY_ASSIGNED_CONTEXT((#10992)) 
GLOBAL_UNIT_ASSIGNED_CONTEXT((#10989,#10990,#10991)) 
REPRESENTATION_CONTEXT('Context #1',
  '3D Context with UNIT and UNCERTAINTY') );
#10989 = ( LENGTH_UNIT() NAMED_UNIT(*) SI_UNIT(.MILLI.,.METRE.) );
#10990 = ( NAMED_UNIT(*) PLANE_ANGLE_UNIT() SI_UNIT($,.RADIAN.) );
#10991 = ( NAMED_UNIT(*) SI_UNIT($,.STERADIAN.) SOLID_ANGLE_UNIT() );
#10992 = UNCERTAINTY_MEASURE_WITH_UNIT(LENGTH_MEASURE(1.E-06),#10989,
  'distance_accuracy_value','confusion accuracy');
#10993 = CONTEXT_DEPENDENT_SHAPE_REPRESENTATION(#10994,#10996);
#10994 = ( REPRESENTATION_RELATIONSHIP('','',#6215,#10) 
REPRESENTATION_RELATIONSHIP_WITH_TRANSFORMATION(#10995) 
SHAPE_REPRESENTATION_RELATIONSHIP() );
#10995 = ITEM_DEFINED_TRANSFORMATION('','',#11,#55);
#10996 = PRODUCT_DEFINITION_SHAPE('Placement','Placement of an item',
  #10997);
#10997 = NEXT_ASSEMBLY_USAGE_OCCURRENCE('11','U3','',#5,#6210,$);
#10998 = PRODUCT_RELATED_PRODUCT_CATEGORY('part',$,(#6212));
#10999 = CONTEXT_DEPENDENT_SHAPE_REPRESENTATION(#11000,#11002);
#11000 = ( REPRESENTATION_RELATIONSHIP('','',#4057,#10) 
REPRESENTATION_RELATIONSHIP_WITH_TRANSFORMATION(#11001) 
SHAPE_REPRESENTATION_RELATIONSHIP() );
#11001 = ITEM_DEFINED_TRANSFORMATION('','',#11,#59);
#11002 = PRODUCT_DEFINITION_SHAPE('Placement','Placement of an item',
  #11003);
#11003 = NEXT_ASSEMBLY_USAGE_OCCURRENCE('12','SW1','',#5,#4052,$);
#11004 = CONTEXT_DEPENDENT_SHAPE_REPRESENTATION(#11005,#11007);
#11005 = ( REPRESENTATION_RELATIONSHIP('','',#1932,#10) 
REPRESENTATION_RELATIONSHIP_WITH_TRANSFORMATION(#11006) 
SHAPE_REPRESENTATION_RELATIONSHIP() );
#11006 = ITEM_DEFINED_TRANSFORMATION('','',#11,#63);
#11007 = PRODUCT_DEFINITION_SHAPE('Placement','Placement of an item',
  #11008);
#11008 = NEXT_ASSEMBLY_USAGE_OCCURRENCE('13','RV1','',#5,#1927,$);
#11009 = SHAPE_DEFINITION_REPRESENTATION(#11010,#11016);
#11010 = PRODUCT_DEFINITION_SHAPE('','',#11011);
#11011 = PRODUCT_DEFINITION('design','',#11012,#11015);
#11012 = PRODUCT_DEFINITION_FORMATION('','',#11013);
#11013 = PRODUCT('radiopcb_PCB','radiopcb_PCB','',(#11014));
#11014 = PRODUCT_CONTEXT('',#2,'mechanical');
#11015 = PRODUCT_DEFINITION_CONTEXT('part definition',#2,'design');
#11016 = ADVANCED_BREP_SHAPE_REPRESENTATION('',(#11,#11017),#13759);
#11017 = MANIFOLD_SOLID_BREP('',#11018);
#11018 = CLOSED_SHELL('',(#11019,#11059,#11090,#11121,#11856,#12591,
    #12608,#12625,#12637,#12654,#12671,#12688,#12705,#12722,#12739,
    #12756,#12773,#12790,#12807,#12824,#12841,#12858,#12875,#12892,
    #12909,#12926,#12948,#12965,#12982,#12994,#13011,#13028,#13045,
    #13062,#13079,#13096,#13113,#13130,#13147,#13164,#13181,#13198,
    #13215,#13232,#13249,#13266,#13283,#13300,#13317,#13334,#13351,
    #13368,#13385,#13402,#13419,#13436,#13458,#13475,#13492,#13504,
    #13526,#13543,#13560,#13572,#13589,#13606,#13623,#13640,#13657,
    #13674,#13691,#13708,#13725,#13742));
#11019 = ADVANCED_FACE('',(#11020),#11054,.T.);
#11020 = FACE_BOUND('',#11021,.T.);
#11021 = EDGE_LOOP('',(#11022,#11032,#11040,#11048));
#11022 = ORIENTED_EDGE('',*,*,#11023,.T.);
#11023 = EDGE_CURVE('',#11024,#11026,#11028,.T.);
#11024 = VERTEX_POINT('',#11025);
#11025 = CARTESIAN_POINT('',(217.,-108.5,0.));
#11026 = VERTEX_POINT('',#11027);
#11027 = CARTESIAN_POINT('',(217.,-108.5,1.51));
#11028 = LINE('',#11029,#11030);
#11029 = CARTESIAN_POINT('',(217.,-108.5,0.));
#11030 = VECTOR('',#11031,1.);
#11031 = DIRECTION('',(0.,0.,1.));
#11032 = ORIENTED_EDGE('',*,*,#11033,.T.);
#11033 = EDGE_CURVE('',#11026,#11034,#11036,.T.);
#11034 = VERTEX_POINT('',#11035);
#11035 = CARTESIAN_POINT('',(138.5,-108.5,1.51));
#11036 = LINE('',#11037,#11038);
#11037 = CARTESIAN_POINT('',(217.,-108.5,1.51));
#11038 = VECTOR('',#11039,1.);
#11039 = DIRECTION('',(-1.,0.,0.));
#11040 = ORIENTED_EDGE('',*,*,#11041,.F.);
#11041 = EDGE_CURVE('',#11042,#11034,#11044,.T.);
#11042 = VERTEX_POINT('',#11043);
#11043 = CARTESIAN_POINT('',(138.5,-108.5,0.));
#11044 = LINE('',#11045,#11046);
#11045 = CARTESIAN_POINT('',(138.5,-108.5,0.));
#11046 = VECTOR('',#11047,1.);
#11047 = DIRECTION('',(0.,0.,1.));
#11048 = ORIENTED_EDGE('',*,*,#11049,.F.);
#11049 = EDGE_CURVE('',#11024,#11042,#11050,.T.);
#11050 = LINE('',#11051,#11052);
#11051 = CARTESIAN_POINT('',(217.,-108.5,0.));
#11052 = VECTOR('',#11053,1.);
#11053 = DIRECTION('',(-1.,0.,0.));
#11054 = PLANE('',#11055);
#11055 = AXIS2_PLACEMENT_3D('',#11056,#11057,#11058);
#11056 = CARTESIAN_POINT('',(217.,-108.5,0.));
#11057 = DIRECTION('',(0.,-1.,0.));
#11058 = DIRECTION('',(-1.,0.,0.));
#11059 = ADVANCED_FACE('',(#11060),#11085,.T.);
#11060 = FACE_BOUND('',#11061,.T.);
#11061 = EDGE_LOOP('',(#11062,#11072,#11078,#11079));
#11062 = ORIENTED_EDGE('',*,*,#11063,.T.);
#11063 = EDGE_CURVE('',#11064,#11066,#11068,.T.);
#11064 = VERTEX_POINT('',#11065);
#11065 = CARTESIAN_POINT('',(217.,-71.,0.));
#11066 = VERTEX_POINT('',#11067);
#11067 = CARTESIAN_POINT('',(217.,-71.,1.51));
#11068 = LINE('',#11069,#11070);
#11069 = CARTESIAN_POINT('',(217.,-71.,0.));
#11070 = VECTOR('',#11071,1.);
#11071 = DIRECTION('',(0.,0.,1.));
#11072 = ORIENTED_EDGE('',*,*,#11073,.T.);
#11073 = EDGE_CURVE('',#11066,#11026,#11074,.T.);
#11074 = LINE('',#11075,#11076);
#11075 = CARTESIAN_POINT('',(217.,-71.,1.51));
#11076 = VECTOR('',#11077,1.);
#11077 = DIRECTION('',(0.,-1.,0.));
#11078 = ORIENTED_EDGE('',*,*,#11023,.F.);
#11079 = ORIENTED_EDGE('',*,*,#11080,.F.);
#11080 = EDGE_CURVE('',#11064,#11024,#11081,.T.);
#11081 = LINE('',#11082,#11083);
#11082 = CARTESIAN_POINT('',(217.,-71.,0.));
#11083 = VECTOR('',#11084,1.);
#11084 = DIRECTION('',(0.,-1.,0.));
#11085 = PLANE('',#11086);
#11086 = AXIS2_PLACEMENT_3D('',#11087,#11088,#11089);
#11087 = CARTESIAN_POINT('',(217.,-71.,0.));
#11088 = DIRECTION('',(1.,0.,-0.));
#11089 = DIRECTION('',(0.,-1.,0.));
#11090 = ADVANCED_FACE('',(#11091),#11116,.T.);
#11091 = FACE_BOUND('',#11092,.T.);
#11092 = EDGE_LOOP('',(#11093,#11094,#11102,#11110));
#11093 = ORIENTED_EDGE('',*,*,#11041,.T.);
#11094 = ORIENTED_EDGE('',*,*,#11095,.T.);
#11095 = EDGE_CURVE('',#11034,#11096,#11098,.T.);
#11096 = VERTEX_POINT('',#11097);
#11097 = CARTESIAN_POINT('',(138.5,-73.5,1.51));
#11098 = LINE('',#11099,#11100);
#11099 = CARTESIAN_POINT('',(138.5,-108.5,1.51));
#11100 = VECTOR('',#11101,1.);
#11101 = DIRECTION('',(0.,1.,0.));
#11102 = ORIENTED_EDGE('',*,*,#11103,.F.);
#11103 = EDGE_CURVE('',#11104,#11096,#11106,.T.);
#11104 = VERTEX_POINT('',#11105);
#11105 = CARTESIAN_POINT('',(138.5,-73.5,0.));
#11106 = LINE('',#11107,#11108);
#11107 = CARTESIAN_POINT('',(138.5,-73.5,0.));
#11108 = VECTOR('',#11109,1.);
#11109 = DIRECTION('',(0.,0.,1.));
#11110 = ORIENTED_EDGE('',*,*,#11111,.F.);
#11111 = EDGE_CURVE('',#11042,#11104,#11112,.T.);
#11112 = LINE('',#11113,#11114);
#11113 = CARTESIAN_POINT('',(138.5,-108.5,0.));
#11114 = VECTOR('',#11115,1.);
#11115 = DIRECTION('',(0.,1.,0.));
#11116 = PLANE('',#11117);
#11117 = AXIS2_PLACEMENT_3D('',#11118,#11119,#11120);
#11118 = CARTESIAN_POINT('',(138.5,-108.5,0.));
#11119 = DIRECTION('',(-1.,0.,0.));
#11120 = DIRECTION('',(0.,1.,0.));
#11121 = ADVANCED_FACE('',(#11122,#11149,#11160,#11171,#11182,#11193,
    #11204,#11215,#11226,#11237,#11248,#11259,#11270,#11281,#11292,
    #11303,#11314,#11325,#11336,#11372,#11383,#11394,#11405,#11416,
    #11427,#11438,#11449,#11460,#11471,#11482,#11493,#11504,#11515,
    #11526,#11537,#11548,#11559,#11570,#11581,#11592,#11603,#11614,
    #11625,#11636,#11647,#11658,#11694,#11730,#11741,#11752,#11763,
    #11774,#11785,#11796,#11807,#11818,#11829,#11840),#11851,.F.);
#11122 = FACE_BOUND('',#11123,.F.);
#11123 = EDGE_LOOP('',(#11124,#11125,#11126,#11134,#11142,#11148));
#11124 = ORIENTED_EDGE('',*,*,#11049,.F.);
#11125 = ORIENTED_EDGE('',*,*,#11080,.F.);
#11126 = ORIENTED_EDGE('',*,*,#11127,.F.);
#11127 = EDGE_CURVE('',#11128,#11064,#11130,.T.);
#11128 = VERTEX_POINT('',#11129);
#11129 = CARTESIAN_POINT('',(139.,-71.,0.));
#11130 = LINE('',#11131,#11132);
#11131 = CARTESIAN_POINT('',(139.,-71.,0.));
#11132 = VECTOR('',#11133,1.);
#11133 = DIRECTION('',(1.,0.,0.));
#11134 = ORIENTED_EDGE('',*,*,#11135,.F.);
#11135 = EDGE_CURVE('',#11136,#11128,#11138,.T.);
#11136 = VERTEX_POINT('',#11137);
#11137 = CARTESIAN_POINT('',(138.5,-71.,0.));
#11138 = LINE('',#11139,#11140);
#11139 = CARTESIAN_POINT('',(138.5,-71.,0.));
#11140 = VECTOR('',#11141,1.);
#11141 = DIRECTION('',(1.,0.,0.));
#11142 = ORIENTED_EDGE('',*,*,#11143,.F.);
#11143 = EDGE_CURVE('',#11104,#11136,#11144,.T.);
#11144 = LINE('',#11145,#11146);
#11145 = CARTESIAN_POINT('',(138.5,-73.5,0.));
#11146 = VECTOR('',#11147,1.);
#11147 = DIRECTION('',(0.,1.,0.));
#11148 = ORIENTED_EDGE('',*,*,#11111,.F.);
#11149 = FACE_BOUND('',#11150,.F.);
#11150 = EDGE_LOOP('',(#11151));
#11151 = ORIENTED_EDGE('',*,*,#11152,.T.);
#11152 = EDGE_CURVE('',#11153,#11153,#11155,.T.);
#11153 = VERTEX_POINT('',#11154);
#11154 = CARTESIAN_POINT('',(142.5,-106.35,0.));
#11155 = CIRCLE('',#11156,1.35);
#11156 = AXIS2_PLACEMENT_3D('',#11157,#11158,#11159);
#11157 = CARTESIAN_POINT('',(142.5,-105.,0.));
#11158 = DIRECTION('',(-0.,0.,-1.));
#11159 = DIRECTION('',(-0.,-1.,0.));
#11160 = FACE_BOUND('',#11161,.F.);
#11161 = EDGE_LOOP('',(#11162));
#11162 = ORIENTED_EDGE('',*,*,#11163,.T.);
#11163 = EDGE_CURVE('',#11164,#11164,#11166,.T.);
#11164 = VERTEX_POINT('',#11165);
#11165 = CARTESIAN_POINT('',(142.1115,-99.5645,0.));
#11166 = CIRCLE('',#11167,0.4445);
#11167 = AXIS2_PLACEMENT_3D('',#11168,#11169,#11170);
#11168 = CARTESIAN_POINT('',(142.1115,-99.12,0.));
#11169 = DIRECTION('',(-0.,0.,-1.));
#11170 = DIRECTION('',(-0.,-1.,0.));
#11171 = FACE_BOUND('',#11172,.F.);
#11172 = EDGE_LOOP('',(#11173));
#11173 = ORIENTED_EDGE('',*,*,#11174,.T.);
#11174 = EDGE_CURVE('',#11175,#11175,#11177,.T.);
#11175 = VERTEX_POINT('',#11176);
#11176 = CARTESIAN_POINT('',(144.6515,-99.5645,0.));
#11177 = CIRCLE('',#11178,0.4445);
#11178 = AXIS2_PLACEMENT_3D('',#11179,#11180,#11181);
#11179 = CARTESIAN_POINT('',(144.6515,-99.12,0.));
#11180 = DIRECTION('',(-0.,0.,-1.));
#11181 = DIRECTION('',(-0.,-1.,0.));
#11182 = FACE_BOUND('',#11183,.F.);
#11183 = EDGE_LOOP('',(#11184));
#11184 = ORIENTED_EDGE('',*,*,#11185,.T.);
#11185 = EDGE_CURVE('',#11186,#11186,#11188,.T.);
#11186 = VERTEX_POINT('',#11187);
#11187 = CARTESIAN_POINT('',(147.1915,-99.5645,0.));
#11188 = CIRCLE('',#11189,0.4445);
#11189 = AXIS2_PLACEMENT_3D('',#11190,#11191,#11192);
#11190 = CARTESIAN_POINT('',(147.1915,-99.12,0.));
#11191 = DIRECTION('',(-0.,0.,-1.));
#11192 = DIRECTION('',(-6.394085361171E-14,-1.,0.));
#11193 = FACE_BOUND('',#11194,.F.);
#11194 = EDGE_LOOP('',(#11195));
#11195 = ORIENTED_EDGE('',*,*,#11196,.T.);
#11196 = EDGE_CURVE('',#11197,#11197,#11199,.T.);
#11197 = VERTEX_POINT('',#11198);
#11198 = CARTESIAN_POINT('',(149.7315,-99.5645,0.));
#11199 = CIRCLE('',#11200,0.4445);
#11200 = AXIS2_PLACEMENT_3D('',#11201,#11202,#11203);
#11201 = CARTESIAN_POINT('',(149.7315,-99.12,0.));
#11202 = DIRECTION('',(-0.,0.,-1.));
#11203 = DIRECTION('',(6.39408536117E-14,-1.,-0.));
#11204 = FACE_BOUND('',#11205,.F.);
#11205 = EDGE_LOOP('',(#11206));
#11206 = ORIENTED_EDGE('',*,*,#11207,.T.);
#11207 = EDGE_CURVE('',#11208,#11208,#11210,.T.);
#11208 = VERTEX_POINT('',#11209);
#11209 = CARTESIAN_POINT('',(152.2715,-99.5645,0.));
#11210 = CIRCLE('',#11211,0.4445);
#11211 = AXIS2_PLACEMENT_3D('',#11212,#11213,#11214);
#11212 = CARTESIAN_POINT('',(152.2715,-99.12,0.));
#11213 = DIRECTION('',(-0.,0.,-1.));
#11214 = DIRECTION('',(-0.,-1.,0.));
#11215 = FACE_BOUND('',#11216,.F.);
#11216 = EDGE_LOOP('',(#11217));
#11217 = ORIENTED_EDGE('',*,*,#11218,.T.);
#11218 = EDGE_CURVE('',#11219,#11219,#11221,.T.);
#11219 = VERTEX_POINT('',#11220);
#11220 = CARTESIAN_POINT('',(154.8115,-99.5645,0.));
#11221 = CIRCLE('',#11222,0.4445);
#11222 = AXIS2_PLACEMENT_3D('',#11223,#11224,#11225);
#11223 = CARTESIAN_POINT('',(154.8115,-99.12,0.));
#11224 = DIRECTION('',(-0.,0.,-1.));
#11225 = DIRECTION('',(-0.,-1.,0.));
#11226 = FACE_BOUND('',#11227,.F.);
#11227 = EDGE_LOOP('',(#11228));
#11228 = ORIENTED_EDGE('',*,*,#11229,.T.);
#11229 = EDGE_CURVE('',#11230,#11230,#11232,.T.);
#11230 = VERTEX_POINT('',#11231);
#11231 = CARTESIAN_POINT('',(157.3515,-99.5645,0.));
#11232 = CIRCLE('',#11233,0.4445);
#11233 = AXIS2_PLACEMENT_3D('',#11234,#11235,#11236);
#11234 = CARTESIAN_POINT('',(157.3515,-99.12,0.));
#11235 = DIRECTION('',(-0.,0.,-1.));
#11236 = DIRECTION('',(-0.,-1.,0.));
#11237 = FACE_BOUND('',#11238,.F.);
#11238 = EDGE_LOOP('',(#11239));
#11239 = ORIENTED_EDGE('',*,*,#11240,.T.);
#11240 = EDGE_CURVE('',#11241,#11241,#11243,.T.);
#11241 = VERTEX_POINT('',#11242);
#11242 = CARTESIAN_POINT('',(162.805,-96.44,0.));
#11243 = CIRCLE('',#11244,0.4);
#11244 = AXIS2_PLACEMENT_3D('',#11245,#11246,#11247);
#11245 = CARTESIAN_POINT('',(162.805,-96.04,0.));
#11246 = DIRECTION('',(-0.,0.,-1.));
#11247 = DIRECTION('',(-0.,-1.,0.));
#11248 = FACE_BOUND('',#11249,.F.);
#11249 = EDGE_LOOP('',(#11250));
#11250 = ORIENTED_EDGE('',*,*,#11251,.T.);
#11251 = EDGE_CURVE('',#11252,#11252,#11254,.T.);
#11252 = VERTEX_POINT('',#11253);
#11253 = CARTESIAN_POINT('',(165.305,-96.44,0.));
#11254 = CIRCLE('',#11255,0.4);
#11255 = AXIS2_PLACEMENT_3D('',#11256,#11257,#11258);
#11256 = CARTESIAN_POINT('',(165.305,-96.04,0.));
#11257 = DIRECTION('',(-0.,0.,-1.));
#11258 = DIRECTION('',(-0.,-1.,0.));
#11259 = FACE_BOUND('',#11260,.F.);
#11260 = EDGE_LOOP('',(#11261));
#11261 = ORIENTED_EDGE('',*,*,#11262,.T.);
#11262 = EDGE_CURVE('',#11263,#11263,#11265,.T.);
#11263 = VERTEX_POINT('',#11264);
#11264 = CARTESIAN_POINT('',(169.,-94.4,0.));
#11265 = CIRCLE('',#11266,0.4);
#11266 = AXIS2_PLACEMENT_3D('',#11267,#11268,#11269);
#11267 = CARTESIAN_POINT('',(169.,-94.,0.));
#11268 = DIRECTION('',(-0.,0.,-1.));
#11269 = DIRECTION('',(-0.,-1.,0.));
#11270 = FACE_BOUND('',#11271,.F.);
#11271 = EDGE_LOOP('',(#11272));
#11272 = ORIENTED_EDGE('',*,*,#11273,.T.);
#11273 = EDGE_CURVE('',#11274,#11274,#11276,.T.);
#11274 = VERTEX_POINT('',#11275);
#11275 = CARTESIAN_POINT('',(176.62,-94.4,0.));
#11276 = CIRCLE('',#11277,0.4);
#11277 = AXIS2_PLACEMENT_3D('',#11278,#11279,#11280);
#11278 = CARTESIAN_POINT('',(176.62,-94.,0.));
#11279 = DIRECTION('',(-0.,0.,-1.));
#11280 = DIRECTION('',(-0.,-1.,0.));
#11281 = FACE_BOUND('',#11282,.F.);
#11282 = EDGE_LOOP('',(#11283));
#11283 = ORIENTED_EDGE('',*,*,#11284,.T.);
#11284 = EDGE_CURVE('',#11285,#11285,#11287,.T.);
#11285 = VERTEX_POINT('',#11286);
#11286 = CARTESIAN_POINT('',(169.,-91.86,0.));
#11287 = CIRCLE('',#11288,0.4);
#11288 = AXIS2_PLACEMENT_3D('',#11289,#11290,#11291);
#11289 = CARTESIAN_POINT('',(169.,-91.46,0.));
#11290 = DIRECTION('',(-0.,0.,-1.));
#11291 = DIRECTION('',(-0.,-1.,0.));
#11292 = FACE_BOUND('',#11293,.F.);
#11293 = EDGE_LOOP('',(#11294));
#11294 = ORIENTED_EDGE('',*,*,#11295,.T.);
#11295 = EDGE_CURVE('',#11296,#11296,#11298,.T.);
#11296 = VERTEX_POINT('',#11297);
#11297 = CARTESIAN_POINT('',(176.62,-91.86,0.));
#11298 = CIRCLE('',#11299,0.4);
#11299 = AXIS2_PLACEMENT_3D('',#11300,#11301,#11302);
#11300 = CARTESIAN_POINT('',(176.62,-91.46,0.));
#11301 = DIRECTION('',(-0.,0.,-1.));
#11302 = DIRECTION('',(-0.,-1.,0.));
#11303 = FACE_BOUND('',#11304,.F.);
#11304 = EDGE_LOOP('',(#11305));
#11305 = ORIENTED_EDGE('',*,*,#11306,.T.);
#11306 = EDGE_CURVE('',#11307,#11307,#11309,.T.);
#11307 = VERTEX_POINT('',#11308);
#11308 = CARTESIAN_POINT('',(212.5,-105.85,0.));
#11309 = CIRCLE('',#11310,1.35);
#11310 = AXIS2_PLACEMENT_3D('',#11311,#11312,#11313);
#11311 = CARTESIAN_POINT('',(212.5,-104.5,0.));
#11312 = DIRECTION('',(-0.,0.,-1.));
#11313 = DIRECTION('',(-0.,-1.,0.));
#11314 = FACE_BOUND('',#11315,.F.);
#11315 = EDGE_LOOP('',(#11316));
#11316 = ORIENTED_EDGE('',*,*,#11317,.T.);
#11317 = EDGE_CURVE('',#11318,#11318,#11320,.T.);
#11318 = VERTEX_POINT('',#11319);
#11319 = CARTESIAN_POINT('',(180.122621,-97.09,0.));
#11320 = CIRCLE('',#11321,0.4);
#11321 = AXIS2_PLACEMENT_3D('',#11322,#11323,#11324);
#11322 = CARTESIAN_POINT('',(180.122621,-96.69,0.));
#11323 = DIRECTION('',(-0.,0.,-1.));
#11324 = DIRECTION('',(7.105427357601E-14,-1.,-0.));
#11325 = FACE_BOUND('',#11326,.F.);
#11326 = EDGE_LOOP('',(#11327));
#11327 = ORIENTED_EDGE('',*,*,#11328,.T.);
#11328 = EDGE_CURVE('',#11329,#11329,#11331,.T.);
#11329 = VERTEX_POINT('',#11330);
#11330 = CARTESIAN_POINT('',(182.622621,-97.09,0.));
#11331 = CIRCLE('',#11332,0.4);
#11332 = AXIS2_PLACEMENT_3D('',#11333,#11334,#11335);
#11333 = CARTESIAN_POINT('',(182.622621,-96.69,0.));
#11334 = DIRECTION('',(-0.,0.,-1.));
#11335 = DIRECTION('',(7.105427357601E-14,-1.,-0.));
#11336 = FACE_BOUND('',#11337,.F.);
#11337 = EDGE_LOOP('',(#11338,#11349,#11357,#11366));
#11338 = ORIENTED_EDGE('',*,*,#11339,.T.);
#11339 = EDGE_CURVE('',#11340,#11342,#11344,.T.);
#11340 = VERTEX_POINT('',#11341);
#11341 = CARTESIAN_POINT('',(207.74,-90.199999,0.));
#11342 = VERTEX_POINT('',#11343);
#11343 = CARTESIAN_POINT('',(207.74,-89.600001,0.));
#11344 = CIRCLE('',#11345,0.299999);
#11345 = AXIS2_PLACEMENT_3D('',#11346,#11347,#11348);
#11346 = CARTESIAN_POINT('',(207.74,-89.9,0.));
#11347 = DIRECTION('',(-0.,0.,-1.));
#11348 = DIRECTION('',(0.,1.,0.));
#11349 = ORIENTED_EDGE('',*,*,#11350,.T.);
#11350 = EDGE_CURVE('',#11342,#11351,#11353,.T.);
#11351 = VERTEX_POINT('',#11352);
#11352 = CARTESIAN_POINT('',(208.34,-89.600001,0.));
#11353 = LINE('',#11354,#11355);
#11354 = CARTESIAN_POINT('',(104.17,-89.600001,0.));
#11355 = VECTOR('',#11356,1.);
#11356 = DIRECTION('',(1.,0.,-0.));
#11357 = ORIENTED_EDGE('',*,*,#11358,.T.);
#11358 = EDGE_CURVE('',#11351,#11359,#11361,.T.);
#11359 = VERTEX_POINT('',#11360);
#11360 = CARTESIAN_POINT('',(208.34,-90.199999,0.));
#11361 = CIRCLE('',#11362,0.299999);
#11362 = AXIS2_PLACEMENT_3D('',#11363,#11364,#11365);
#11363 = CARTESIAN_POINT('',(208.34,-89.9,0.));
#11364 = DIRECTION('',(-0.,0.,-1.));
#11365 = DIRECTION('',(-0.,-1.,0.));
#11366 = ORIENTED_EDGE('',*,*,#11367,.T.);
#11367 = EDGE_CURVE('',#11359,#11340,#11368,.T.);
#11368 = LINE('',#11369,#11370);
#11369 = CARTESIAN_POINT('',(103.87,-90.199999,0.));
#11370 = VECTOR('',#11371,1.);
#11371 = DIRECTION('',(-1.,0.,0.));
#11372 = FACE_BOUND('',#11373,.F.);
#11373 = EDGE_LOOP('',(#11374));
#11374 = ORIENTED_EDGE('',*,*,#11375,.T.);
#11375 = EDGE_CURVE('',#11376,#11376,#11378,.T.);
#11376 = VERTEX_POINT('',#11377);
#11377 = CARTESIAN_POINT('',(142.1115,-84.3245,0.));
#11378 = CIRCLE('',#11379,0.4445);
#11379 = AXIS2_PLACEMENT_3D('',#11380,#11381,#11382);
#11380 = CARTESIAN_POINT('',(142.1115,-83.88,0.));
#11381 = DIRECTION('',(-0.,0.,-1.));
#11382 = DIRECTION('',(-0.,-1.,0.));
#11383 = FACE_BOUND('',#11384,.F.);
#11384 = EDGE_LOOP('',(#11385));
#11385 = ORIENTED_EDGE('',*,*,#11386,.T.);
#11386 = EDGE_CURVE('',#11387,#11387,#11389,.T.);
#11387 = VERTEX_POINT('',#11388);
#11388 = CARTESIAN_POINT('',(144.6515,-84.3245,0.));
#11389 = CIRCLE('',#11390,0.4445);
#11390 = AXIS2_PLACEMENT_3D('',#11391,#11392,#11393);
#11391 = CARTESIAN_POINT('',(144.6515,-83.88,0.));
#11392 = DIRECTION('',(-0.,0.,-1.));
#11393 = DIRECTION('',(-0.,-1.,0.));
#11394 = FACE_BOUND('',#11395,.F.);
#11395 = EDGE_LOOP('',(#11396));
#11396 = ORIENTED_EDGE('',*,*,#11397,.T.);
#11397 = EDGE_CURVE('',#11398,#11398,#11400,.T.);
#11398 = VERTEX_POINT('',#11399);
#11399 = CARTESIAN_POINT('',(147.1915,-84.3245,0.));
#11400 = CIRCLE('',#11401,0.4445);
#11401 = AXIS2_PLACEMENT_3D('',#11402,#11403,#11404);
#11402 = CARTESIAN_POINT('',(147.1915,-83.88,0.));
#11403 = DIRECTION('',(-0.,0.,-1.));
#11404 = DIRECTION('',(-6.394085361171E-14,-1.,0.));
#11405 = FACE_BOUND('',#11406,.F.);
#11406 = EDGE_LOOP('',(#11407));
#11407 = ORIENTED_EDGE('',*,*,#11408,.T.);
#11408 = EDGE_CURVE('',#11409,#11409,#11411,.T.);
#11409 = VERTEX_POINT('',#11410);
#11410 = CARTESIAN_POINT('',(149.7315,-84.3245,0.));
#11411 = CIRCLE('',#11412,0.4445);
#11412 = AXIS2_PLACEMENT_3D('',#11413,#11414,#11415);
#11413 = CARTESIAN_POINT('',(149.7315,-83.88,0.));
#11414 = DIRECTION('',(-0.,0.,-1.));
#11415 = DIRECTION('',(6.39408536117E-14,-1.,-0.));
#11416 = FACE_BOUND('',#11417,.F.);
#11417 = EDGE_LOOP('',(#11418));
#11418 = ORIENTED_EDGE('',*,*,#11419,.T.);
#11419 = EDGE_CURVE('',#11420,#11420,#11422,.T.);
#11420 = VERTEX_POINT('',#11421);
#11421 = CARTESIAN_POINT('',(152.2715,-84.3245,0.));
#11422 = CIRCLE('',#11423,0.4445);
#11423 = AXIS2_PLACEMENT_3D('',#11424,#11425,#11426);
#11424 = CARTESIAN_POINT('',(152.2715,-83.88,0.));
#11425 = DIRECTION('',(-0.,0.,-1.));
#11426 = DIRECTION('',(-0.,-1.,0.));
#11427 = FACE_BOUND('',#11428,.F.);
#11428 = EDGE_LOOP('',(#11429));
#11429 = ORIENTED_EDGE('',*,*,#11430,.T.);
#11430 = EDGE_CURVE('',#11431,#11431,#11433,.T.);
#11431 = VERTEX_POINT('',#11432);
#11432 = CARTESIAN_POINT('',(154.8115,-84.3245,0.));
#11433 = CIRCLE('',#11434,0.4445);
#11434 = AXIS2_PLACEMENT_3D('',#11435,#11436,#11437);
#11435 = CARTESIAN_POINT('',(154.8115,-83.88,0.));
#11436 = DIRECTION('',(-0.,0.,-1.));
#11437 = DIRECTION('',(-0.,-1.,0.));
#11438 = FACE_BOUND('',#11439,.F.);
#11439 = EDGE_LOOP('',(#11440));
#11440 = ORIENTED_EDGE('',*,*,#11441,.T.);
#11441 = EDGE_CURVE('',#11442,#11442,#11444,.T.);
#11442 = VERTEX_POINT('',#11443);
#11443 = CARTESIAN_POINT('',(157.3515,-84.3245,0.));
#11444 = CIRCLE('',#11445,0.4445);
#11445 = AXIS2_PLACEMENT_3D('',#11446,#11447,#11448);
#11446 = CARTESIAN_POINT('',(157.3515,-83.88,0.));
#11447 = DIRECTION('',(-0.,0.,-1.));
#11448 = DIRECTION('',(-0.,-1.,0.));
#11449 = FACE_BOUND('',#11450,.F.);
#11450 = EDGE_LOOP('',(#11451));
#11451 = ORIENTED_EDGE('',*,*,#11452,.T.);
#11452 = EDGE_CURVE('',#11453,#11453,#11455,.T.);
#11453 = VERTEX_POINT('',#11454);
#11454 = CARTESIAN_POINT('',(162.805,-88.59,0.));
#11455 = CIRCLE('',#11456,0.4);
#11456 = AXIS2_PLACEMENT_3D('',#11457,#11458,#11459);
#11457 = CARTESIAN_POINT('',(162.805,-88.19,0.));
#11458 = DIRECTION('',(-0.,0.,-1.));
#11459 = DIRECTION('',(-0.,-1.,0.));
#11460 = FACE_BOUND('',#11461,.F.);
#11461 = EDGE_LOOP('',(#11462));
#11462 = ORIENTED_EDGE('',*,*,#11463,.T.);
#11463 = EDGE_CURVE('',#11464,#11464,#11466,.T.);
#11464 = VERTEX_POINT('',#11465);
#11465 = CARTESIAN_POINT('',(165.305,-88.59,0.));
#11466 = CIRCLE('',#11467,0.4);
#11467 = AXIS2_PLACEMENT_3D('',#11468,#11469,#11470);
#11468 = CARTESIAN_POINT('',(165.305,-88.19,0.));
#11469 = DIRECTION('',(-0.,0.,-1.));
#11470 = DIRECTION('',(-0.,-1.,0.));
#11471 = FACE_BOUND('',#11472,.F.);
#11472 = EDGE_LOOP('',(#11473));
#11473 = ORIENTED_EDGE('',*,*,#11474,.T.);
#11474 = EDGE_CURVE('',#11475,#11475,#11477,.T.);
#11475 = VERTEX_POINT('',#11476);
#11476 = CARTESIAN_POINT('',(169.,-89.32,0.));
#11477 = CIRCLE('',#11478,0.4);
#11478 = AXIS2_PLACEMENT_3D('',#11479,#11480,#11481);
#11479 = CARTESIAN_POINT('',(169.,-88.92,0.));
#11480 = DIRECTION('',(-0.,0.,-1.));
#11481 = DIRECTION('',(-0.,-1.,0.));
#11482 = FACE_BOUND('',#11483,.F.);
#11483 = EDGE_LOOP('',(#11484));
#11484 = ORIENTED_EDGE('',*,*,#11485,.T.);
#11485 = EDGE_CURVE('',#11486,#11486,#11488,.T.);
#11486 = VERTEX_POINT('',#11487);
#11487 = CARTESIAN_POINT('',(176.62,-89.32,0.));
#11488 = CIRCLE('',#11489,0.4);
#11489 = AXIS2_PLACEMENT_3D('',#11490,#11491,#11492);
#11490 = CARTESIAN_POINT('',(176.62,-88.92,0.));
#11491 = DIRECTION('',(-0.,0.,-1.));
#11492 = DIRECTION('',(-0.,-1.,0.));
#11493 = FACE_BOUND('',#11494,.F.);
#11494 = EDGE_LOOP('',(#11495));
#11495 = ORIENTED_EDGE('',*,*,#11496,.T.);
#11496 = EDGE_CURVE('',#11497,#11497,#11499,.T.);
#11497 = VERTEX_POINT('',#11498);
#11498 = CARTESIAN_POINT('',(169.,-86.78,0.));
#11499 = CIRCLE('',#11500,0.4);
#11500 = AXIS2_PLACEMENT_3D('',#11501,#11502,#11503);
#11501 = CARTESIAN_POINT('',(169.,-86.38,0.));
#11502 = DIRECTION('',(-0.,0.,-1.));
#11503 = DIRECTION('',(-0.,-1.,0.));
#11504 = FACE_BOUND('',#11505,.F.);
#11505 = EDGE_LOOP('',(#11506));
#11506 = ORIENTED_EDGE('',*,*,#11507,.T.);
#11507 = EDGE_CURVE('',#11508,#11508,#11510,.T.);
#11508 = VERTEX_POINT('',#11509);
#11509 = CARTESIAN_POINT('',(176.62,-86.78,0.));
#11510 = CIRCLE('',#11511,0.4);
#11511 = AXIS2_PLACEMENT_3D('',#11512,#11513,#11514);
#11512 = CARTESIAN_POINT('',(176.62,-86.38,0.));
#11513 = DIRECTION('',(-0.,0.,-1.));
#11514 = DIRECTION('',(-0.,-1.,0.));
#11515 = FACE_BOUND('',#11516,.F.);
#11516 = EDGE_LOOP('',(#11517));
#11517 = ORIENTED_EDGE('',*,*,#11518,.T.);
#11518 = EDGE_CURVE('',#11519,#11519,#11521,.T.);
#11519 = VERTEX_POINT('',#11520);
#11520 = CARTESIAN_POINT('',(142.5,-75.85,0.));
#11521 = CIRCLE('',#11522,1.35);
#11522 = AXIS2_PLACEMENT_3D('',#11523,#11524,#11525);
#11523 = CARTESIAN_POINT('',(142.5,-74.5,0.));
#11524 = DIRECTION('',(-0.,0.,-1.));
#11525 = DIRECTION('',(-0.,-1.,0.));
#11526 = FACE_BOUND('',#11527,.F.);
#11527 = EDGE_LOOP('',(#11528));
#11528 = ORIENTED_EDGE('',*,*,#11529,.T.);
#11529 = EDGE_CURVE('',#11530,#11530,#11532,.T.);
#11530 = VERTEX_POINT('',#11531);
#11531 = CARTESIAN_POINT('',(150.,-75.5,0.));
#11532 = CIRCLE('',#11533,0.5);
#11533 = AXIS2_PLACEMENT_3D('',#11534,#11535,#11536);
#11534 = CARTESIAN_POINT('',(150.,-75.,0.));
#11535 = DIRECTION('',(-0.,0.,-1.));
#11536 = DIRECTION('',(-0.,-1.,0.));
#11537 = FACE_BOUND('',#11538,.F.);
#11538 = EDGE_LOOP('',(#11539));
#11539 = ORIENTED_EDGE('',*,*,#11540,.T.);
#11540 = EDGE_CURVE('',#11541,#11541,#11543,.T.);
#11541 = VERTEX_POINT('',#11542);
#11542 = CARTESIAN_POINT('',(152.54,-75.5,0.));
#11543 = CIRCLE('',#11544,0.5);
#11544 = AXIS2_PLACEMENT_3D('',#11545,#11546,#11547);
#11545 = CARTESIAN_POINT('',(152.54,-75.,0.));
#11546 = DIRECTION('',(-0.,0.,-1.));
#11547 = DIRECTION('',(-0.,-1.,0.));
#11548 = FACE_BOUND('',#11549,.F.);
#11549 = EDGE_LOOP('',(#11550));
#11550 = ORIENTED_EDGE('',*,*,#11551,.T.);
#11551 = EDGE_CURVE('',#11552,#11552,#11554,.T.);
#11552 = VERTEX_POINT('',#11553);
#11553 = CARTESIAN_POINT('',(171.805,-81.59,0.));
#11554 = CIRCLE('',#11555,0.4);
#11555 = AXIS2_PLACEMENT_3D('',#11556,#11557,#11558);
#11556 = CARTESIAN_POINT('',(171.805,-81.19,0.));
#11557 = DIRECTION('',(-0.,0.,-1.));
#11558 = DIRECTION('',(-0.,-1.,0.));
#11559 = FACE_BOUND('',#11560,.F.);
#11560 = EDGE_LOOP('',(#11561));
#11561 = ORIENTED_EDGE('',*,*,#11562,.T.);
#11562 = EDGE_CURVE('',#11563,#11563,#11565,.T.);
#11563 = VERTEX_POINT('',#11564);
#11564 = CARTESIAN_POINT('',(174.305,-81.59,0.));
#11565 = CIRCLE('',#11566,0.4);
#11566 = AXIS2_PLACEMENT_3D('',#11567,#11568,#11569);
#11567 = CARTESIAN_POINT('',(174.305,-81.19,0.));
#11568 = DIRECTION('',(-0.,0.,-1.));
#11569 = DIRECTION('',(-0.,-1.,0.));
#11570 = FACE_BOUND('',#11571,.F.);
#11571 = EDGE_LOOP('',(#11572));
#11572 = ORIENTED_EDGE('',*,*,#11573,.T.);
#11573 = EDGE_CURVE('',#11574,#11574,#11576,.T.);
#11574 = VERTEX_POINT('',#11575);
#11575 = CARTESIAN_POINT('',(165.725,-76.,0.));
#11576 = CIRCLE('',#11577,0.5);
#11577 = AXIS2_PLACEMENT_3D('',#11578,#11579,#11580);
#11578 = CARTESIAN_POINT('',(165.725,-75.5,0.));
#11579 = DIRECTION('',(-0.,0.,-1.));
#11580 = DIRECTION('',(-0.,-1.,0.));
#11581 = FACE_BOUND('',#11582,.F.);
#11582 = EDGE_LOOP('',(#11583));
#11583 = ORIENTED_EDGE('',*,*,#11584,.T.);
#11584 = EDGE_CURVE('',#11585,#11585,#11587,.T.);
#11585 = VERTEX_POINT('',#11586);
#11586 = CARTESIAN_POINT('',(168.265,-76.,0.));
#11587 = CIRCLE('',#11588,0.5);
#11588 = AXIS2_PLACEMENT_3D('',#11589,#11590,#11591);
#11589 = CARTESIAN_POINT('',(168.265,-75.5,0.));
#11590 = DIRECTION('',(-0.,0.,-1.));
#11591 = DIRECTION('',(-0.,-1.,0.));
#11592 = FACE_BOUND('',#11593,.F.);
#11593 = EDGE_LOOP('',(#11594));
#11594 = ORIENTED_EDGE('',*,*,#11595,.T.);
#11595 = EDGE_CURVE('',#11596,#11596,#11598,.T.);
#11596 = VERTEX_POINT('',#11597);
#11597 = CARTESIAN_POINT('',(173.765,-76.,0.));
#11598 = CIRCLE('',#11599,0.5);
#11599 = AXIS2_PLACEMENT_3D('',#11600,#11601,#11602);
#11600 = CARTESIAN_POINT('',(173.765,-75.5,0.));
#11601 = DIRECTION('',(-0.,0.,-1.));
#11602 = DIRECTION('',(-0.,-1.,0.));
#11603 = FACE_BOUND('',#11604,.F.);
#11604 = EDGE_LOOP('',(#11605));
#11605 = ORIENTED_EDGE('',*,*,#11606,.T.);
#11606 = EDGE_CURVE('',#11607,#11607,#11609,.T.);
#11607 = VERTEX_POINT('',#11608);
#11608 = CARTESIAN_POINT('',(176.305,-76.,0.));
#11609 = CIRCLE('',#11610,0.5);
#11610 = AXIS2_PLACEMENT_3D('',#11611,#11612,#11613);
#11611 = CARTESIAN_POINT('',(176.305,-75.5,0.));
#11612 = DIRECTION('',(-0.,0.,-1.));
#11613 = DIRECTION('',(-0.,-1.,0.));
#11614 = FACE_BOUND('',#11615,.F.);
#11615 = EDGE_LOOP('',(#11616));
#11616 = ORIENTED_EDGE('',*,*,#11617,.T.);
#11617 = EDGE_CURVE('',#11618,#11618,#11620,.T.);
#11618 = VERTEX_POINT('',#11619);
#11619 = CARTESIAN_POINT('',(180.305,-88.59,0.));
#11620 = CIRCLE('',#11621,0.4);
#11621 = AXIS2_PLACEMENT_3D('',#11622,#11623,#11624);
#11622 = CARTESIAN_POINT('',(180.305,-88.19,0.));
#11623 = DIRECTION('',(-0.,0.,-1.));
#11624 = DIRECTION('',(-0.,-1.,0.));
#11625 = FACE_BOUND('',#11626,.F.);
#11626 = EDGE_LOOP('',(#11627));
#11627 = ORIENTED_EDGE('',*,*,#11628,.T.);
#11628 = EDGE_CURVE('',#11629,#11629,#11631,.T.);
#11629 = VERTEX_POINT('',#11630);
#11630 = CARTESIAN_POINT('',(182.805,-88.59,0.));
#11631 = CIRCLE('',#11632,0.4);
#11632 = AXIS2_PLACEMENT_3D('',#11633,#11634,#11635);
#11633 = CARTESIAN_POINT('',(182.805,-88.19,0.));
#11634 = DIRECTION('',(-0.,0.,-1.));
#11635 = DIRECTION('',(-0.,-1.,0.));
#11636 = FACE_BOUND('',#11637,.F.);
#11637 = EDGE_LOOP('',(#11638));
#11638 = ORIENTED_EDGE('',*,*,#11639,.T.);
#11639 = EDGE_CURVE('',#11640,#11640,#11642,.T.);
#11640 = VERTEX_POINT('',#11641);
#11641 = CARTESIAN_POINT('',(204.04,-88.1,0.));
#11642 = CIRCLE('',#11643,0.6);
#11643 = AXIS2_PLACEMENT_3D('',#11644,#11645,#11646);
#11644 = CARTESIAN_POINT('',(204.04,-87.5,0.));
#11645 = DIRECTION('',(-0.,0.,-1.));
#11646 = DIRECTION('',(-0.,-1.,0.));
#11647 = FACE_BOUND('',#11648,.F.);
#11648 = EDGE_LOOP('',(#11649));
#11649 = ORIENTED_EDGE('',*,*,#11650,.T.);
#11650 = EDGE_CURVE('',#11651,#11651,#11653,.T.);
#11651 = VERTEX_POINT('',#11652);
#11652 = CARTESIAN_POINT('',(210.04,-88.1,0.));
#11653 = CIRCLE('',#11654,0.6);
#11654 = AXIS2_PLACEMENT_3D('',#11655,#11656,#11657);
#11655 = CARTESIAN_POINT('',(210.04,-87.5,0.));
#11656 = DIRECTION('',(-0.,0.,-1.));
#11657 = DIRECTION('',(-0.,-1.,0.));
#11658 = FACE_BOUND('',#11659,.F.);
#11659 = EDGE_LOOP('',(#11660,#11671,#11679,#11688));
#11660 = ORIENTED_EDGE('',*,*,#11661,.T.);
#11661 = EDGE_CURVE('',#11662,#11664,#11666,.T.);
#11662 = VERTEX_POINT('',#11663);
#11663 = CARTESIAN_POINT('',(202.74,-85.399999,0.));
#11664 = VERTEX_POINT('',#11665);
#11665 = CARTESIAN_POINT('',(202.74,-84.800001,0.));
#11666 = CIRCLE('',#11667,0.299999);
#11667 = AXIS2_PLACEMENT_3D('',#11668,#11669,#11670);
#11668 = CARTESIAN_POINT('',(202.74,-85.1,0.));
#11669 = DIRECTION('',(-0.,0.,-1.));
#11670 = DIRECTION('',(0.,1.,0.));
#11671 = ORIENTED_EDGE('',*,*,#11672,.T.);
#11672 = EDGE_CURVE('',#11664,#11673,#11675,.T.);
#11673 = VERTEX_POINT('',#11674);
#11674 = CARTESIAN_POINT('',(203.34,-84.800001,0.));
#11675 = LINE('',#11676,#11677);
#11676 = CARTESIAN_POINT('',(101.67,-84.800001,0.));
#11677 = VECTOR('',#11678,1.);
#11678 = DIRECTION('',(1.,0.,-0.));
#11679 = ORIENTED_EDGE('',*,*,#11680,.T.);
#11680 = EDGE_CURVE('',#11673,#11681,#11683,.T.);
#11681 = VERTEX_POINT('',#11682);
#11682 = CARTESIAN_POINT('',(203.34,-85.399999,0.));
#11683 = CIRCLE('',#11684,0.299999);
#11684 = AXIS2_PLACEMENT_3D('',#11685,#11686,#11687);
#11685 = CARTESIAN_POINT('',(203.34,-85.1,0.));
#11686 = DIRECTION('',(-0.,0.,-1.));
#11687 = DIRECTION('',(-0.,-1.,0.));
#11688 = ORIENTED_EDGE('',*,*,#11689,.T.);
#11689 = EDGE_CURVE('',#11681,#11662,#11690,.T.);
#11690 = LINE('',#11691,#11692);
#11691 = CARTESIAN_POINT('',(101.37,-85.399999,0.));
#11692 = VECTOR('',#11693,1.);
#11693 = DIRECTION('',(-1.,0.,0.));
#11694 = FACE_BOUND('',#11695,.F.);
#11695 = EDGE_LOOP('',(#11696,#11707,#11715,#11724));
#11696 = ORIENTED_EDGE('',*,*,#11697,.T.);
#11697 = EDGE_CURVE('',#11698,#11700,#11702,.T.);
#11698 = VERTEX_POINT('',#11699);
#11699 = CARTESIAN_POINT('',(209.74,-85.399999,0.));
#11700 = VERTEX_POINT('',#11701);
#11701 = CARTESIAN_POINT('',(209.74,-84.800001,0.));
#11702 = CIRCLE('',#11703,0.299999);
#11703 = AXIS2_PLACEMENT_3D('',#11704,#11705,#11706);
#11704 = CARTESIAN_POINT('',(209.74,-85.1,0.));
#11705 = DIRECTION('',(-0.,0.,-1.));
#11706 = DIRECTION('',(0.,1.,0.));
#11707 = ORIENTED_EDGE('',*,*,#11708,.T.);
#11708 = EDGE_CURVE('',#11700,#11709,#11711,.T.);
#11709 = VERTEX_POINT('',#11710);
#11710 = CARTESIAN_POINT('',(210.34,-84.800001,0.));
#11711 = LINE('',#11712,#11713);
#11712 = CARTESIAN_POINT('',(105.17,-84.800001,0.));
#11713 = VECTOR('',#11714,1.);
#11714 = DIRECTION('',(1.,0.,-0.));
#11715 = ORIENTED_EDGE('',*,*,#11716,.T.);
#11716 = EDGE_CURVE('',#11709,#11717,#11719,.T.);
#11717 = VERTEX_POINT('',#11718);
#11718 = CARTESIAN_POINT('',(210.34,-85.399999,0.));
#11719 = CIRCLE('',#11720,0.299999);
#11720 = AXIS2_PLACEMENT_3D('',#11721,#11722,#11723);
#11721 = CARTESIAN_POINT('',(210.34,-85.1,0.));
#11722 = DIRECTION('',(-0.,0.,-1.));
#11723 = DIRECTION('',(-0.,-1.,0.));
#11724 = ORIENTED_EDGE('',*,*,#11725,.T.);
#11725 = EDGE_CURVE('',#11717,#11698,#11726,.T.);
#11726 = LINE('',#11727,#11728);
#11727 = CARTESIAN_POINT('',(104.87,-85.399999,0.));
#11728 = VECTOR('',#11729,1.);
#11729 = DIRECTION('',(-1.,0.,0.));
#11730 = FACE_BOUND('',#11731,.F.);
#11731 = EDGE_LOOP('',(#11732));
#11732 = ORIENTED_EDGE('',*,*,#11733,.T.);
#11733 = EDGE_CURVE('',#11734,#11734,#11736,.T.);
#11734 = VERTEX_POINT('',#11735);
#11735 = CARTESIAN_POINT('',(185.495,-78.4,0.));
#11736 = CIRCLE('',#11737,0.4);
#11737 = AXIS2_PLACEMENT_3D('',#11738,#11739,#11740);
#11738 = CARTESIAN_POINT('',(185.495,-78.,0.));
#11739 = DIRECTION('',(-0.,0.,-1.));
#11740 = DIRECTION('',(-0.,-1.,0.));
#11741 = FACE_BOUND('',#11742,.F.);
#11742 = EDGE_LOOP('',(#11743));
#11743 = ORIENTED_EDGE('',*,*,#11744,.T.);
#11744 = EDGE_CURVE('',#11745,#11745,#11747,.T.);
#11745 = VERTEX_POINT('',#11746);
#11746 = CARTESIAN_POINT('',(193.115,-78.4,0.));
#11747 = CIRCLE('',#11748,0.4);
#11748 = AXIS2_PLACEMENT_3D('',#11749,#11750,#11751);
#11749 = CARTESIAN_POINT('',(193.115,-78.,0.));
#11750 = DIRECTION('',(-0.,0.,-1.));
#11751 = DIRECTION('',(-0.,-1.,0.));
#11752 = FACE_BOUND('',#11753,.F.);
#11753 = EDGE_LOOP('',(#11754));
#11754 = ORIENTED_EDGE('',*,*,#11755,.T.);
#11755 = EDGE_CURVE('',#11756,#11756,#11758,.T.);
#11756 = VERTEX_POINT('',#11757);
#11757 = CARTESIAN_POINT('',(195.685,-78.4,0.));
#11758 = CIRCLE('',#11759,0.4);
#11759 = AXIS2_PLACEMENT_3D('',#11760,#11761,#11762);
#11760 = CARTESIAN_POINT('',(195.685,-78.,0.));
#11761 = DIRECTION('',(-0.,0.,-1.));
#11762 = DIRECTION('',(-0.,-1.,0.));
#11763 = FACE_BOUND('',#11764,.F.);
#11764 = EDGE_LOOP('',(#11765));
#11765 = ORIENTED_EDGE('',*,*,#11766,.T.);
#11766 = EDGE_CURVE('',#11767,#11767,#11769,.T.);
#11767 = VERTEX_POINT('',#11768);
#11768 = CARTESIAN_POINT('',(186.265,-75.,0.));
#11769 = CIRCLE('',#11770,0.5);
#11770 = AXIS2_PLACEMENT_3D('',#11771,#11772,#11773);
#11771 = CARTESIAN_POINT('',(186.265,-74.5,0.));
#11772 = DIRECTION('',(-0.,0.,-1.));
#11773 = DIRECTION('',(-0.,-1.,0.));
#11774 = FACE_BOUND('',#11775,.F.);
#11775 = EDGE_LOOP('',(#11776));
#11776 = ORIENTED_EDGE('',*,*,#11777,.T.);
#11777 = EDGE_CURVE('',#11778,#11778,#11780,.T.);
#11778 = VERTEX_POINT('',#11779);
#11779 = CARTESIAN_POINT('',(188.805,-75.,0.));
#11780 = CIRCLE('',#11781,0.5);
#11781 = AXIS2_PLACEMENT_3D('',#11782,#11783,#11784);
#11782 = CARTESIAN_POINT('',(188.805,-74.5,0.));
#11783 = DIRECTION('',(-0.,0.,-1.));
#11784 = DIRECTION('',(-0.,-1.,0.));
#11785 = FACE_BOUND('',#11786,.F.);
#11786 = EDGE_LOOP('',(#11787));
#11787 = ORIENTED_EDGE('',*,*,#11788,.T.);
#11788 = EDGE_CURVE('',#11789,#11789,#11791,.T.);
#11789 = VERTEX_POINT('',#11790);
#11790 = CARTESIAN_POINT('',(191.345,-75.,0.));
#11791 = CIRCLE('',#11792,0.5);
#11792 = AXIS2_PLACEMENT_3D('',#11793,#11794,#11795);
#11793 = CARTESIAN_POINT('',(191.345,-74.5,0.));
#11794 = DIRECTION('',(-0.,0.,-1.));
#11795 = DIRECTION('',(-0.,-1.,0.));
#11796 = FACE_BOUND('',#11797,.F.);
#11797 = EDGE_LOOP('',(#11798));
#11798 = ORIENTED_EDGE('',*,*,#11799,.T.);
#11799 = EDGE_CURVE('',#11800,#11800,#11802,.T.);
#11800 = VERTEX_POINT('',#11801);
#11801 = CARTESIAN_POINT('',(203.305,-78.4,0.));
#11802 = CIRCLE('',#11803,0.4);
#11803 = AXIS2_PLACEMENT_3D('',#11804,#11805,#11806);
#11804 = CARTESIAN_POINT('',(203.305,-78.,0.));
#11805 = DIRECTION('',(-0.,0.,-1.));
#11806 = DIRECTION('',(-0.,-1.,0.));
#11807 = FACE_BOUND('',#11808,.F.);
#11808 = EDGE_LOOP('',(#11809));
#11809 = ORIENTED_EDGE('',*,*,#11810,.T.);
#11810 = EDGE_CURVE('',#11811,#11811,#11813,.T.);
#11811 = VERTEX_POINT('',#11812);
#11812 = CARTESIAN_POINT('',(196.305,-75.05,0.));
#11813 = CIRCLE('',#11814,0.5);
#11814 = AXIS2_PLACEMENT_3D('',#11815,#11816,#11817);
#11815 = CARTESIAN_POINT('',(196.305,-74.55,0.));
#11816 = DIRECTION('',(-0.,0.,-1.));
#11817 = DIRECTION('',(-0.,-1.,0.));
#11818 = FACE_BOUND('',#11819,.F.);
#11819 = EDGE_LOOP('',(#11820));
#11820 = ORIENTED_EDGE('',*,*,#11821,.T.);
#11821 = EDGE_CURVE('',#11822,#11822,#11824,.T.);
#11822 = VERTEX_POINT('',#11823);
#11823 = CARTESIAN_POINT('',(198.845,-75.05,0.));
#11824 = CIRCLE('',#11825,0.5);
#11825 = AXIS2_PLACEMENT_3D('',#11826,#11827,#11828);
#11826 = CARTESIAN_POINT('',(198.845,-74.55,0.));
#11827 = DIRECTION('',(-0.,0.,-1.));
#11828 = DIRECTION('',(-0.,-1.,0.));
#11829 = FACE_BOUND('',#11830,.F.);
#11830 = EDGE_LOOP('',(#11831));
#11831 = ORIENTED_EDGE('',*,*,#11832,.T.);
#11832 = EDGE_CURVE('',#11833,#11833,#11835,.T.);
#11833 = VERTEX_POINT('',#11834);
#11834 = CARTESIAN_POINT('',(201.385,-75.05,0.));
#11835 = CIRCLE('',#11836,0.5);
#11836 = AXIS2_PLACEMENT_3D('',#11837,#11838,#11839);
#11837 = CARTESIAN_POINT('',(201.385,-74.55,0.));
#11838 = DIRECTION('',(-0.,0.,-1.));
#11839 = DIRECTION('',(-0.,-1.,0.));
#11840 = FACE_BOUND('',#11841,.F.);
#11841 = EDGE_LOOP('',(#11842));
#11842 = ORIENTED_EDGE('',*,*,#11843,.T.);
#11843 = EDGE_CURVE('',#11844,#11844,#11846,.T.);
#11844 = VERTEX_POINT('',#11845);
#11845 = CARTESIAN_POINT('',(213.,-75.85,0.));
#11846 = CIRCLE('',#11847,1.35);
#11847 = AXIS2_PLACEMENT_3D('',#11848,#11849,#11850);
#11848 = CARTESIAN_POINT('',(213.,-74.5,0.));
#11849 = DIRECTION('',(-0.,0.,-1.));
#11850 = DIRECTION('',(-0.,-1.,0.));
#11851 = PLANE('',#11852);
#11852 = AXIS2_PLACEMENT_3D('',#11853,#11854,#11855);
#11853 = CARTESIAN_POINT('',(0.,0.,0.));
#11854 = DIRECTION('',(0.,0.,1.));
#11855 = DIRECTION('',(1.,0.,-0.));
#11856 = ADVANCED_FACE('',(#11857,#11884,#11895,#11906,#11917,#11928,
    #11939,#11950,#11961,#11972,#11983,#11994,#12005,#12016,#12027,
    #12038,#12049,#12060,#12071,#12107,#12118,#12129,#12140,#12151,
    #12162,#12173,#12184,#12195,#12206,#12217,#12228,#12239,#12250,
    #12261,#12272,#12283,#12294,#12305,#12316,#12327,#12338,#12349,
    #12360,#12371,#12382,#12393,#12429,#12465,#12476,#12487,#12498,
    #12509,#12520,#12531,#12542,#12553,#12564,#12575),#12586,.T.);
#11857 = FACE_BOUND('',#11858,.T.);
#11858 = EDGE_LOOP('',(#11859,#11860,#11861,#11869,#11877,#11883));
#11859 = ORIENTED_EDGE('',*,*,#11033,.F.);
#11860 = ORIENTED_EDGE('',*,*,#11073,.F.);
#11861 = ORIENTED_EDGE('',*,*,#11862,.F.);
#11862 = EDGE_CURVE('',#11863,#11066,#11865,.T.);
#11863 = VERTEX_POINT('',#11864);
#11864 = CARTESIAN_POINT('',(139.,-71.,1.51));
#11865 = LINE('',#11866,#11867);
#11866 = CARTESIAN_POINT('',(139.,-71.,1.51));
#11867 = VECTOR('',#11868,1.);
#11868 = DIRECTION('',(1.,0.,0.));
#11869 = ORIENTED_EDGE('',*,*,#11870,.F.);
#11870 = EDGE_CURVE('',#11871,#11863,#11873,.T.);
#11871 = VERTEX_POINT('',#11872);
#11872 = CARTESIAN_POINT('',(138.5,-71.,1.51));
#11873 = LINE('',#11874,#11875);
#11874 = CARTESIAN_POINT('',(138.5,-71.,1.51));
#11875 = VECTOR('',#11876,1.);
#11876 = DIRECTION('',(1.,0.,0.));
#11877 = ORIENTED_EDGE('',*,*,#11878,.F.);
#11878 = EDGE_CURVE('',#11096,#11871,#11879,.T.);
#11879 = LINE('',#11880,#11881);
#11880 = CARTESIAN_POINT('',(138.5,-73.5,1.51));
#11881 = VECTOR('',#11882,1.);
#11882 = DIRECTION('',(0.,1.,0.));
#11883 = ORIENTED_EDGE('',*,*,#11095,.F.);
#11884 = FACE_BOUND('',#11885,.T.);
#11885 = EDGE_LOOP('',(#11886));
#11886 = ORIENTED_EDGE('',*,*,#11887,.T.);
#11887 = EDGE_CURVE('',#11888,#11888,#11890,.T.);
#11888 = VERTEX_POINT('',#11889);
#11889 = CARTESIAN_POINT('',(142.5,-106.35,1.51));
#11890 = CIRCLE('',#11891,1.35);
#11891 = AXIS2_PLACEMENT_3D('',#11892,#11893,#11894);
#11892 = CARTESIAN_POINT('',(142.5,-105.,1.51));
#11893 = DIRECTION('',(-0.,0.,-1.));
#11894 = DIRECTION('',(-0.,-1.,0.));
#11895 = FACE_BOUND('',#11896,.T.);
#11896 = EDGE_LOOP('',(#11897));
#11897 = ORIENTED_EDGE('',*,*,#11898,.T.);
#11898 = EDGE_CURVE('',#11899,#11899,#11901,.T.);
#11899 = VERTEX_POINT('',#11900);
#11900 = CARTESIAN_POINT('',(142.1115,-99.5645,1.51));
#11901 = CIRCLE('',#11902,0.4445);
#11902 = AXIS2_PLACEMENT_3D('',#11903,#11904,#11905);
#11903 = CARTESIAN_POINT('',(142.1115,-99.12,1.51));
#11904 = DIRECTION('',(-0.,0.,-1.));
#11905 = DIRECTION('',(-0.,-1.,0.));
#11906 = FACE_BOUND('',#11907,.T.);
#11907 = EDGE_LOOP('',(#11908));
#11908 = ORIENTED_EDGE('',*,*,#11909,.T.);
#11909 = EDGE_CURVE('',#11910,#11910,#11912,.T.);
#11910 = VERTEX_POINT('',#11911);
#11911 = CARTESIAN_POINT('',(144.6515,-99.5645,1.51));
#11912 = CIRCLE('',#11913,0.4445);
#11913 = AXIS2_PLACEMENT_3D('',#11914,#11915,#11916);
#11914 = CARTESIAN_POINT('',(144.6515,-99.12,1.51));
#11915 = DIRECTION('',(-0.,0.,-1.));
#11916 = DIRECTION('',(-0.,-1.,0.));
#11917 = FACE_BOUND('',#11918,.T.);
#11918 = EDGE_LOOP('',(#11919));
#11919 = ORIENTED_EDGE('',*,*,#11920,.T.);
#11920 = EDGE_CURVE('',#11921,#11921,#11923,.T.);
#11921 = VERTEX_POINT('',#11922);
#11922 = CARTESIAN_POINT('',(147.1915,-99.5645,1.51));
#11923 = CIRCLE('',#11924,0.4445);
#11924 = AXIS2_PLACEMENT_3D('',#11925,#11926,#11927);
#11925 = CARTESIAN_POINT('',(147.1915,-99.12,1.51));
#11926 = DIRECTION('',(-0.,0.,-1.));
#11927 = DIRECTION('',(-6.394085361171E-14,-1.,0.));
#11928 = FACE_BOUND('',#11929,.T.);
#11929 = EDGE_LOOP('',(#11930));
#11930 = ORIENTED_EDGE('',*,*,#11931,.T.);
#11931 = EDGE_CURVE('',#11932,#11932,#11934,.T.);
#11932 = VERTEX_POINT('',#11933);
#11933 = CARTESIAN_POINT('',(149.7315,-99.5645,1.51));
#11934 = CIRCLE('',#11935,0.4445);
#11935 = AXIS2_PLACEMENT_3D('',#11936,#11937,#11938);
#11936 = CARTESIAN_POINT('',(149.7315,-99.12,1.51));
#11937 = DIRECTION('',(-0.,0.,-1.));
#11938 = DIRECTION('',(6.39408536117E-14,-1.,-0.));
#11939 = FACE_BOUND('',#11940,.T.);
#11940 = EDGE_LOOP('',(#11941));
#11941 = ORIENTED_EDGE('',*,*,#11942,.T.);
#11942 = EDGE_CURVE('',#11943,#11943,#11945,.T.);
#11943 = VERTEX_POINT('',#11944);
#11944 = CARTESIAN_POINT('',(152.2715,-99.5645,1.51));
#11945 = CIRCLE('',#11946,0.4445);
#11946 = AXIS2_PLACEMENT_3D('',#11947,#11948,#11949);
#11947 = CARTESIAN_POINT('',(152.2715,-99.12,1.51));
#11948 = DIRECTION('',(-0.,0.,-1.));
#11949 = DIRECTION('',(-0.,-1.,0.));
#11950 = FACE_BOUND('',#11951,.T.);
#11951 = EDGE_LOOP('',(#11952));
#11952 = ORIENTED_EDGE('',*,*,#11953,.T.);
#11953 = EDGE_CURVE('',#11954,#11954,#11956,.T.);
#11954 = VERTEX_POINT('',#11955);
#11955 = CARTESIAN_POINT('',(154.8115,-99.5645,1.51));
#11956 = CIRCLE('',#11957,0.4445);
#11957 = AXIS2_PLACEMENT_3D('',#11958,#11959,#11960);
#11958 = CARTESIAN_POINT('',(154.8115,-99.12,1.51));
#11959 = DIRECTION('',(-0.,0.,-1.));
#11960 = DIRECTION('',(-0.,-1.,0.));
#11961 = FACE_BOUND('',#11962,.T.);
#11962 = EDGE_LOOP('',(#11963));
#11963 = ORIENTED_EDGE('',*,*,#11964,.T.);
#11964 = EDGE_CURVE('',#11965,#11965,#11967,.T.);
#11965 = VERTEX_POINT('',#11966);
#11966 = CARTESIAN_POINT('',(157.3515,-99.5645,1.51));
#11967 = CIRCLE('',#11968,0.4445);
#11968 = AXIS2_PLACEMENT_3D('',#11969,#11970,#11971);
#11969 = CARTESIAN_POINT('',(157.3515,-99.12,1.51));
#11970 = DIRECTION('',(-0.,0.,-1.));
#11971 = DIRECTION('',(-0.,-1.,0.));
#11972 = FACE_BOUND('',#11973,.T.);
#11973 = EDGE_LOOP('',(#11974));
#11974 = ORIENTED_EDGE('',*,*,#11975,.T.);
#11975 = EDGE_CURVE('',#11976,#11976,#11978,.T.);
#11976 = VERTEX_POINT('',#11977);
#11977 = CARTESIAN_POINT('',(162.805,-96.44,1.51));
#11978 = CIRCLE('',#11979,0.4);
#11979 = AXIS2_PLACEMENT_3D('',#11980,#11981,#11982);
#11980 = CARTESIAN_POINT('',(162.805,-96.04,1.51));
#11981 = DIRECTION('',(-0.,0.,-1.));
#11982 = DIRECTION('',(-0.,-1.,0.));
#11983 = FACE_BOUND('',#11984,.T.);
#11984 = EDGE_LOOP('',(#11985));
#11985 = ORIENTED_EDGE('',*,*,#11986,.T.);
#11986 = EDGE_CURVE('',#11987,#11987,#11989,.T.);
#11987 = VERTEX_POINT('',#11988);
#11988 = CARTESIAN_POINT('',(165.305,-96.44,1.51));
#11989 = CIRCLE('',#11990,0.4);
#11990 = AXIS2_PLACEMENT_3D('',#11991,#11992,#11993);
#11991 = CARTESIAN_POINT('',(165.305,-96.04,1.51));
#11992 = DIRECTION('',(-0.,0.,-1.));
#11993 = DIRECTION('',(-0.,-1.,0.));
#11994 = FACE_BOUND('',#11995,.T.);
#11995 = EDGE_LOOP('',(#11996));
#11996 = ORIENTED_EDGE('',*,*,#11997,.T.);
#11997 = EDGE_CURVE('',#11998,#11998,#12000,.T.);
#11998 = VERTEX_POINT('',#11999);
#11999 = CARTESIAN_POINT('',(169.,-94.4,1.51));
#12000 = CIRCLE('',#12001,0.4);
#12001 = AXIS2_PLACEMENT_3D('',#12002,#12003,#12004);
#12002 = CARTESIAN_POINT('',(169.,-94.,1.51));
#12003 = DIRECTION('',(-0.,0.,-1.));
#12004 = DIRECTION('',(-0.,-1.,0.));
#12005 = FACE_BOUND('',#12006,.T.);
#12006 = EDGE_LOOP('',(#12007));
#12007 = ORIENTED_EDGE('',*,*,#12008,.T.);
#12008 = EDGE_CURVE('',#12009,#12009,#12011,.T.);
#12009 = VERTEX_POINT('',#12010);
#12010 = CARTESIAN_POINT('',(176.62,-94.4,1.51));
#12011 = CIRCLE('',#12012,0.4);
#12012 = AXIS2_PLACEMENT_3D('',#12013,#12014,#12015);
#12013 = CARTESIAN_POINT('',(176.62,-94.,1.51));
#12014 = DIRECTION('',(-0.,0.,-1.));
#12015 = DIRECTION('',(-0.,-1.,0.));
#12016 = FACE_BOUND('',#12017,.T.);
#12017 = EDGE_LOOP('',(#12018));
#12018 = ORIENTED_EDGE('',*,*,#12019,.T.);
#12019 = EDGE_CURVE('',#12020,#12020,#12022,.T.);
#12020 = VERTEX_POINT('',#12021);
#12021 = CARTESIAN_POINT('',(169.,-91.86,1.51));
#12022 = CIRCLE('',#12023,0.4);
#12023 = AXIS2_PLACEMENT_3D('',#12024,#12025,#12026);
#12024 = CARTESIAN_POINT('',(169.,-91.46,1.51));
#12025 = DIRECTION('',(-0.,0.,-1.));
#12026 = DIRECTION('',(-0.,-1.,0.));
#12027 = FACE_BOUND('',#12028,.T.);
#12028 = EDGE_LOOP('',(#12029));
#12029 = ORIENTED_EDGE('',*,*,#12030,.T.);
#12030 = EDGE_CURVE('',#12031,#12031,#12033,.T.);
#12031 = VERTEX_POINT('',#12032);
#12032 = CARTESIAN_POINT('',(176.62,-91.86,1.51));
#12033 = CIRCLE('',#12034,0.4);
#12034 = AXIS2_PLACEMENT_3D('',#12035,#12036,#12037);
#12035 = CARTESIAN_POINT('',(176.62,-91.46,1.51));
#12036 = DIRECTION('',(-0.,0.,-1.));
#12037 = DIRECTION('',(-0.,-1.,0.));
#12038 = FACE_BOUND('',#12039,.T.);
#12039 = EDGE_LOOP('',(#12040));
#12040 = ORIENTED_EDGE('',*,*,#12041,.T.);
#12041 = EDGE_CURVE('',#12042,#12042,#12044,.T.);
#12042 = VERTEX_POINT('',#12043);
#12043 = CARTESIAN_POINT('',(212.5,-105.85,1.51));
#12044 = CIRCLE('',#12045,1.35);
#12045 = AXIS2_PLACEMENT_3D('',#12046,#12047,#12048);
#12046 = CARTESIAN_POINT('',(212.5,-104.5,1.51));
#12047 = DIRECTION('',(-0.,0.,-1.));
#12048 = DIRECTION('',(-0.,-1.,0.));
#12049 = FACE_BOUND('',#12050,.T.);
#12050 = EDGE_LOOP('',(#12051));
#12051 = ORIENTED_EDGE('',*,*,#12052,.T.);
#12052 = EDGE_CURVE('',#12053,#12053,#12055,.T.);
#12053 = VERTEX_POINT('',#12054);
#12054 = CARTESIAN_POINT('',(180.122621,-97.09,1.51));
#12055 = CIRCLE('',#12056,0.4);
#12056 = AXIS2_PLACEMENT_3D('',#12057,#12058,#12059);
#12057 = CARTESIAN_POINT('',(180.122621,-96.69,1.51));
#12058 = DIRECTION('',(-0.,0.,-1.));
#12059 = DIRECTION('',(7.105427357601E-14,-1.,-0.));
#12060 = FACE_BOUND('',#12061,.T.);
#12061 = EDGE_LOOP('',(#12062));
#12062 = ORIENTED_EDGE('',*,*,#12063,.T.);
#12063 = EDGE_CURVE('',#12064,#12064,#12066,.T.);
#12064 = VERTEX_POINT('',#12065);
#12065 = CARTESIAN_POINT('',(182.622621,-97.09,1.51));
#12066 = CIRCLE('',#12067,0.4);
#12067 = AXIS2_PLACEMENT_3D('',#12068,#12069,#12070);
#12068 = CARTESIAN_POINT('',(182.622621,-96.69,1.51));
#12069 = DIRECTION('',(-0.,0.,-1.));
#12070 = DIRECTION('',(7.105427357601E-14,-1.,-0.));
#12071 = FACE_BOUND('',#12072,.T.);
#12072 = EDGE_LOOP('',(#12073,#12084,#12092,#12101));
#12073 = ORIENTED_EDGE('',*,*,#12074,.T.);
#12074 = EDGE_CURVE('',#12075,#12077,#12079,.T.);
#12075 = VERTEX_POINT('',#12076);
#12076 = CARTESIAN_POINT('',(207.74,-90.199999,1.51));
#12077 = VERTEX_POINT('',#12078);
#12078 = CARTESIAN_POINT('',(207.74,-89.600001,1.51));
#12079 = CIRCLE('',#12080,0.299999);
#12080 = AXIS2_PLACEMENT_3D('',#12081,#12082,#12083);
#12081 = CARTESIAN_POINT('',(207.74,-89.9,1.51));
#12082 = DIRECTION('',(-0.,0.,-1.));
#12083 = DIRECTION('',(0.,1.,0.));
#12084 = ORIENTED_EDGE('',*,*,#12085,.T.);
#12085 = EDGE_CURVE('',#12077,#12086,#12088,.T.);
#12086 = VERTEX_POINT('',#12087);
#12087 = CARTESIAN_POINT('',(208.34,-89.600001,1.51));
#12088 = LINE('',#12089,#12090);
#12089 = CARTESIAN_POINT('',(104.17,-89.600001,1.51));
#12090 = VECTOR('',#12091,1.);
#12091 = DIRECTION('',(1.,0.,-0.));
#12092 = ORIENTED_EDGE('',*,*,#12093,.T.);
#12093 = EDGE_CURVE('',#12086,#12094,#12096,.T.);
#12094 = VERTEX_POINT('',#12095);
#12095 = CARTESIAN_POINT('',(208.34,-90.199999,1.51));
#12096 = CIRCLE('',#12097,0.299999);
#12097 = AXIS2_PLACEMENT_3D('',#12098,#12099,#12100);
#12098 = CARTESIAN_POINT('',(208.34,-89.9,1.51));
#12099 = DIRECTION('',(-0.,0.,-1.));
#12100 = DIRECTION('',(-0.,-1.,0.));
#12101 = ORIENTED_EDGE('',*,*,#12102,.T.);
#12102 = EDGE_CURVE('',#12094,#12075,#12103,.T.);
#12103 = LINE('',#12104,#12105);
#12104 = CARTESIAN_POINT('',(103.87,-90.199999,1.51));
#12105 = VECTOR('',#12106,1.);
#12106 = DIRECTION('',(-1.,0.,0.));
#12107 = FACE_BOUND('',#12108,.T.);
#12108 = EDGE_LOOP('',(#12109));
#12109 = ORIENTED_EDGE('',*,*,#12110,.T.);
#12110 = EDGE_CURVE('',#12111,#12111,#12113,.T.);
#12111 = VERTEX_POINT('',#12112);
#12112 = CARTESIAN_POINT('',(142.1115,-84.3245,1.51));
#12113 = CIRCLE('',#12114,0.4445);
#12114 = AXIS2_PLACEMENT_3D('',#12115,#12116,#12117);
#12115 = CARTESIAN_POINT('',(142.1115,-83.88,1.51));
#12116 = DIRECTION('',(-0.,0.,-1.));
#12117 = DIRECTION('',(-0.,-1.,0.));
#12118 = FACE_BOUND('',#12119,.T.);
#12119 = EDGE_LOOP('',(#12120));
#12120 = ORIENTED_EDGE('',*,*,#12121,.T.);
#12121 = EDGE_CURVE('',#12122,#12122,#12124,.T.);
#12122 = VERTEX_POINT('',#12123);
#12123 = CARTESIAN_POINT('',(144.6515,-84.3245,1.51));
#12124 = CIRCLE('',#12125,0.4445);
#12125 = AXIS2_PLACEMENT_3D('',#12126,#12127,#12128);
#12126 = CARTESIAN_POINT('',(144.6515,-83.88,1.51));
#12127 = DIRECTION('',(-0.,0.,-1.));
#12128 = DIRECTION('',(-0.,-1.,0.));
#12129 = FACE_BOUND('',#12130,.T.);
#12130 = EDGE_LOOP('',(#12131));
#12131 = ORIENTED_EDGE('',*,*,#12132,.T.);
#12132 = EDGE_CURVE('',#12133,#12133,#12135,.T.);
#12133 = VERTEX_POINT('',#12134);
#12134 = CARTESIAN_POINT('',(147.1915,-84.3245,1.51));
#12135 = CIRCLE('',#12136,0.4445);
#12136 = AXIS2_PLACEMENT_3D('',#12137,#12138,#12139);
#12137 = CARTESIAN_POINT('',(147.1915,-83.88,1.51));
#12138 = DIRECTION('',(-0.,0.,-1.));
#12139 = DIRECTION('',(-6.394085361171E-14,-1.,0.));
#12140 = FACE_BOUND('',#12141,.T.);
#12141 = EDGE_LOOP('',(#12142));
#12142 = ORIENTED_EDGE('',*,*,#12143,.T.);
#12143 = EDGE_CURVE('',#12144,#12144,#12146,.T.);
#12144 = VERTEX_POINT('',#12145);
#12145 = CARTESIAN_POINT('',(149.7315,-84.3245,1.51));
#12146 = CIRCLE('',#12147,0.4445);
#12147 = AXIS2_PLACEMENT_3D('',#12148,#12149,#12150);
#12148 = CARTESIAN_POINT('',(149.7315,-83.88,1.51));
#12149 = DIRECTION('',(-0.,0.,-1.));
#12150 = DIRECTION('',(6.39408536117E-14,-1.,-0.));
#12151 = FACE_BOUND('',#12152,.T.);
#12152 = EDGE_LOOP('',(#12153));
#12153 = ORIENTED_EDGE('',*,*,#12154,.T.);
#12154 = EDGE_CURVE('',#12155,#12155,#12157,.T.);
#12155 = VERTEX_POINT('',#12156);
#12156 = CARTESIAN_POINT('',(152.2715,-84.3245,1.51));
#12157 = CIRCLE('',#12158,0.4445);
#12158 = AXIS2_PLACEMENT_3D('',#12159,#12160,#12161);
#12159 = CARTESIAN_POINT('',(152.2715,-83.88,1.51));
#12160 = DIRECTION('',(-0.,0.,-1.));
#12161 = DIRECTION('',(-0.,-1.,0.));
#12162 = FACE_BOUND('',#12163,.T.);
#12163 = EDGE_LOOP('',(#12164));
#12164 = ORIENTED_EDGE('',*,*,#12165,.T.);
#12165 = EDGE_CURVE('',#12166,#12166,#12168,.T.);
#12166 = VERTEX_POINT('',#12167);
#12167 = CARTESIAN_POINT('',(154.8115,-84.3245,1.51));
#12168 = CIRCLE('',#12169,0.4445);
#12169 = AXIS2_PLACEMENT_3D('',#12170,#12171,#12172);
#12170 = CARTESIAN_POINT('',(154.8115,-83.88,1.51));
#12171 = DIRECTION('',(-0.,0.,-1.));
#12172 = DIRECTION('',(-0.,-1.,0.));
#12173 = FACE_BOUND('',#12174,.T.);
#12174 = EDGE_LOOP('',(#12175));
#12175 = ORIENTED_EDGE('',*,*,#12176,.T.);
#12176 = EDGE_CURVE('',#12177,#12177,#12179,.T.);
#12177 = VERTEX_POINT('',#12178);
#12178 = CARTESIAN_POINT('',(157.3515,-84.3245,1.51));
#12179 = CIRCLE('',#12180,0.4445);
#12180 = AXIS2_PLACEMENT_3D('',#12181,#12182,#12183);
#12181 = CARTESIAN_POINT('',(157.3515,-83.88,1.51));
#12182 = DIRECTION('',(-0.,0.,-1.));
#12183 = DIRECTION('',(-0.,-1.,0.));
#12184 = FACE_BOUND('',#12185,.T.);
#12185 = EDGE_LOOP('',(#12186));
#12186 = ORIENTED_EDGE('',*,*,#12187,.T.);
#12187 = EDGE_CURVE('',#12188,#12188,#12190,.T.);
#12188 = VERTEX_POINT('',#12189);
#12189 = CARTESIAN_POINT('',(162.805,-88.59,1.51));
#12190 = CIRCLE('',#12191,0.4);
#12191 = AXIS2_PLACEMENT_3D('',#12192,#12193,#12194);
#12192 = CARTESIAN_POINT('',(162.805,-88.19,1.51));
#12193 = DIRECTION('',(-0.,0.,-1.));
#12194 = DIRECTION('',(-0.,-1.,0.));
#12195 = FACE_BOUND('',#12196,.T.);
#12196 = EDGE_LOOP('',(#12197));
#12197 = ORIENTED_EDGE('',*,*,#12198,.T.);
#12198 = EDGE_CURVE('',#12199,#12199,#12201,.T.);
#12199 = VERTEX_POINT('',#12200);
#12200 = CARTESIAN_POINT('',(165.305,-88.59,1.51));
#12201 = CIRCLE('',#12202,0.4);
#12202 = AXIS2_PLACEMENT_3D('',#12203,#12204,#12205);
#12203 = CARTESIAN_POINT('',(165.305,-88.19,1.51));
#12204 = DIRECTION('',(-0.,0.,-1.));
#12205 = DIRECTION('',(-0.,-1.,0.));
#12206 = FACE_BOUND('',#12207,.T.);
#12207 = EDGE_LOOP('',(#12208));
#12208 = ORIENTED_EDGE('',*,*,#12209,.T.);
#12209 = EDGE_CURVE('',#12210,#12210,#12212,.T.);
#12210 = VERTEX_POINT('',#12211);
#12211 = CARTESIAN_POINT('',(169.,-89.32,1.51));
#12212 = CIRCLE('',#12213,0.4);
#12213 = AXIS2_PLACEMENT_3D('',#12214,#12215,#12216);
#12214 = CARTESIAN_POINT('',(169.,-88.92,1.51));
#12215 = DIRECTION('',(-0.,0.,-1.));
#12216 = DIRECTION('',(-0.,-1.,0.));
#12217 = FACE_BOUND('',#12218,.T.);
#12218 = EDGE_LOOP('',(#12219));
#12219 = ORIENTED_EDGE('',*,*,#12220,.T.);
#12220 = EDGE_CURVE('',#12221,#12221,#12223,.T.);
#12221 = VERTEX_POINT('',#12222);
#12222 = CARTESIAN_POINT('',(176.62,-89.32,1.51));
#12223 = CIRCLE('',#12224,0.4);
#12224 = AXIS2_PLACEMENT_3D('',#12225,#12226,#12227);
#12225 = CARTESIAN_POINT('',(176.62,-88.92,1.51));
#12226 = DIRECTION('',(-0.,0.,-1.));
#12227 = DIRECTION('',(-0.,-1.,0.));
#12228 = FACE_BOUND('',#12229,.T.);
#12229 = EDGE_LOOP('',(#12230));
#12230 = ORIENTED_EDGE('',*,*,#12231,.T.);
#12231 = EDGE_CURVE('',#12232,#12232,#12234,.T.);
#12232 = VERTEX_POINT('',#12233);
#12233 = CARTESIAN_POINT('',(169.,-86.78,1.51));
#12234 = CIRCLE('',#12235,0.4);
#12235 = AXIS2_PLACEMENT_3D('',#12236,#12237,#12238);
#12236 = CARTESIAN_POINT('',(169.,-86.38,1.51));
#12237 = DIRECTION('',(-0.,0.,-1.));
#12238 = DIRECTION('',(-0.,-1.,0.));
#12239 = FACE_BOUND('',#12240,.T.);
#12240 = EDGE_LOOP('',(#12241));
#12241 = ORIENTED_EDGE('',*,*,#12242,.T.);
#12242 = EDGE_CURVE('',#12243,#12243,#12245,.T.);
#12243 = VERTEX_POINT('',#12244);
#12244 = CARTESIAN_POINT('',(176.62,-86.78,1.51));
#12245 = CIRCLE('',#12246,0.4);
#12246 = AXIS2_PLACEMENT_3D('',#12247,#12248,#12249);
#12247 = CARTESIAN_POINT('',(176.62,-86.38,1.51));
#12248 = DIRECTION('',(-0.,0.,-1.));
#12249 = DIRECTION('',(-0.,-1.,0.));
#12250 = FACE_BOUND('',#12251,.T.);
#12251 = EDGE_LOOP('',(#12252));
#12252 = ORIENTED_EDGE('',*,*,#12253,.T.);
#12253 = EDGE_CURVE('',#12254,#12254,#12256,.T.);
#12254 = VERTEX_POINT('',#12255);
#12255 = CARTESIAN_POINT('',(142.5,-75.85,1.51));
#12256 = CIRCLE('',#12257,1.35);
#12257 = AXIS2_PLACEMENT_3D('',#12258,#12259,#12260);
#12258 = CARTESIAN_POINT('',(142.5,-74.5,1.51));
#12259 = DIRECTION('',(-0.,0.,-1.));
#12260 = DIRECTION('',(-0.,-1.,0.));
#12261 = FACE_BOUND('',#12262,.T.);
#12262 = EDGE_LOOP('',(#12263));
#12263 = ORIENTED_EDGE('',*,*,#12264,.T.);
#12264 = EDGE_CURVE('',#12265,#12265,#12267,.T.);
#12265 = VERTEX_POINT('',#12266);
#12266 = CARTESIAN_POINT('',(150.,-75.5,1.51));
#12267 = CIRCLE('',#12268,0.5);
#12268 = AXIS2_PLACEMENT_3D('',#12269,#12270,#12271);
#12269 = CARTESIAN_POINT('',(150.,-75.,1.51));
#12270 = DIRECTION('',(-0.,0.,-1.));
#12271 = DIRECTION('',(-0.,-1.,0.));
#12272 = FACE_BOUND('',#12273,.T.);
#12273 = EDGE_LOOP('',(#12274));
#12274 = ORIENTED_EDGE('',*,*,#12275,.T.);
#12275 = EDGE_CURVE('',#12276,#12276,#12278,.T.);
#12276 = VERTEX_POINT('',#12277);
#12277 = CARTESIAN_POINT('',(152.54,-75.5,1.51));
#12278 = CIRCLE('',#12279,0.5);
#12279 = AXIS2_PLACEMENT_3D('',#12280,#12281,#12282);
#12280 = CARTESIAN_POINT('',(152.54,-75.,1.51));
#12281 = DIRECTION('',(-0.,0.,-1.));
#12282 = DIRECTION('',(-0.,-1.,0.));
#12283 = FACE_BOUND('',#12284,.T.);
#12284 = EDGE_LOOP('',(#12285));
#12285 = ORIENTED_EDGE('',*,*,#12286,.T.);
#12286 = EDGE_CURVE('',#12287,#12287,#12289,.T.);
#12287 = VERTEX_POINT('',#12288);
#12288 = CARTESIAN_POINT('',(171.805,-81.59,1.51));
#12289 = CIRCLE('',#12290,0.4);
#12290 = AXIS2_PLACEMENT_3D('',#12291,#12292,#12293);
#12291 = CARTESIAN_POINT('',(171.805,-81.19,1.51));
#12292 = DIRECTION('',(-0.,0.,-1.));
#12293 = DIRECTION('',(-0.,-1.,0.));
#12294 = FACE_BOUND('',#12295,.T.);
#12295 = EDGE_LOOP('',(#12296));
#12296 = ORIENTED_EDGE('',*,*,#12297,.T.);
#12297 = EDGE_CURVE('',#12298,#12298,#12300,.T.);
#12298 = VERTEX_POINT('',#12299);
#12299 = CARTESIAN_POINT('',(174.305,-81.59,1.51));
#12300 = CIRCLE('',#12301,0.4);
#12301 = AXIS2_PLACEMENT_3D('',#12302,#12303,#12304);
#12302 = CARTESIAN_POINT('',(174.305,-81.19,1.51));
#12303 = DIRECTION('',(-0.,0.,-1.));
#12304 = DIRECTION('',(-0.,-1.,0.));
#12305 = FACE_BOUND('',#12306,.T.);
#12306 = EDGE_LOOP('',(#12307));
#12307 = ORIENTED_EDGE('',*,*,#12308,.T.);
#12308 = EDGE_CURVE('',#12309,#12309,#12311,.T.);
#12309 = VERTEX_POINT('',#12310);
#12310 = CARTESIAN_POINT('',(165.725,-76.,1.51));
#12311 = CIRCLE('',#12312,0.5);
#12312 = AXIS2_PLACEMENT_3D('',#12313,#12314,#12315);
#12313 = CARTESIAN_POINT('',(165.725,-75.5,1.51));
#12314 = DIRECTION('',(-0.,0.,-1.));
#12315 = DIRECTION('',(-0.,-1.,0.));
#12316 = FACE_BOUND('',#12317,.T.);
#12317 = EDGE_LOOP('',(#12318));
#12318 = ORIENTED_EDGE('',*,*,#12319,.T.);
#12319 = EDGE_CURVE('',#12320,#12320,#12322,.T.);
#12320 = VERTEX_POINT('',#12321);
#12321 = CARTESIAN_POINT('',(168.265,-76.,1.51));
#12322 = CIRCLE('',#12323,0.5);
#12323 = AXIS2_PLACEMENT_3D('',#12324,#12325,#12326);
#12324 = CARTESIAN_POINT('',(168.265,-75.5,1.51));
#12325 = DIRECTION('',(-0.,0.,-1.));
#12326 = DIRECTION('',(-0.,-1.,0.));
#12327 = FACE_BOUND('',#12328,.T.);
#12328 = EDGE_LOOP('',(#12329));
#12329 = ORIENTED_EDGE('',*,*,#12330,.T.);
#12330 = EDGE_CURVE('',#12331,#12331,#12333,.T.);
#12331 = VERTEX_POINT('',#12332);
#12332 = CARTESIAN_POINT('',(173.765,-76.,1.51));
#12333 = CIRCLE('',#12334,0.5);
#12334 = AXIS2_PLACEMENT_3D('',#12335,#12336,#12337);
#12335 = CARTESIAN_POINT('',(173.765,-75.5,1.51));
#12336 = DIRECTION('',(-0.,0.,-1.));
#12337 = DIRECTION('',(-0.,-1.,0.));
#12338 = FACE_BOUND('',#12339,.T.);
#12339 = EDGE_LOOP('',(#12340));
#12340 = ORIENTED_EDGE('',*,*,#12341,.T.);
#12341 = EDGE_CURVE('',#12342,#12342,#12344,.T.);
#12342 = VERTEX_POINT('',#12343);
#12343 = CARTESIAN_POINT('',(176.305,-76.,1.51));
#12344 = CIRCLE('',#12345,0.5);
#12345 = AXIS2_PLACEMENT_3D('',#12346,#12347,#12348);
#12346 = CARTESIAN_POINT('',(176.305,-75.5,1.51));
#12347 = DIRECTION('',(-0.,0.,-1.));
#12348 = DIRECTION('',(-0.,-1.,0.));
#12349 = FACE_BOUND('',#12350,.T.);
#12350 = EDGE_LOOP('',(#12351));
#12351 = ORIENTED_EDGE('',*,*,#12352,.T.);
#12352 = EDGE_CURVE('',#12353,#12353,#12355,.T.);
#12353 = VERTEX_POINT('',#12354);
#12354 = CARTESIAN_POINT('',(180.305,-88.59,1.51));
#12355 = CIRCLE('',#12356,0.4);
#12356 = AXIS2_PLACEMENT_3D('',#12357,#12358,#12359);
#12357 = CARTESIAN_POINT('',(180.305,-88.19,1.51));
#12358 = DIRECTION('',(-0.,0.,-1.));
#12359 = DIRECTION('',(-0.,-1.,0.));
#12360 = FACE_BOUND('',#12361,.T.);
#12361 = EDGE_LOOP('',(#12362));
#12362 = ORIENTED_EDGE('',*,*,#12363,.T.);
#12363 = EDGE_CURVE('',#12364,#12364,#12366,.T.);
#12364 = VERTEX_POINT('',#12365);
#12365 = CARTESIAN_POINT('',(182.805,-88.59,1.51));
#12366 = CIRCLE('',#12367,0.4);
#12367 = AXIS2_PLACEMENT_3D('',#12368,#12369,#12370);
#12368 = CARTESIAN_POINT('',(182.805,-88.19,1.51));
#12369 = DIRECTION('',(-0.,0.,-1.));
#12370 = DIRECTION('',(-0.,-1.,0.));
#12371 = FACE_BOUND('',#12372,.T.);
#12372 = EDGE_LOOP('',(#12373));
#12373 = ORIENTED_EDGE('',*,*,#12374,.T.);
#12374 = EDGE_CURVE('',#12375,#12375,#12377,.T.);
#12375 = VERTEX_POINT('',#12376);
#12376 = CARTESIAN_POINT('',(204.04,-88.1,1.51));
#12377 = CIRCLE('',#12378,0.6);
#12378 = AXIS2_PLACEMENT_3D('',#12379,#12380,#12381);
#12379 = CARTESIAN_POINT('',(204.04,-87.5,1.51));
#12380 = DIRECTION('',(-0.,0.,-1.));
#12381 = DIRECTION('',(-0.,-1.,0.));
#12382 = FACE_BOUND('',#12383,.T.);
#12383 = EDGE_LOOP('',(#12384));
#12384 = ORIENTED_EDGE('',*,*,#12385,.T.);
#12385 = EDGE_CURVE('',#12386,#12386,#12388,.T.);
#12386 = VERTEX_POINT('',#12387);
#12387 = CARTESIAN_POINT('',(210.04,-88.1,1.51));
#12388 = CIRCLE('',#12389,0.6);
#12389 = AXIS2_PLACEMENT_3D('',#12390,#12391,#12392);
#12390 = CARTESIAN_POINT('',(210.04,-87.5,1.51));
#12391 = DIRECTION('',(-0.,0.,-1.));
#12392 = DIRECTION('',(-0.,-1.,0.));
#12393 = FACE_BOUND('',#12394,.T.);
#12394 = EDGE_LOOP('',(#12395,#12406,#12414,#12423));
#12395 = ORIENTED_EDGE('',*,*,#12396,.T.);
#12396 = EDGE_CURVE('',#12397,#12399,#12401,.T.);
#12397 = VERTEX_POINT('',#12398);
#12398 = CARTESIAN_POINT('',(202.74,-85.399999,1.51));
#12399 = VERTEX_POINT('',#12400);
#12400 = CARTESIAN_POINT('',(202.74,-84.800001,1.51));
#12401 = CIRCLE('',#12402,0.299999);
#12402 = AXIS2_PLACEMENT_3D('',#12403,#12404,#12405);
#12403 = CARTESIAN_POINT('',(202.74,-85.1,1.51));
#12404 = DIRECTION('',(-0.,0.,-1.));
#12405 = DIRECTION('',(0.,1.,0.));
#12406 = ORIENTED_EDGE('',*,*,#12407,.T.);
#12407 = EDGE_CURVE('',#12399,#12408,#12410,.T.);
#12408 = VERTEX_POINT('',#12409);
#12409 = CARTESIAN_POINT('',(203.34,-84.800001,1.51));
#12410 = LINE('',#12411,#12412);
#12411 = CARTESIAN_POINT('',(101.67,-84.800001,1.51));
#12412 = VECTOR('',#12413,1.);
#12413 = DIRECTION('',(1.,0.,-0.));
#12414 = ORIENTED_EDGE('',*,*,#12415,.T.);
#12415 = EDGE_CURVE('',#12408,#12416,#12418,.T.);
#12416 = VERTEX_POINT('',#12417);
#12417 = CARTESIAN_POINT('',(203.34,-85.399999,1.51));
#12418 = CIRCLE('',#12419,0.299999);
#12419 = AXIS2_PLACEMENT_3D('',#12420,#12421,#12422);
#12420 = CARTESIAN_POINT('',(203.34,-85.1,1.51));
#12421 = DIRECTION('',(-0.,0.,-1.));
#12422 = DIRECTION('',(-0.,-1.,0.));
#12423 = ORIENTED_EDGE('',*,*,#12424,.T.);
#12424 = EDGE_CURVE('',#12416,#12397,#12425,.T.);
#12425 = LINE('',#12426,#12427);
#12426 = CARTESIAN_POINT('',(101.37,-85.399999,1.51));
#12427 = VECTOR('',#12428,1.);
#12428 = DIRECTION('',(-1.,0.,0.));
#12429 = FACE_BOUND('',#12430,.T.);
#12430 = EDGE_LOOP('',(#12431,#12442,#12450,#12459));
#12431 = ORIENTED_EDGE('',*,*,#12432,.T.);
#12432 = EDGE_CURVE('',#12433,#12435,#12437,.T.);
#12433 = VERTEX_POINT('',#12434);
#12434 = CARTESIAN_POINT('',(209.74,-85.399999,1.51));
#12435 = VERTEX_POINT('',#12436);
#12436 = CARTESIAN_POINT('',(209.74,-84.800001,1.51));
#12437 = CIRCLE('',#12438,0.299999);
#12438 = AXIS2_PLACEMENT_3D('',#12439,#12440,#12441);
#12439 = CARTESIAN_POINT('',(209.74,-85.1,1.51));
#12440 = DIRECTION('',(-0.,0.,-1.));
#12441 = DIRECTION('',(0.,1.,0.));
#12442 = ORIENTED_EDGE('',*,*,#12443,.T.);
#12443 = EDGE_CURVE('',#12435,#12444,#12446,.T.);
#12444 = VERTEX_POINT('',#12445);
#12445 = CARTESIAN_POINT('',(210.34,-84.800001,1.51));
#12446 = LINE('',#12447,#12448);
#12447 = CARTESIAN_POINT('',(105.17,-84.800001,1.51));
#12448 = VECTOR('',#12449,1.);
#12449 = DIRECTION('',(1.,0.,-0.));
#12450 = ORIENTED_EDGE('',*,*,#12451,.T.);
#12451 = EDGE_CURVE('',#12444,#12452,#12454,.T.);
#12452 = VERTEX_POINT('',#12453);
#12453 = CARTESIAN_POINT('',(210.34,-85.399999,1.51));
#12454 = CIRCLE('',#12455,0.299999);
#12455 = AXIS2_PLACEMENT_3D('',#12456,#12457,#12458);
#12456 = CARTESIAN_POINT('',(210.34,-85.1,1.51));
#12457 = DIRECTION('',(-0.,0.,-1.));
#12458 = DIRECTION('',(-0.,-1.,0.));
#12459 = ORIENTED_EDGE('',*,*,#12460,.T.);
#12460 = EDGE_CURVE('',#12452,#12433,#12461,.T.);
#12461 = LINE('',#12462,#12463);
#12462 = CARTESIAN_POINT('',(104.87,-85.399999,1.51));
#12463 = VECTOR('',#12464,1.);
#12464 = DIRECTION('',(-1.,0.,0.));
#12465 = FACE_BOUND('',#12466,.T.);
#12466 = EDGE_LOOP('',(#12467));
#12467 = ORIENTED_EDGE('',*,*,#12468,.T.);
#12468 = EDGE_CURVE('',#12469,#12469,#12471,.T.);
#12469 = VERTEX_POINT('',#12470);
#12470 = CARTESIAN_POINT('',(185.495,-78.4,1.51));
#12471 = CIRCLE('',#12472,0.4);
#12472 = AXIS2_PLACEMENT_3D('',#12473,#12474,#12475);
#12473 = CARTESIAN_POINT('',(185.495,-78.,1.51));
#12474 = DIRECTION('',(-0.,0.,-1.));
#12475 = DIRECTION('',(-0.,-1.,0.));
#12476 = FACE_BOUND('',#12477,.T.);
#12477 = EDGE_LOOP('',(#12478));
#12478 = ORIENTED_EDGE('',*,*,#12479,.T.);
#12479 = EDGE_CURVE('',#12480,#12480,#12482,.T.);
#12480 = VERTEX_POINT('',#12481);
#12481 = CARTESIAN_POINT('',(193.115,-78.4,1.51));
#12482 = CIRCLE('',#12483,0.4);
#12483 = AXIS2_PLACEMENT_3D('',#12484,#12485,#12486);
#12484 = CARTESIAN_POINT('',(193.115,-78.,1.51));
#12485 = DIRECTION('',(-0.,0.,-1.));
#12486 = DIRECTION('',(-0.,-1.,0.));
#12487 = FACE_BOUND('',#12488,.T.);
#12488 = EDGE_LOOP('',(#12489));
#12489 = ORIENTED_EDGE('',*,*,#12490,.T.);
#12490 = EDGE_CURVE('',#12491,#12491,#12493,.T.);
#12491 = VERTEX_POINT('',#12492);
#12492 = CARTESIAN_POINT('',(195.685,-78.4,1.51));
#12493 = CIRCLE('',#12494,0.4);
#12494 = AXIS2_PLACEMENT_3D('',#12495,#12496,#12497);
#12495 = CARTESIAN_POINT('',(195.685,-78.,1.51));
#12496 = DIRECTION('',(-0.,0.,-1.));
#12497 = DIRECTION('',(-0.,-1.,0.));
#12498 = FACE_BOUND('',#12499,.T.);
#12499 = EDGE_LOOP('',(#12500));
#12500 = ORIENTED_EDGE('',*,*,#12501,.T.);
#12501 = EDGE_CURVE('',#12502,#12502,#12504,.T.);
#12502 = VERTEX_POINT('',#12503);
#12503 = CARTESIAN_POINT('',(186.265,-75.,1.51));
#12504 = CIRCLE('',#12505,0.5);
#12505 = AXIS2_PLACEMENT_3D('',#12506,#12507,#12508);
#12506 = CARTESIAN_POINT('',(186.265,-74.5,1.51));
#12507 = DIRECTION('',(-0.,0.,-1.));
#12508 = DIRECTION('',(-0.,-1.,0.));
#12509 = FACE_BOUND('',#12510,.T.);
#12510 = EDGE_LOOP('',(#12511));
#12511 = ORIENTED_EDGE('',*,*,#12512,.T.);
#12512 = EDGE_CURVE('',#12513,#12513,#12515,.T.);
#12513 = VERTEX_POINT('',#12514);
#12514 = CARTESIAN_POINT('',(188.805,-75.,1.51));
#12515 = CIRCLE('',#12516,0.5);
#12516 = AXIS2_PLACEMENT_3D('',#12517,#12518,#12519);
#12517 = CARTESIAN_POINT('',(188.805,-74.5,1.51));
#12518 = DIRECTION('',(-0.,0.,-1.));
#12519 = DIRECTION('',(-0.,-1.,0.));
#12520 = FACE_BOUND('',#12521,.T.);
#12521 = EDGE_LOOP('',(#12522));
#12522 = ORIENTED_EDGE('',*,*,#12523,.T.);
#12523 = EDGE_CURVE('',#12524,#12524,#12526,.T.);
#12524 = VERTEX_POINT('',#12525);
#12525 = CARTESIAN_POINT('',(191.345,-75.,1.51));
#12526 = CIRCLE('',#12527,0.5);
#12527 = AXIS2_PLACEMENT_3D('',#12528,#12529,#12530);
#12528 = CARTESIAN_POINT('',(191.345,-74.5,1.51));
#12529 = DIRECTION('',(-0.,0.,-1.));
#12530 = DIRECTION('',(-0.,-1.,0.));
#12531 = FACE_BOUND('',#12532,.T.);
#12532 = EDGE_LOOP('',(#12533));
#12533 = ORIENTED_EDGE('',*,*,#12534,.T.);
#12534 = EDGE_CURVE('',#12535,#12535,#12537,.T.);
#12535 = VERTEX_POINT('',#12536);
#12536 = CARTESIAN_POINT('',(203.305,-78.4,1.51));
#12537 = CIRCLE('',#12538,0.4);
#12538 = AXIS2_PLACEMENT_3D('',#12539,#12540,#12541);
#12539 = CARTESIAN_POINT('',(203.305,-78.,1.51));
#12540 = DIRECTION('',(-0.,0.,-1.));
#12541 = DIRECTION('',(-0.,-1.,0.));
#12542 = FACE_BOUND('',#12543,.T.);
#12543 = EDGE_LOOP('',(#12544));
#12544 = ORIENTED_EDGE('',*,*,#12545,.T.);
#12545 = EDGE_CURVE('',#12546,#12546,#12548,.T.);
#12546 = VERTEX_POINT('',#12547);
#12547 = CARTESIAN_POINT('',(196.305,-75.05,1.51));
#12548 = CIRCLE('',#12549,0.5);
#12549 = AXIS2_PLACEMENT_3D('',#12550,#12551,#12552);
#12550 = CARTESIAN_POINT('',(196.305,-74.55,1.51));
#12551 = DIRECTION('',(-0.,0.,-1.));
#12552 = DIRECTION('',(-0.,-1.,0.));
#12553 = FACE_BOUND('',#12554,.T.);
#12554 = EDGE_LOOP('',(#12555));
#12555 = ORIENTED_EDGE('',*,*,#12556,.T.);
#12556 = EDGE_CURVE('',#12557,#12557,#12559,.T.);
#12557 = VERTEX_POINT('',#12558);
#12558 = CARTESIAN_POINT('',(198.845,-75.05,1.51));
#12559 = CIRCLE('',#12560,0.5);
#12560 = AXIS2_PLACEMENT_3D('',#12561,#12562,#12563);
#12561 = CARTESIAN_POINT('',(198.845,-74.55,1.51));
#12562 = DIRECTION('',(-0.,0.,-1.));
#12563 = DIRECTION('',(-0.,-1.,0.));
#12564 = FACE_BOUND('',#12565,.T.);
#12565 = EDGE_LOOP('',(#12566));
#12566 = ORIENTED_EDGE('',*,*,#12567,.T.);
#12567 = EDGE_CURVE('',#12568,#12568,#12570,.T.);
#12568 = VERTEX_POINT('',#12569);
#12569 = CARTESIAN_POINT('',(201.385,-75.05,1.51));
#12570 = CIRCLE('',#12571,0.5);
#12571 = AXIS2_PLACEMENT_3D('',#12572,#12573,#12574);
#12572 = CARTESIAN_POINT('',(201.385,-74.55,1.51));
#12573 = DIRECTION('',(-0.,0.,-1.));
#12574 = DIRECTION('',(-0.,-1.,0.));
#12575 = FACE_BOUND('',#12576,.T.);
#12576 = EDGE_LOOP('',(#12577));
#12577 = ORIENTED_EDGE('',*,*,#12578,.T.);
#12578 = EDGE_CURVE('',#12579,#12579,#12581,.T.);
#12579 = VERTEX_POINT('',#12580);
#12580 = CARTESIAN_POINT('',(213.,-75.85,1.51));
#12581 = CIRCLE('',#12582,1.35);
#12582 = AXIS2_PLACEMENT_3D('',#12583,#12584,#12585);
#12583 = CARTESIAN_POINT('',(213.,-74.5,1.51));
#12584 = DIRECTION('',(-0.,0.,-1.));
#12585 = DIRECTION('',(-0.,-1.,0.));
#12586 = PLANE('',#12587);
#12587 = AXIS2_PLACEMENT_3D('',#12588,#12589,#12590);
#12588 = CARTESIAN_POINT('',(0.,0.,1.51));
#12589 = DIRECTION('',(0.,0.,1.));
#12590 = DIRECTION('',(1.,0.,-0.));
#12591 = ADVANCED_FACE('',(#12592),#12603,.T.);
#12592 = FACE_BOUND('',#12593,.T.);
#12593 = EDGE_LOOP('',(#12594,#12600,#12601,#12602));
#12594 = ORIENTED_EDGE('',*,*,#12595,.T.);
#12595 = EDGE_CURVE('',#11128,#11863,#12596,.T.);
#12596 = LINE('',#12597,#12598);
#12597 = CARTESIAN_POINT('',(139.,-71.,0.));
#12598 = VECTOR('',#12599,1.);
#12599 = DIRECTION('',(0.,0.,1.));
#12600 = ORIENTED_EDGE('',*,*,#11862,.T.);
#12601 = ORIENTED_EDGE('',*,*,#11063,.F.);
#12602 = ORIENTED_EDGE('',*,*,#11127,.F.);
#12603 = PLANE('',#12604);
#12604 = AXIS2_PLACEMENT_3D('',#12605,#12606,#12607);
#12605 = CARTESIAN_POINT('',(139.,-71.,0.));
#12606 = DIRECTION('',(0.,1.,0.));
#12607 = DIRECTION('',(1.,0.,0.));
#12608 = ADVANCED_FACE('',(#12609),#12620,.T.);
#12609 = FACE_BOUND('',#12610,.T.);
#12610 = EDGE_LOOP('',(#12611,#12612,#12613,#12619));
#12611 = ORIENTED_EDGE('',*,*,#11103,.T.);
#12612 = ORIENTED_EDGE('',*,*,#11878,.T.);
#12613 = ORIENTED_EDGE('',*,*,#12614,.F.);
#12614 = EDGE_CURVE('',#11136,#11871,#12615,.T.);
#12615 = LINE('',#12616,#12617);
#12616 = CARTESIAN_POINT('',(138.5,-71.,0.));
#12617 = VECTOR('',#12618,1.);
#12618 = DIRECTION('',(0.,0.,1.));
#12619 = ORIENTED_EDGE('',*,*,#11143,.F.);
#12620 = PLANE('',#12621);
#12621 = AXIS2_PLACEMENT_3D('',#12622,#12623,#12624);
#12622 = CARTESIAN_POINT('',(138.5,-73.5,0.));
#12623 = DIRECTION('',(-1.,0.,0.));
#12624 = DIRECTION('',(0.,1.,0.));
#12625 = ADVANCED_FACE('',(#12626),#12632,.T.);
#12626 = FACE_BOUND('',#12627,.T.);
#12627 = EDGE_LOOP('',(#12628,#12629,#12630,#12631));
#12628 = ORIENTED_EDGE('',*,*,#12614,.T.);
#12629 = ORIENTED_EDGE('',*,*,#11870,.T.);
#12630 = ORIENTED_EDGE('',*,*,#12595,.F.);
#12631 = ORIENTED_EDGE('',*,*,#11135,.F.);
#12632 = PLANE('',#12633);
#12633 = AXIS2_PLACEMENT_3D('',#12634,#12635,#12636);
#12634 = CARTESIAN_POINT('',(138.5,-71.,0.));
#12635 = DIRECTION('',(0.,1.,0.));
#12636 = DIRECTION('',(1.,0.,0.));
#12637 = ADVANCED_FACE('',(#12638),#12649,.F.);
#12638 = FACE_BOUND('',#12639,.T.);
#12639 = EDGE_LOOP('',(#12640,#12641,#12647,#12648));
#12640 = ORIENTED_EDGE('',*,*,#11152,.T.);
#12641 = ORIENTED_EDGE('',*,*,#12642,.T.);
#12642 = EDGE_CURVE('',#11153,#11888,#12643,.T.);
#12643 = LINE('',#12644,#12645);
#12644 = CARTESIAN_POINT('',(142.5,-106.35,-4.6E-02));
#12645 = VECTOR('',#12646,1.);
#12646 = DIRECTION('',(0.,0.,1.));
#12647 = ORIENTED_EDGE('',*,*,#11887,.F.);
#12648 = ORIENTED_EDGE('',*,*,#12642,.F.);
#12649 = CYLINDRICAL_SURFACE('',#12650,1.35);
#12650 = AXIS2_PLACEMENT_3D('',#12651,#12652,#12653);
#12651 = CARTESIAN_POINT('',(142.5,-105.,-4.6E-02));
#12652 = DIRECTION('',(-0.,-0.,-1.));
#12653 = DIRECTION('',(-0.,-1.,0.));
#12654 = ADVANCED_FACE('',(#12655),#12666,.F.);
#12655 = FACE_BOUND('',#12656,.T.);
#12656 = EDGE_LOOP('',(#12657,#12658,#12664,#12665));
#12657 = ORIENTED_EDGE('',*,*,#11163,.T.);
#12658 = ORIENTED_EDGE('',*,*,#12659,.T.);
#12659 = EDGE_CURVE('',#11164,#11899,#12660,.T.);
#12660 = LINE('',#12661,#12662);
#12661 = CARTESIAN_POINT('',(142.1115,-99.5645,-4.6E-02));
#12662 = VECTOR('',#12663,1.);
#12663 = DIRECTION('',(0.,0.,1.));
#12664 = ORIENTED_EDGE('',*,*,#11898,.F.);
#12665 = ORIENTED_EDGE('',*,*,#12659,.F.);
#12666 = CYLINDRICAL_SURFACE('',#12667,0.4445);
#12667 = AXIS2_PLACEMENT_3D('',#12668,#12669,#12670);
#12668 = CARTESIAN_POINT('',(142.1115,-99.12,-4.6E-02));
#12669 = DIRECTION('',(-0.,-0.,-1.));
#12670 = DIRECTION('',(-0.,-1.,0.));
#12671 = ADVANCED_FACE('',(#12672),#12683,.F.);
#12672 = FACE_BOUND('',#12673,.T.);
#12673 = EDGE_LOOP('',(#12674,#12675,#12681,#12682));
#12674 = ORIENTED_EDGE('',*,*,#11174,.T.);
#12675 = ORIENTED_EDGE('',*,*,#12676,.T.);
#12676 = EDGE_CURVE('',#11175,#11910,#12677,.T.);
#12677 = LINE('',#12678,#12679);
#12678 = CARTESIAN_POINT('',(144.6515,-99.5645,-4.6E-02));
#12679 = VECTOR('',#12680,1.);
#12680 = DIRECTION('',(0.,0.,1.));
#12681 = ORIENTED_EDGE('',*,*,#11909,.F.);
#12682 = ORIENTED_EDGE('',*,*,#12676,.F.);
#12683 = CYLINDRICAL_SURFACE('',#12684,0.4445);
#12684 = AXIS2_PLACEMENT_3D('',#12685,#12686,#12687);
#12685 = CARTESIAN_POINT('',(144.6515,-99.12,-4.6E-02));
#12686 = DIRECTION('',(-0.,-0.,-1.));
#12687 = DIRECTION('',(-0.,-1.,0.));
#12688 = ADVANCED_FACE('',(#12689),#12700,.F.);
#12689 = FACE_BOUND('',#12690,.T.);
#12690 = EDGE_LOOP('',(#12691,#12692,#12698,#12699));
#12691 = ORIENTED_EDGE('',*,*,#11185,.T.);
#12692 = ORIENTED_EDGE('',*,*,#12693,.T.);
#12693 = EDGE_CURVE('',#11186,#11921,#12694,.T.);
#12694 = LINE('',#12695,#12696);
#12695 = CARTESIAN_POINT('',(147.1915,-99.5645,-4.6E-02));
#12696 = VECTOR('',#12697,1.);
#12697 = DIRECTION('',(0.,0.,1.));
#12698 = ORIENTED_EDGE('',*,*,#11920,.F.);
#12699 = ORIENTED_EDGE('',*,*,#12693,.F.);
#12700 = CYLINDRICAL_SURFACE('',#12701,0.4445);
#12701 = AXIS2_PLACEMENT_3D('',#12702,#12703,#12704);
#12702 = CARTESIAN_POINT('',(147.1915,-99.12,-4.6E-02));
#12703 = DIRECTION('',(-0.,-0.,-1.));
#12704 = DIRECTION('',(-6.394085361171E-14,-1.,0.));
#12705 = ADVANCED_FACE('',(#12706),#12717,.F.);
#12706 = FACE_BOUND('',#12707,.T.);
#12707 = EDGE_LOOP('',(#12708,#12709,#12715,#12716));
#12708 = ORIENTED_EDGE('',*,*,#11196,.T.);
#12709 = ORIENTED_EDGE('',*,*,#12710,.T.);
#12710 = EDGE_CURVE('',#11197,#11932,#12711,.T.);
#12711 = LINE('',#12712,#12713);
#12712 = CARTESIAN_POINT('',(149.7315,-99.5645,-4.6E-02));
#12713 = VECTOR('',#12714,1.);
#12714 = DIRECTION('',(0.,0.,1.));
#12715 = ORIENTED_EDGE('',*,*,#11931,.F.);
#12716 = ORIENTED_EDGE('',*,*,#12710,.F.);
#12717 = CYLINDRICAL_SURFACE('',#12718,0.4445);
#12718 = AXIS2_PLACEMENT_3D('',#12719,#12720,#12721);
#12719 = CARTESIAN_POINT('',(149.7315,-99.12,-4.6E-02));
#12720 = DIRECTION('',(-0.,0.,-1.));
#12721 = DIRECTION('',(6.39408536117E-14,-1.,-0.));
#12722 = ADVANCED_FACE('',(#12723),#12734,.F.);
#12723 = FACE_BOUND('',#12724,.T.);
#12724 = EDGE_LOOP('',(#12725,#12726,#12732,#12733));
#12725 = ORIENTED_EDGE('',*,*,#11207,.T.);
#12726 = ORIENTED_EDGE('',*,*,#12727,.T.);
#12727 = EDGE_CURVE('',#11208,#11943,#12728,.T.);
#12728 = LINE('',#12729,#12730);
#12729 = CARTESIAN_POINT('',(152.2715,-99.5645,-4.6E-02));
#12730 = VECTOR('',#12731,1.);
#12731 = DIRECTION('',(0.,0.,1.));
#12732 = ORIENTED_EDGE('',*,*,#11942,.F.);
#12733 = ORIENTED_EDGE('',*,*,#12727,.F.);
#12734 = CYLINDRICAL_SURFACE('',#12735,0.4445);
#12735 = AXIS2_PLACEMENT_3D('',#12736,#12737,#12738);
#12736 = CARTESIAN_POINT('',(152.2715,-99.12,-4.6E-02));
#12737 = DIRECTION('',(-0.,-0.,-1.));
#12738 = DIRECTION('',(-0.,-1.,0.));
#12739 = ADVANCED_FACE('',(#12740),#12751,.F.);
#12740 = FACE_BOUND('',#12741,.T.);
#12741 = EDGE_LOOP('',(#12742,#12743,#12749,#12750));
#12742 = ORIENTED_EDGE('',*,*,#11218,.T.);
#12743 = ORIENTED_EDGE('',*,*,#12744,.T.);
#12744 = EDGE_CURVE('',#11219,#11954,#12745,.T.);
#12745 = LINE('',#12746,#12747);
#12746 = CARTESIAN_POINT('',(154.8115,-99.5645,-4.6E-02));
#12747 = VECTOR('',#12748,1.);
#12748 = DIRECTION('',(0.,0.,1.));
#12749 = ORIENTED_EDGE('',*,*,#11953,.F.);
#12750 = ORIENTED_EDGE('',*,*,#12744,.F.);
#12751 = CYLINDRICAL_SURFACE('',#12752,0.4445);
#12752 = AXIS2_PLACEMENT_3D('',#12753,#12754,#12755);
#12753 = CARTESIAN_POINT('',(154.8115,-99.12,-4.6E-02));
#12754 = DIRECTION('',(-0.,-0.,-1.));
#12755 = DIRECTION('',(-0.,-1.,0.));
#12756 = ADVANCED_FACE('',(#12757),#12768,.F.);
#12757 = FACE_BOUND('',#12758,.T.);
#12758 = EDGE_LOOP('',(#12759,#12760,#12766,#12767));
#12759 = ORIENTED_EDGE('',*,*,#11229,.T.);
#12760 = ORIENTED_EDGE('',*,*,#12761,.T.);
#12761 = EDGE_CURVE('',#11230,#11965,#12762,.T.);
#12762 = LINE('',#12763,#12764);
#12763 = CARTESIAN_POINT('',(157.3515,-99.5645,-4.6E-02));
#12764 = VECTOR('',#12765,1.);
#12765 = DIRECTION('',(0.,0.,1.));
#12766 = ORIENTED_EDGE('',*,*,#11964,.F.);
#12767 = ORIENTED_EDGE('',*,*,#12761,.F.);
#12768 = CYLINDRICAL_SURFACE('',#12769,0.4445);
#12769 = AXIS2_PLACEMENT_3D('',#12770,#12771,#12772);
#12770 = CARTESIAN_POINT('',(157.3515,-99.12,-4.6E-02));
#12771 = DIRECTION('',(-0.,-0.,-1.));
#12772 = DIRECTION('',(-0.,-1.,0.));
#12773 = ADVANCED_FACE('',(#12774),#12785,.F.);
#12774 = FACE_BOUND('',#12775,.T.);
#12775 = EDGE_LOOP('',(#12776,#12777,#12783,#12784));
#12776 = ORIENTED_EDGE('',*,*,#11240,.T.);
#12777 = ORIENTED_EDGE('',*,*,#12778,.T.);
#12778 = EDGE_CURVE('',#11241,#11976,#12779,.T.);
#12779 = LINE('',#12780,#12781);
#12780 = CARTESIAN_POINT('',(162.805,-96.44,-4.6E-02));
#12781 = VECTOR('',#12782,1.);
#12782 = DIRECTION('',(0.,0.,1.));
#12783 = ORIENTED_EDGE('',*,*,#11975,.F.);
#12784 = ORIENTED_EDGE('',*,*,#12778,.F.);
#12785 = CYLINDRICAL_SURFACE('',#12786,0.4);
#12786 = AXIS2_PLACEMENT_3D('',#12787,#12788,#12789);
#12787 = CARTESIAN_POINT('',(162.805,-96.04,-4.6E-02));
#12788 = DIRECTION('',(-0.,-0.,-1.));
#12789 = DIRECTION('',(-0.,-1.,0.));
#12790 = ADVANCED_FACE('',(#12791),#12802,.F.);
#12791 = FACE_BOUND('',#12792,.T.);
#12792 = EDGE_LOOP('',(#12793,#12794,#12800,#12801));
#12793 = ORIENTED_EDGE('',*,*,#11251,.T.);
#12794 = ORIENTED_EDGE('',*,*,#12795,.T.);
#12795 = EDGE_CURVE('',#11252,#11987,#12796,.T.);
#12796 = LINE('',#12797,#12798);
#12797 = CARTESIAN_POINT('',(165.305,-96.44,-4.6E-02));
#12798 = VECTOR('',#12799,1.);
#12799 = DIRECTION('',(0.,0.,1.));
#12800 = ORIENTED_EDGE('',*,*,#11986,.F.);
#12801 = ORIENTED_EDGE('',*,*,#12795,.F.);
#12802 = CYLINDRICAL_SURFACE('',#12803,0.4);
#12803 = AXIS2_PLACEMENT_3D('',#12804,#12805,#12806);
#12804 = CARTESIAN_POINT('',(165.305,-96.04,-4.6E-02));
#12805 = DIRECTION('',(-0.,-0.,-1.));
#12806 = DIRECTION('',(-0.,-1.,0.));
#12807 = ADVANCED_FACE('',(#12808),#12819,.F.);
#12808 = FACE_BOUND('',#12809,.T.);
#12809 = EDGE_LOOP('',(#12810,#12811,#12817,#12818));
#12810 = ORIENTED_EDGE('',*,*,#11262,.T.);
#12811 = ORIENTED_EDGE('',*,*,#12812,.T.);
#12812 = EDGE_CURVE('',#11263,#11998,#12813,.T.);
#12813 = LINE('',#12814,#12815);
#12814 = CARTESIAN_POINT('',(169.,-94.4,-4.6E-02));
#12815 = VECTOR('',#12816,1.);
#12816 = DIRECTION('',(0.,0.,1.));
#12817 = ORIENTED_EDGE('',*,*,#11997,.F.);
#12818 = ORIENTED_EDGE('',*,*,#12812,.F.);
#12819 = CYLINDRICAL_SURFACE('',#12820,0.4);
#12820 = AXIS2_PLACEMENT_3D('',#12821,#12822,#12823);
#12821 = CARTESIAN_POINT('',(169.,-94.,-4.6E-02));
#12822 = DIRECTION('',(-0.,-0.,-1.));
#12823 = DIRECTION('',(-0.,-1.,0.));
#12824 = ADVANCED_FACE('',(#12825),#12836,.F.);
#12825 = FACE_BOUND('',#12826,.T.);
#12826 = EDGE_LOOP('',(#12827,#12828,#12834,#12835));
#12827 = ORIENTED_EDGE('',*,*,#11273,.T.);
#12828 = ORIENTED_EDGE('',*,*,#12829,.T.);
#12829 = EDGE_CURVE('',#11274,#12009,#12830,.T.);
#12830 = LINE('',#12831,#12832);
#12831 = CARTESIAN_POINT('',(176.62,-94.4,-4.6E-02));
#12832 = VECTOR('',#12833,1.);
#12833 = DIRECTION('',(0.,0.,1.));
#12834 = ORIENTED_EDGE('',*,*,#12008,.F.);
#12835 = ORIENTED_EDGE('',*,*,#12829,.F.);
#12836 = CYLINDRICAL_SURFACE('',#12837,0.4);
#12837 = AXIS2_PLACEMENT_3D('',#12838,#12839,#12840);
#12838 = CARTESIAN_POINT('',(176.62,-94.,-4.6E-02));
#12839 = DIRECTION('',(-0.,-0.,-1.));
#12840 = DIRECTION('',(-0.,-1.,0.));
#12841 = ADVANCED_FACE('',(#12842),#12853,.F.);
#12842 = FACE_BOUND('',#12843,.T.);
#12843 = EDGE_LOOP('',(#12844,#12845,#12851,#12852));
#12844 = ORIENTED_EDGE('',*,*,#11284,.T.);
#12845 = ORIENTED_EDGE('',*,*,#12846,.T.);
#12846 = EDGE_CURVE('',#11285,#12020,#12847,.T.);
#12847 = LINE('',#12848,#12849);
#12848 = CARTESIAN_POINT('',(169.,-91.86,-4.6E-02));
#12849 = VECTOR('',#12850,1.);
#12850 = DIRECTION('',(0.,0.,1.));
#12851 = ORIENTED_EDGE('',*,*,#12019,.F.);
#12852 = ORIENTED_EDGE('',*,*,#12846,.F.);
#12853 = CYLINDRICAL_SURFACE('',#12854,0.4);
#12854 = AXIS2_PLACEMENT_3D('',#12855,#12856,#12857);
#12855 = CARTESIAN_POINT('',(169.,-91.46,-4.6E-02));
#12856 = DIRECTION('',(-0.,-0.,-1.));
#12857 = DIRECTION('',(-0.,-1.,0.));
#12858 = ADVANCED_FACE('',(#12859),#12870,.F.);
#12859 = FACE_BOUND('',#12860,.T.);
#12860 = EDGE_LOOP('',(#12861,#12862,#12868,#12869));
#12861 = ORIENTED_EDGE('',*,*,#11295,.T.);
#12862 = ORIENTED_EDGE('',*,*,#12863,.T.);
#12863 = EDGE_CURVE('',#11296,#12031,#12864,.T.);
#12864 = LINE('',#12865,#12866);
#12865 = CARTESIAN_POINT('',(176.62,-91.86,-4.6E-02));
#12866 = VECTOR('',#12867,1.);
#12867 = DIRECTION('',(0.,0.,1.));
#12868 = ORIENTED_EDGE('',*,*,#12030,.F.);
#12869 = ORIENTED_EDGE('',*,*,#12863,.F.);
#12870 = CYLINDRICAL_SURFACE('',#12871,0.4);
#12871 = AXIS2_PLACEMENT_3D('',#12872,#12873,#12874);
#12872 = CARTESIAN_POINT('',(176.62,-91.46,-4.6E-02));
#12873 = DIRECTION('',(-0.,-0.,-1.));
#12874 = DIRECTION('',(-0.,-1.,0.));
#12875 = ADVANCED_FACE('',(#12876),#12887,.F.);
#12876 = FACE_BOUND('',#12877,.T.);
#12877 = EDGE_LOOP('',(#12878,#12879,#12885,#12886));
#12878 = ORIENTED_EDGE('',*,*,#11306,.T.);
#12879 = ORIENTED_EDGE('',*,*,#12880,.T.);
#12880 = EDGE_CURVE('',#11307,#12042,#12881,.T.);
#12881 = LINE('',#12882,#12883);
#12882 = CARTESIAN_POINT('',(212.5,-105.85,-4.6E-02));
#12883 = VECTOR('',#12884,1.);
#12884 = DIRECTION('',(0.,0.,1.));
#12885 = ORIENTED_EDGE('',*,*,#12041,.F.);
#12886 = ORIENTED_EDGE('',*,*,#12880,.F.);
#12887 = CYLINDRICAL_SURFACE('',#12888,1.35);
#12888 = AXIS2_PLACEMENT_3D('',#12889,#12890,#12891);
#12889 = CARTESIAN_POINT('',(212.5,-104.5,-4.6E-02));
#12890 = DIRECTION('',(-0.,-0.,-1.));
#12891 = DIRECTION('',(-0.,-1.,0.));
#12892 = ADVANCED_FACE('',(#12893),#12904,.F.);
#12893 = FACE_BOUND('',#12894,.T.);
#12894 = EDGE_LOOP('',(#12895,#12896,#12902,#12903));
#12895 = ORIENTED_EDGE('',*,*,#11317,.T.);
#12896 = ORIENTED_EDGE('',*,*,#12897,.T.);
#12897 = EDGE_CURVE('',#11318,#12053,#12898,.T.);
#12898 = LINE('',#12899,#12900);
#12899 = CARTESIAN_POINT('',(180.122621,-97.09,-4.6E-02));
#12900 = VECTOR('',#12901,1.);
#12901 = DIRECTION('',(0.,0.,1.));
#12902 = ORIENTED_EDGE('',*,*,#12052,.F.);
#12903 = ORIENTED_EDGE('',*,*,#12897,.F.);
#12904 = CYLINDRICAL_SURFACE('',#12905,0.4);
#12905 = AXIS2_PLACEMENT_3D('',#12906,#12907,#12908);
#12906 = CARTESIAN_POINT('',(180.122621,-96.69,-4.6E-02));
#12907 = DIRECTION('',(-0.,0.,-1.));
#12908 = DIRECTION('',(7.105427357601E-14,-1.,-0.));
#12909 = ADVANCED_FACE('',(#12910),#12921,.F.);
#12910 = FACE_BOUND('',#12911,.T.);
#12911 = EDGE_LOOP('',(#12912,#12913,#12919,#12920));
#12912 = ORIENTED_EDGE('',*,*,#11328,.T.);
#12913 = ORIENTED_EDGE('',*,*,#12914,.T.);
#12914 = EDGE_CURVE('',#11329,#12064,#12915,.T.);
#12915 = LINE('',#12916,#12917);
#12916 = CARTESIAN_POINT('',(182.622621,-97.09,-4.6E-02));
#12917 = VECTOR('',#12918,1.);
#12918 = DIRECTION('',(0.,0.,1.));
#12919 = ORIENTED_EDGE('',*,*,#12063,.F.);
#12920 = ORIENTED_EDGE('',*,*,#12914,.F.);
#12921 = CYLINDRICAL_SURFACE('',#12922,0.4);
#12922 = AXIS2_PLACEMENT_3D('',#12923,#12924,#12925);
#12923 = CARTESIAN_POINT('',(182.622621,-96.69,-4.6E-02));
#12924 = DIRECTION('',(-0.,0.,-1.));
#12925 = DIRECTION('',(7.105427357601E-14,-1.,-0.));
#12926 = ADVANCED_FACE('',(#12927),#12943,.F.);
#12927 = FACE_BOUND('',#12928,.T.);
#12928 = EDGE_LOOP('',(#12929,#12930,#12936,#12937));
#12929 = ORIENTED_EDGE('',*,*,#11339,.T.);
#12930 = ORIENTED_EDGE('',*,*,#12931,.T.);
#12931 = EDGE_CURVE('',#11342,#12077,#12932,.T.);
#12932 = LINE('',#12933,#12934);
#12933 = CARTESIAN_POINT('',(207.74,-89.600001,-4.6E-02));
#12934 = VECTOR('',#12935,1.);
#12935 = DIRECTION('',(0.,0.,1.));
#12936 = ORIENTED_EDGE('',*,*,#12074,.F.);
#12937 = ORIENTED_EDGE('',*,*,#12938,.F.);
#12938 = EDGE_CURVE('',#11340,#12075,#12939,.T.);
#12939 = LINE('',#12940,#12941);
#12940 = CARTESIAN_POINT('',(207.74,-90.199999,-4.6E-02));
#12941 = VECTOR('',#12942,1.);
#12942 = DIRECTION('',(0.,0.,1.));
#12943 = CYLINDRICAL_SURFACE('',#12944,0.299999);
#12944 = AXIS2_PLACEMENT_3D('',#12945,#12946,#12947);
#12945 = CARTESIAN_POINT('',(207.74,-89.9,-4.6E-02));
#12946 = DIRECTION('',(-0.,0.,-1.));
#12947 = DIRECTION('',(0.,1.,0.));
#12948 = ADVANCED_FACE('',(#12949),#12960,.T.);
#12949 = FACE_BOUND('',#12950,.T.);
#12950 = EDGE_LOOP('',(#12951,#12952,#12953,#12954));
#12951 = ORIENTED_EDGE('',*,*,#11367,.T.);
#12952 = ORIENTED_EDGE('',*,*,#12938,.T.);
#12953 = ORIENTED_EDGE('',*,*,#12102,.F.);
#12954 = ORIENTED_EDGE('',*,*,#12955,.F.);
#12955 = EDGE_CURVE('',#11359,#12094,#12956,.T.);
#12956 = LINE('',#12957,#12958);
#12957 = CARTESIAN_POINT('',(208.34,-90.199999,-4.6E-02));
#12958 = VECTOR('',#12959,1.);
#12959 = DIRECTION('',(0.,0.,1.));
#12960 = PLANE('',#12961);
#12961 = AXIS2_PLACEMENT_3D('',#12962,#12963,#12964);
#12962 = CARTESIAN_POINT('',(207.74,-90.199999,-4.6E-02));
#12963 = DIRECTION('',(0.,1.,0.));
#12964 = DIRECTION('',(1.,0.,0.));
#12965 = ADVANCED_FACE('',(#12966),#12977,.F.);
#12966 = FACE_BOUND('',#12967,.T.);
#12967 = EDGE_LOOP('',(#12968,#12969,#12970,#12971));
#12968 = ORIENTED_EDGE('',*,*,#11358,.T.);
#12969 = ORIENTED_EDGE('',*,*,#12955,.T.);
#12970 = ORIENTED_EDGE('',*,*,#12093,.F.);
#12971 = ORIENTED_EDGE('',*,*,#12972,.F.);
#12972 = EDGE_CURVE('',#11351,#12086,#12973,.T.);
#12973 = LINE('',#12974,#12975);
#12974 = CARTESIAN_POINT('',(208.34,-89.600001,-4.6E-02));
#12975 = VECTOR('',#12976,1.);
#12976 = DIRECTION('',(0.,0.,1.));
#12977 = CYLINDRICAL_SURFACE('',#12978,0.299999);
#12978 = AXIS2_PLACEMENT_3D('',#12979,#12980,#12981);
#12979 = CARTESIAN_POINT('',(208.34,-89.9,-4.6E-02));
#12980 = DIRECTION('',(-0.,-0.,-1.));
#12981 = DIRECTION('',(-0.,-1.,0.));
#12982 = ADVANCED_FACE('',(#12983),#12989,.T.);
#12983 = FACE_BOUND('',#12984,.T.);
#12984 = EDGE_LOOP('',(#12985,#12986,#12987,#12988));
#12985 = ORIENTED_EDGE('',*,*,#11350,.T.);
#12986 = ORIENTED_EDGE('',*,*,#12972,.T.);
#12987 = ORIENTED_EDGE('',*,*,#12085,.F.);
#12988 = ORIENTED_EDGE('',*,*,#12931,.F.);
#12989 = PLANE('',#12990);
#12990 = AXIS2_PLACEMENT_3D('',#12991,#12992,#12993);
#12991 = CARTESIAN_POINT('',(208.34,-89.600001,-4.6E-02));
#12992 = DIRECTION('',(0.,-1.,0.));
#12993 = DIRECTION('',(-1.,0.,0.));
#12994 = ADVANCED_FACE('',(#12995),#13006,.F.);
#12995 = FACE_BOUND('',#12996,.T.);
#12996 = EDGE_LOOP('',(#12997,#12998,#13004,#13005));
#12997 = ORIENTED_EDGE('',*,*,#11375,.T.);
#12998 = ORIENTED_EDGE('',*,*,#12999,.T.);
#12999 = EDGE_CURVE('',#11376,#12111,#13000,.T.);
#13000 = LINE('',#13001,#13002);
#13001 = CARTESIAN_POINT('',(142.1115,-84.3245,-4.6E-02));
#13002 = VECTOR('',#13003,1.);
#13003 = DIRECTION('',(0.,0.,1.));
#13004 = ORIENTED_EDGE('',*,*,#12110,.F.);
#13005 = ORIENTED_EDGE('',*,*,#12999,.F.);
#13006 = CYLINDRICAL_SURFACE('',#13007,0.4445);
#13007 = AXIS2_PLACEMENT_3D('',#13008,#13009,#13010);
#13008 = CARTESIAN_POINT('',(142.1115,-83.88,-4.6E-02));
#13009 = DIRECTION('',(-0.,-0.,-1.));
#13010 = DIRECTION('',(-0.,-1.,0.));
#13011 = ADVANCED_FACE('',(#13012),#13023,.F.);
#13012 = FACE_BOUND('',#13013,.T.);
#13013 = EDGE_LOOP('',(#13014,#13015,#13021,#13022));
#13014 = ORIENTED_EDGE('',*,*,#11386,.T.);
#13015 = ORIENTED_EDGE('',*,*,#13016,.T.);
#13016 = EDGE_CURVE('',#11387,#12122,#13017,.T.);
#13017 = LINE('',#13018,#13019);
#13018 = CARTESIAN_POINT('',(144.6515,-84.3245,-4.6E-02));
#13019 = VECTOR('',#13020,1.);
#13020 = DIRECTION('',(0.,0.,1.));
#13021 = ORIENTED_EDGE('',*,*,#12121,.F.);
#13022 = ORIENTED_EDGE('',*,*,#13016,.F.);
#13023 = CYLINDRICAL_SURFACE('',#13024,0.4445);
#13024 = AXIS2_PLACEMENT_3D('',#13025,#13026,#13027);
#13025 = CARTESIAN_POINT('',(144.6515,-83.88,-4.6E-02));
#13026 = DIRECTION('',(-0.,-0.,-1.));
#13027 = DIRECTION('',(-0.,-1.,0.));
#13028 = ADVANCED_FACE('',(#13029),#13040,.F.);
#13029 = FACE_BOUND('',#13030,.T.);
#13030 = EDGE_LOOP('',(#13031,#13032,#13038,#13039));
#13031 = ORIENTED_EDGE('',*,*,#11397,.T.);
#13032 = ORIENTED_EDGE('',*,*,#13033,.T.);
#13033 = EDGE_CURVE('',#11398,#12133,#13034,.T.);
#13034 = LINE('',#13035,#13036);
#13035 = CARTESIAN_POINT('',(147.1915,-84.3245,-4.6E-02));
#13036 = VECTOR('',#13037,1.);
#13037 = DIRECTION('',(0.,0.,1.));
#13038 = ORIENTED_EDGE('',*,*,#12132,.F.);
#13039 = ORIENTED_EDGE('',*,*,#13033,.F.);
#13040 = CYLINDRICAL_SURFACE('',#13041,0.4445);
#13041 = AXIS2_PLACEMENT_3D('',#13042,#13043,#13044);
#13042 = CARTESIAN_POINT('',(147.1915,-83.88,-4.6E-02));
#13043 = DIRECTION('',(-0.,-0.,-1.));
#13044 = DIRECTION('',(-6.394085361171E-14,-1.,0.));
#13045 = ADVANCED_FACE('',(#13046),#13057,.F.);
#13046 = FACE_BOUND('',#13047,.T.);
#13047 = EDGE_LOOP('',(#13048,#13049,#13055,#13056));
#13048 = ORIENTED_EDGE('',*,*,#11408,.T.);
#13049 = ORIENTED_EDGE('',*,*,#13050,.T.);
#13050 = EDGE_CURVE('',#11409,#12144,#13051,.T.);
#13051 = LINE('',#13052,#13053);
#13052 = CARTESIAN_POINT('',(149.7315,-84.3245,-4.6E-02));
#13053 = VECTOR('',#13054,1.);
#13054 = DIRECTION('',(0.,0.,1.));
#13055 = ORIENTED_EDGE('',*,*,#12143,.F.);
#13056 = ORIENTED_EDGE('',*,*,#13050,.F.);
#13057 = CYLINDRICAL_SURFACE('',#13058,0.4445);
#13058 = AXIS2_PLACEMENT_3D('',#13059,#13060,#13061);
#13059 = CARTESIAN_POINT('',(149.7315,-83.88,-4.6E-02));
#13060 = DIRECTION('',(-0.,0.,-1.));
#13061 = DIRECTION('',(6.39408536117E-14,-1.,-0.));
#13062 = ADVANCED_FACE('',(#13063),#13074,.F.);
#13063 = FACE_BOUND('',#13064,.T.);
#13064 = EDGE_LOOP('',(#13065,#13066,#13072,#13073));
#13065 = ORIENTED_EDGE('',*,*,#11419,.T.);
#13066 = ORIENTED_EDGE('',*,*,#13067,.T.);
#13067 = EDGE_CURVE('',#11420,#12155,#13068,.T.);
#13068 = LINE('',#13069,#13070);
#13069 = CARTESIAN_POINT('',(152.2715,-84.3245,-4.6E-02));
#13070 = VECTOR('',#13071,1.);
#13071 = DIRECTION('',(0.,0.,1.));
#13072 = ORIENTED_EDGE('',*,*,#12154,.F.);
#13073 = ORIENTED_EDGE('',*,*,#13067,.F.);
#13074 = CYLINDRICAL_SURFACE('',#13075,0.4445);
#13075 = AXIS2_PLACEMENT_3D('',#13076,#13077,#13078);
#13076 = CARTESIAN_POINT('',(152.2715,-83.88,-4.6E-02));
#13077 = DIRECTION('',(-0.,-0.,-1.));
#13078 = DIRECTION('',(-0.,-1.,0.));
#13079 = ADVANCED_FACE('',(#13080),#13091,.F.);
#13080 = FACE_BOUND('',#13081,.T.);
#13081 = EDGE_LOOP('',(#13082,#13083,#13089,#13090));
#13082 = ORIENTED_EDGE('',*,*,#11430,.T.);
#13083 = ORIENTED_EDGE('',*,*,#13084,.T.);
#13084 = EDGE_CURVE('',#11431,#12166,#13085,.T.);
#13085 = LINE('',#13086,#13087);
#13086 = CARTESIAN_POINT('',(154.8115,-84.3245,-4.6E-02));
#13087 = VECTOR('',#13088,1.);
#13088 = DIRECTION('',(0.,0.,1.));
#13089 = ORIENTED_EDGE('',*,*,#12165,.F.);
#13090 = ORIENTED_EDGE('',*,*,#13084,.F.);
#13091 = CYLINDRICAL_SURFACE('',#13092,0.4445);
#13092 = AXIS2_PLACEMENT_3D('',#13093,#13094,#13095);
#13093 = CARTESIAN_POINT('',(154.8115,-83.88,-4.6E-02));
#13094 = DIRECTION('',(-0.,-0.,-1.));
#13095 = DIRECTION('',(-0.,-1.,0.));
#13096 = ADVANCED_FACE('',(#13097),#13108,.F.);
#13097 = FACE_BOUND('',#13098,.T.);
#13098 = EDGE_LOOP('',(#13099,#13100,#13106,#13107));
#13099 = ORIENTED_EDGE('',*,*,#11441,.T.);
#13100 = ORIENTED_EDGE('',*,*,#13101,.T.);
#13101 = EDGE_CURVE('',#11442,#12177,#13102,.T.);
#13102 = LINE('',#13103,#13104);
#13103 = CARTESIAN_POINT('',(157.3515,-84.3245,-4.6E-02));
#13104 = VECTOR('',#13105,1.);
#13105 = DIRECTION('',(0.,0.,1.));
#13106 = ORIENTED_EDGE('',*,*,#12176,.F.);
#13107 = ORIENTED_EDGE('',*,*,#13101,.F.);
#13108 = CYLINDRICAL_SURFACE('',#13109,0.4445);
#13109 = AXIS2_PLACEMENT_3D('',#13110,#13111,#13112);
#13110 = CARTESIAN_POINT('',(157.3515,-83.88,-4.6E-02));
#13111 = DIRECTION('',(-0.,-0.,-1.));
#13112 = DIRECTION('',(-0.,-1.,0.));
#13113 = ADVANCED_FACE('',(#13114),#13125,.F.);
#13114 = FACE_BOUND('',#13115,.T.);
#13115 = EDGE_LOOP('',(#13116,#13117,#13123,#13124));
#13116 = ORIENTED_EDGE('',*,*,#11452,.T.);
#13117 = ORIENTED_EDGE('',*,*,#13118,.T.);
#13118 = EDGE_CURVE('',#11453,#12188,#13119,.T.);
#13119 = LINE('',#13120,#13121);
#13120 = CARTESIAN_POINT('',(162.805,-88.59,-4.6E-02));
#13121 = VECTOR('',#13122,1.);
#13122 = DIRECTION('',(0.,0.,1.));
#13123 = ORIENTED_EDGE('',*,*,#12187,.F.);
#13124 = ORIENTED_EDGE('',*,*,#13118,.F.);
#13125 = CYLINDRICAL_SURFACE('',#13126,0.4);
#13126 = AXIS2_PLACEMENT_3D('',#13127,#13128,#13129);
#13127 = CARTESIAN_POINT('',(162.805,-88.19,-4.6E-02));
#13128 = DIRECTION('',(-0.,-0.,-1.));
#13129 = DIRECTION('',(-0.,-1.,0.));
#13130 = ADVANCED_FACE('',(#13131),#13142,.F.);
#13131 = FACE_BOUND('',#13132,.T.);
#13132 = EDGE_LOOP('',(#13133,#13134,#13140,#13141));
#13133 = ORIENTED_EDGE('',*,*,#11463,.T.);
#13134 = ORIENTED_EDGE('',*,*,#13135,.T.);
#13135 = EDGE_CURVE('',#11464,#12199,#13136,.T.);
#13136 = LINE('',#13137,#13138);
#13137 = CARTESIAN_POINT('',(165.305,-88.59,-4.6E-02));
#13138 = VECTOR('',#13139,1.);
#13139 = DIRECTION('',(0.,0.,1.));
#13140 = ORIENTED_EDGE('',*,*,#12198,.F.);
#13141 = ORIENTED_EDGE('',*,*,#13135,.F.);
#13142 = CYLINDRICAL_SURFACE('',#13143,0.4);
#13143 = AXIS2_PLACEMENT_3D('',#13144,#13145,#13146);
#13144 = CARTESIAN_POINT('',(165.305,-88.19,-4.6E-02));
#13145 = DIRECTION('',(-0.,-0.,-1.));
#13146 = DIRECTION('',(-0.,-1.,0.));
#13147 = ADVANCED_FACE('',(#13148),#13159,.F.);
#13148 = FACE_BOUND('',#13149,.T.);
#13149 = EDGE_LOOP('',(#13150,#13151,#13157,#13158));
#13150 = ORIENTED_EDGE('',*,*,#11474,.T.);
#13151 = ORIENTED_EDGE('',*,*,#13152,.T.);
#13152 = EDGE_CURVE('',#11475,#12210,#13153,.T.);
#13153 = LINE('',#13154,#13155);
#13154 = CARTESIAN_POINT('',(169.,-89.32,-4.6E-02));
#13155 = VECTOR('',#13156,1.);
#13156 = DIRECTION('',(0.,0.,1.));
#13157 = ORIENTED_EDGE('',*,*,#12209,.F.);
#13158 = ORIENTED_EDGE('',*,*,#13152,.F.);
#13159 = CYLINDRICAL_SURFACE('',#13160,0.4);
#13160 = AXIS2_PLACEMENT_3D('',#13161,#13162,#13163);
#13161 = CARTESIAN_POINT('',(169.,-88.92,-4.6E-02));
#13162 = DIRECTION('',(-0.,-0.,-1.));
#13163 = DIRECTION('',(-0.,-1.,0.));
#13164 = ADVANCED_FACE('',(#13165),#13176,.F.);
#13165 = FACE_BOUND('',#13166,.T.);
#13166 = EDGE_LOOP('',(#13167,#13168,#13174,#13175));
#13167 = ORIENTED_EDGE('',*,*,#11485,.T.);
#13168 = ORIENTED_EDGE('',*,*,#13169,.T.);
#13169 = EDGE_CURVE('',#11486,#12221,#13170,.T.);
#13170 = LINE('',#13171,#13172);
#13171 = CARTESIAN_POINT('',(176.62,-89.32,-4.6E-02));
#13172 = VECTOR('',#13173,1.);
#13173 = DIRECTION('',(0.,0.,1.));
#13174 = ORIENTED_EDGE('',*,*,#12220,.F.);
#13175 = ORIENTED_EDGE('',*,*,#13169,.F.);
#13176 = CYLINDRICAL_SURFACE('',#13177,0.4);
#13177 = AXIS2_PLACEMENT_3D('',#13178,#13179,#13180);
#13178 = CARTESIAN_POINT('',(176.62,-88.92,-4.6E-02));
#13179 = DIRECTION('',(-0.,-0.,-1.));
#13180 = DIRECTION('',(-0.,-1.,0.));
#13181 = ADVANCED_FACE('',(#13182),#13193,.F.);
#13182 = FACE_BOUND('',#13183,.T.);
#13183 = EDGE_LOOP('',(#13184,#13185,#13191,#13192));
#13184 = ORIENTED_EDGE('',*,*,#11496,.T.);
#13185 = ORIENTED_EDGE('',*,*,#13186,.T.);
#13186 = EDGE_CURVE('',#11497,#12232,#13187,.T.);
#13187 = LINE('',#13188,#13189);
#13188 = CARTESIAN_POINT('',(169.,-86.78,-4.6E-02));
#13189 = VECTOR('',#13190,1.);
#13190 = DIRECTION('',(0.,0.,1.));
#13191 = ORIENTED_EDGE('',*,*,#12231,.F.);
#13192 = ORIENTED_EDGE('',*,*,#13186,.F.);
#13193 = CYLINDRICAL_SURFACE('',#13194,0.4);
#13194 = AXIS2_PLACEMENT_3D('',#13195,#13196,#13197);
#13195 = CARTESIAN_POINT('',(169.,-86.38,-4.6E-02));
#13196 = DIRECTION('',(-0.,-0.,-1.));
#13197 = DIRECTION('',(-0.,-1.,0.));
#13198 = ADVANCED_FACE('',(#13199),#13210,.F.);
#13199 = FACE_BOUND('',#13200,.T.);
#13200 = EDGE_LOOP('',(#13201,#13202,#13208,#13209));
#13201 = ORIENTED_EDGE('',*,*,#11507,.T.);
#13202 = ORIENTED_EDGE('',*,*,#13203,.T.);
#13203 = EDGE_CURVE('',#11508,#12243,#13204,.T.);
#13204 = LINE('',#13205,#13206);
#13205 = CARTESIAN_POINT('',(176.62,-86.78,-4.6E-02));
#13206 = VECTOR('',#13207,1.);
#13207 = DIRECTION('',(0.,0.,1.));
#13208 = ORIENTED_EDGE('',*,*,#12242,.F.);
#13209 = ORIENTED_EDGE('',*,*,#13203,.F.);
#13210 = CYLINDRICAL_SURFACE('',#13211,0.4);
#13211 = AXIS2_PLACEMENT_3D('',#13212,#13213,#13214);
#13212 = CARTESIAN_POINT('',(176.62,-86.38,-4.6E-02));
#13213 = DIRECTION('',(-0.,-0.,-1.));
#13214 = DIRECTION('',(-0.,-1.,0.));
#13215 = ADVANCED_FACE('',(#13216),#13227,.F.);
#13216 = FACE_BOUND('',#13217,.T.);
#13217 = EDGE_LOOP('',(#13218,#13219,#13225,#13226));
#13218 = ORIENTED_EDGE('',*,*,#11518,.T.);
#13219 = ORIENTED_EDGE('',*,*,#13220,.T.);
#13220 = EDGE_CURVE('',#11519,#12254,#13221,.T.);
#13221 = LINE('',#13222,#13223);
#13222 = CARTESIAN_POINT('',(142.5,-75.85,-4.6E-02));
#13223 = VECTOR('',#13224,1.);
#13224 = DIRECTION('',(0.,0.,1.));
#13225 = ORIENTED_EDGE('',*,*,#12253,.F.);
#13226 = ORIENTED_EDGE('',*,*,#13220,.F.);
#13227 = CYLINDRICAL_SURFACE('',#13228,1.35);
#13228 = AXIS2_PLACEMENT_3D('',#13229,#13230,#13231);
#13229 = CARTESIAN_POINT('',(142.5,-74.5,-4.6E-02));
#13230 = DIRECTION('',(-0.,-0.,-1.));
#13231 = DIRECTION('',(-0.,-1.,0.));
#13232 = ADVANCED_FACE('',(#13233),#13244,.F.);
#13233 = FACE_BOUND('',#13234,.T.);
#13234 = EDGE_LOOP('',(#13235,#13236,#13242,#13243));
#13235 = ORIENTED_EDGE('',*,*,#11529,.T.);
#13236 = ORIENTED_EDGE('',*,*,#13237,.T.);
#13237 = EDGE_CURVE('',#11530,#12265,#13238,.T.);
#13238 = LINE('',#13239,#13240);
#13239 = CARTESIAN_POINT('',(150.,-75.5,-4.6E-02));
#13240 = VECTOR('',#13241,1.);
#13241 = DIRECTION('',(0.,0.,1.));
#13242 = ORIENTED_EDGE('',*,*,#12264,.F.);
#13243 = ORIENTED_EDGE('',*,*,#13237,.F.);
#13244 = CYLINDRICAL_SURFACE('',#13245,0.5);
#13245 = AXIS2_PLACEMENT_3D('',#13246,#13247,#13248);
#13246 = CARTESIAN_POINT('',(150.,-75.,-4.6E-02));
#13247 = DIRECTION('',(-0.,-0.,-1.));
#13248 = DIRECTION('',(-0.,-1.,0.));
#13249 = ADVANCED_FACE('',(#13250),#13261,.F.);
#13250 = FACE_BOUND('',#13251,.T.);
#13251 = EDGE_LOOP('',(#13252,#13253,#13259,#13260));
#13252 = ORIENTED_EDGE('',*,*,#11540,.T.);
#13253 = ORIENTED_EDGE('',*,*,#13254,.T.);
#13254 = EDGE_CURVE('',#11541,#12276,#13255,.T.);
#13255 = LINE('',#13256,#13257);
#13256 = CARTESIAN_POINT('',(152.54,-75.5,-4.6E-02));
#13257 = VECTOR('',#13258,1.);
#13258 = DIRECTION('',(0.,0.,1.));
#13259 = ORIENTED_EDGE('',*,*,#12275,.F.);
#13260 = ORIENTED_EDGE('',*,*,#13254,.F.);
#13261 = CYLINDRICAL_SURFACE('',#13262,0.5);
#13262 = AXIS2_PLACEMENT_3D('',#13263,#13264,#13265);
#13263 = CARTESIAN_POINT('',(152.54,-75.,-4.6E-02));
#13264 = DIRECTION('',(-0.,-0.,-1.));
#13265 = DIRECTION('',(-0.,-1.,0.));
#13266 = ADVANCED_FACE('',(#13267),#13278,.F.);
#13267 = FACE_BOUND('',#13268,.T.);
#13268 = EDGE_LOOP('',(#13269,#13270,#13276,#13277));
#13269 = ORIENTED_EDGE('',*,*,#11551,.T.);
#13270 = ORIENTED_EDGE('',*,*,#13271,.T.);
#13271 = EDGE_CURVE('',#11552,#12287,#13272,.T.);
#13272 = LINE('',#13273,#13274);
#13273 = CARTESIAN_POINT('',(171.805,-81.59,-4.6E-02));
#13274 = VECTOR('',#13275,1.);
#13275 = DIRECTION('',(0.,0.,1.));
#13276 = ORIENTED_EDGE('',*,*,#12286,.F.);
#13277 = ORIENTED_EDGE('',*,*,#13271,.F.);
#13278 = CYLINDRICAL_SURFACE('',#13279,0.4);
#13279 = AXIS2_PLACEMENT_3D('',#13280,#13281,#13282);
#13280 = CARTESIAN_POINT('',(171.805,-81.19,-4.6E-02));
#13281 = DIRECTION('',(-0.,-0.,-1.));
#13282 = DIRECTION('',(-0.,-1.,0.));
#13283 = ADVANCED_FACE('',(#13284),#13295,.F.);
#13284 = FACE_BOUND('',#13285,.T.);
#13285 = EDGE_LOOP('',(#13286,#13287,#13293,#13294));
#13286 = ORIENTED_EDGE('',*,*,#11562,.T.);
#13287 = ORIENTED_EDGE('',*,*,#13288,.T.);
#13288 = EDGE_CURVE('',#11563,#12298,#13289,.T.);
#13289 = LINE('',#13290,#13291);
#13290 = CARTESIAN_POINT('',(174.305,-81.59,-4.6E-02));
#13291 = VECTOR('',#13292,1.);
#13292 = DIRECTION('',(0.,0.,1.));
#13293 = ORIENTED_EDGE('',*,*,#12297,.F.);
#13294 = ORIENTED_EDGE('',*,*,#13288,.F.);
#13295 = CYLINDRICAL_SURFACE('',#13296,0.4);
#13296 = AXIS2_PLACEMENT_3D('',#13297,#13298,#13299);
#13297 = CARTESIAN_POINT('',(174.305,-81.19,-4.6E-02));
#13298 = DIRECTION('',(-0.,-0.,-1.));
#13299 = DIRECTION('',(-0.,-1.,0.));
#13300 = ADVANCED_FACE('',(#13301),#13312,.F.);
#13301 = FACE_BOUND('',#13302,.T.);
#13302 = EDGE_LOOP('',(#13303,#13304,#13310,#13311));
#13303 = ORIENTED_EDGE('',*,*,#11573,.T.);
#13304 = ORIENTED_EDGE('',*,*,#13305,.T.);
#13305 = EDGE_CURVE('',#11574,#12309,#13306,.T.);
#13306 = LINE('',#13307,#13308);
#13307 = CARTESIAN_POINT('',(165.725,-76.,-4.6E-02));
#13308 = VECTOR('',#13309,1.);
#13309 = DIRECTION('',(0.,0.,1.));
#13310 = ORIENTED_EDGE('',*,*,#12308,.F.);
#13311 = ORIENTED_EDGE('',*,*,#13305,.F.);
#13312 = CYLINDRICAL_SURFACE('',#13313,0.5);
#13313 = AXIS2_PLACEMENT_3D('',#13314,#13315,#13316);
#13314 = CARTESIAN_POINT('',(165.725,-75.5,-4.6E-02));
#13315 = DIRECTION('',(-0.,-0.,-1.));
#13316 = DIRECTION('',(-0.,-1.,0.));
#13317 = ADVANCED_FACE('',(#13318),#13329,.F.);
#13318 = FACE_BOUND('',#13319,.T.);
#13319 = EDGE_LOOP('',(#13320,#13321,#13327,#13328));
#13320 = ORIENTED_EDGE('',*,*,#11584,.T.);
#13321 = ORIENTED_EDGE('',*,*,#13322,.T.);
#13322 = EDGE_CURVE('',#11585,#12320,#13323,.T.);
#13323 = LINE('',#13324,#13325);
#13324 = CARTESIAN_POINT('',(168.265,-76.,-4.6E-02));
#13325 = VECTOR('',#13326,1.);
#13326 = DIRECTION('',(0.,0.,1.));
#13327 = ORIENTED_EDGE('',*,*,#12319,.F.);
#13328 = ORIENTED_EDGE('',*,*,#13322,.F.);
#13329 = CYLINDRICAL_SURFACE('',#13330,0.5);
#13330 = AXIS2_PLACEMENT_3D('',#13331,#13332,#13333);
#13331 = CARTESIAN_POINT('',(168.265,-75.5,-4.6E-02));
#13332 = DIRECTION('',(-0.,-0.,-1.));
#13333 = DIRECTION('',(-0.,-1.,0.));
#13334 = ADVANCED_FACE('',(#13335),#13346,.F.);
#13335 = FACE_BOUND('',#13336,.T.);
#13336 = EDGE_LOOP('',(#13337,#13338,#13344,#13345));
#13337 = ORIENTED_EDGE('',*,*,#11595,.T.);
#13338 = ORIENTED_EDGE('',*,*,#13339,.T.);
#13339 = EDGE_CURVE('',#11596,#12331,#13340,.T.);
#13340 = LINE('',#13341,#13342);
#13341 = CARTESIAN_POINT('',(173.765,-76.,-4.6E-02));
#13342 = VECTOR('',#13343,1.);
#13343 = DIRECTION('',(0.,0.,1.));
#13344 = ORIENTED_EDGE('',*,*,#12330,.F.);
#13345 = ORIENTED_EDGE('',*,*,#13339,.F.);
#13346 = CYLINDRICAL_SURFACE('',#13347,0.5);
#13347 = AXIS2_PLACEMENT_3D('',#13348,#13349,#13350);
#13348 = CARTESIAN_POINT('',(173.765,-75.5,-4.6E-02));
#13349 = DIRECTION('',(-0.,-0.,-1.));
#13350 = DIRECTION('',(-0.,-1.,0.));
#13351 = ADVANCED_FACE('',(#13352),#13363,.F.);
#13352 = FACE_BOUND('',#13353,.T.);
#13353 = EDGE_LOOP('',(#13354,#13355,#13361,#13362));
#13354 = ORIENTED_EDGE('',*,*,#11606,.T.);
#13355 = ORIENTED_EDGE('',*,*,#13356,.T.);
#13356 = EDGE_CURVE('',#11607,#12342,#13357,.T.);
#13357 = LINE('',#13358,#13359);
#13358 = CARTESIAN_POINT('',(176.305,-76.,-4.6E-02));
#13359 = VECTOR('',#13360,1.);
#13360 = DIRECTION('',(0.,0.,1.));
#13361 = ORIENTED_EDGE('',*,*,#12341,.F.);
#13362 = ORIENTED_EDGE('',*,*,#13356,.F.);
#13363 = CYLINDRICAL_SURFACE('',#13364,0.5);
#13364 = AXIS2_PLACEMENT_3D('',#13365,#13366,#13367);
#13365 = CARTESIAN_POINT('',(176.305,-75.5,-4.6E-02));
#13366 = DIRECTION('',(-0.,-0.,-1.));
#13367 = DIRECTION('',(-0.,-1.,0.));
#13368 = ADVANCED_FACE('',(#13369),#13380,.F.);
#13369 = FACE_BOUND('',#13370,.T.);
#13370 = EDGE_LOOP('',(#13371,#13372,#13378,#13379));
#13371 = ORIENTED_EDGE('',*,*,#11617,.T.);
#13372 = ORIENTED_EDGE('',*,*,#13373,.T.);
#13373 = EDGE_CURVE('',#11618,#12353,#13374,.T.);
#13374 = LINE('',#13375,#13376);
#13375 = CARTESIAN_POINT('',(180.305,-88.59,-4.6E-02));
#13376 = VECTOR('',#13377,1.);
#13377 = DIRECTION('',(0.,0.,1.));
#13378 = ORIENTED_EDGE('',*,*,#12352,.F.);
#13379 = ORIENTED_EDGE('',*,*,#13373,.F.);
#13380 = CYLINDRICAL_SURFACE('',#13381,0.4);
#13381 = AXIS2_PLACEMENT_3D('',#13382,#13383,#13384);
#13382 = CARTESIAN_POINT('',(180.305,-88.19,-4.6E-02));
#13383 = DIRECTION('',(-0.,-0.,-1.));
#13384 = DIRECTION('',(-0.,-1.,0.));
#13385 = ADVANCED_FACE('',(#13386),#13397,.F.);
#13386 = FACE_BOUND('',#13387,.T.);
#13387 = EDGE_LOOP('',(#13388,#13389,#13395,#13396));
#13388 = ORIENTED_EDGE('',*,*,#11628,.T.);
#13389 = ORIENTED_EDGE('',*,*,#13390,.T.);
#13390 = EDGE_CURVE('',#11629,#12364,#13391,.T.);
#13391 = LINE('',#13392,#13393);
#13392 = CARTESIAN_POINT('',(182.805,-88.59,-4.6E-02));
#13393 = VECTOR('',#13394,1.);
#13394 = DIRECTION('',(0.,0.,1.));
#13395 = ORIENTED_EDGE('',*,*,#12363,.F.);
#13396 = ORIENTED_EDGE('',*,*,#13390,.F.);
#13397 = CYLINDRICAL_SURFACE('',#13398,0.4);
#13398 = AXIS2_PLACEMENT_3D('',#13399,#13400,#13401);
#13399 = CARTESIAN_POINT('',(182.805,-88.19,-4.6E-02));
#13400 = DIRECTION('',(-0.,-0.,-1.));
#13401 = DIRECTION('',(-0.,-1.,0.));
#13402 = ADVANCED_FACE('',(#13403),#13414,.F.);
#13403 = FACE_BOUND('',#13404,.T.);
#13404 = EDGE_LOOP('',(#13405,#13406,#13412,#13413));
#13405 = ORIENTED_EDGE('',*,*,#11639,.T.);
#13406 = ORIENTED_EDGE('',*,*,#13407,.T.);
#13407 = EDGE_CURVE('',#11640,#12375,#13408,.T.);
#13408 = LINE('',#13409,#13410);
#13409 = CARTESIAN_POINT('',(204.04,-88.1,-4.6E-02));
#13410 = VECTOR('',#13411,1.);
#13411 = DIRECTION('',(0.,0.,1.));
#13412 = ORIENTED_EDGE('',*,*,#12374,.F.);
#13413 = ORIENTED_EDGE('',*,*,#13407,.F.);
#13414 = CYLINDRICAL_SURFACE('',#13415,0.6);
#13415 = AXIS2_PLACEMENT_3D('',#13416,#13417,#13418);
#13416 = CARTESIAN_POINT('',(204.04,-87.5,-4.6E-02));
#13417 = DIRECTION('',(-0.,-0.,-1.));
#13418 = DIRECTION('',(-0.,-1.,0.));
#13419 = ADVANCED_FACE('',(#13420),#13431,.F.);
#13420 = FACE_BOUND('',#13421,.T.);
#13421 = EDGE_LOOP('',(#13422,#13423,#13429,#13430));
#13422 = ORIENTED_EDGE('',*,*,#11650,.T.);
#13423 = ORIENTED_EDGE('',*,*,#13424,.T.);
#13424 = EDGE_CURVE('',#11651,#12386,#13425,.T.);
#13425 = LINE('',#13426,#13427);
#13426 = CARTESIAN_POINT('',(210.04,-88.1,-4.6E-02));
#13427 = VECTOR('',#13428,1.);
#13428 = DIRECTION('',(0.,0.,1.));
#13429 = ORIENTED_EDGE('',*,*,#12385,.F.);
#13430 = ORIENTED_EDGE('',*,*,#13424,.F.);
#13431 = CYLINDRICAL_SURFACE('',#13432,0.6);
#13432 = AXIS2_PLACEMENT_3D('',#13433,#13434,#13435);
#13433 = CARTESIAN_POINT('',(210.04,-87.5,-4.6E-02));
#13434 = DIRECTION('',(-0.,-0.,-1.));
#13435 = DIRECTION('',(-0.,-1.,0.));
#13436 = ADVANCED_FACE('',(#13437),#13453,.F.);
#13437 = FACE_BOUND('',#13438,.T.);
#13438 = EDGE_LOOP('',(#13439,#13440,#13446,#13447));
#13439 = ORIENTED_EDGE('',*,*,#11661,.T.);
#13440 = ORIENTED_EDGE('',*,*,#13441,.T.);
#13441 = EDGE_CURVE('',#11664,#12399,#13442,.T.);
#13442 = LINE('',#13443,#13444);
#13443 = CARTESIAN_POINT('',(202.74,-84.800001,-4.6E-02));
#13444 = VECTOR('',#13445,1.);
#13445 = DIRECTION('',(0.,0.,1.));
#13446 = ORIENTED_EDGE('',*,*,#12396,.F.);
#13447 = ORIENTED_EDGE('',*,*,#13448,.F.);
#13448 = EDGE_CURVE('',#11662,#12397,#13449,.T.);
#13449 = LINE('',#13450,#13451);
#13450 = CARTESIAN_POINT('',(202.74,-85.399999,-4.6E-02));
#13451 = VECTOR('',#13452,1.);
#13452 = DIRECTION('',(0.,0.,1.));
#13453 = CYLINDRICAL_SURFACE('',#13454,0.299999);
#13454 = AXIS2_PLACEMENT_3D('',#13455,#13456,#13457);
#13455 = CARTESIAN_POINT('',(202.74,-85.1,-4.6E-02));
#13456 = DIRECTION('',(-0.,0.,-1.));
#13457 = DIRECTION('',(0.,1.,0.));
#13458 = ADVANCED_FACE('',(#13459),#13470,.T.);
#13459 = FACE_BOUND('',#13460,.T.);
#13460 = EDGE_LOOP('',(#13461,#13462,#13463,#13464));
#13461 = ORIENTED_EDGE('',*,*,#11689,.T.);
#13462 = ORIENTED_EDGE('',*,*,#13448,.T.);
#13463 = ORIENTED_EDGE('',*,*,#12424,.F.);
#13464 = ORIENTED_EDGE('',*,*,#13465,.F.);
#13465 = EDGE_CURVE('',#11681,#12416,#13466,.T.);
#13466 = LINE('',#13467,#13468);
#13467 = CARTESIAN_POINT('',(203.34,-85.399999,-4.6E-02));
#13468 = VECTOR('',#13469,1.);
#13469 = DIRECTION('',(0.,0.,1.));
#13470 = PLANE('',#13471);
#13471 = AXIS2_PLACEMENT_3D('',#13472,#13473,#13474);
#13472 = CARTESIAN_POINT('',(202.74,-85.399999,-4.6E-02));
#13473 = DIRECTION('',(0.,1.,0.));
#13474 = DIRECTION('',(1.,0.,0.));
#13475 = ADVANCED_FACE('',(#13476),#13487,.F.);
#13476 = FACE_BOUND('',#13477,.T.);
#13477 = EDGE_LOOP('',(#13478,#13479,#13480,#13481));
#13478 = ORIENTED_EDGE('',*,*,#11680,.T.);
#13479 = ORIENTED_EDGE('',*,*,#13465,.T.);
#13480 = ORIENTED_EDGE('',*,*,#12415,.F.);
#13481 = ORIENTED_EDGE('',*,*,#13482,.F.);
#13482 = EDGE_CURVE('',#11673,#12408,#13483,.T.);
#13483 = LINE('',#13484,#13485);
#13484 = CARTESIAN_POINT('',(203.34,-84.800001,-4.6E-02));
#13485 = VECTOR('',#13486,1.);
#13486 = DIRECTION('',(0.,0.,1.));
#13487 = CYLINDRICAL_SURFACE('',#13488,0.299999);
#13488 = AXIS2_PLACEMENT_3D('',#13489,#13490,#13491);
#13489 = CARTESIAN_POINT('',(203.34,-85.1,-4.6E-02));
#13490 = DIRECTION('',(-0.,-0.,-1.));
#13491 = DIRECTION('',(-0.,-1.,0.));
#13492 = ADVANCED_FACE('',(#13493),#13499,.T.);
#13493 = FACE_BOUND('',#13494,.T.);
#13494 = EDGE_LOOP('',(#13495,#13496,#13497,#13498));
#13495 = ORIENTED_EDGE('',*,*,#11672,.T.);
#13496 = ORIENTED_EDGE('',*,*,#13482,.T.);
#13497 = ORIENTED_EDGE('',*,*,#12407,.F.);
#13498 = ORIENTED_EDGE('',*,*,#13441,.F.);
#13499 = PLANE('',#13500);
#13500 = AXIS2_PLACEMENT_3D('',#13501,#13502,#13503);
#13501 = CARTESIAN_POINT('',(203.34,-84.800001,-4.6E-02));
#13502 = DIRECTION('',(0.,-1.,0.));
#13503 = DIRECTION('',(-1.,0.,0.));
#13504 = ADVANCED_FACE('',(#13505),#13521,.F.);
#13505 = FACE_BOUND('',#13506,.T.);
#13506 = EDGE_LOOP('',(#13507,#13508,#13514,#13515));
#13507 = ORIENTED_EDGE('',*,*,#11697,.T.);
#13508 = ORIENTED_EDGE('',*,*,#13509,.T.);
#13509 = EDGE_CURVE('',#11700,#12435,#13510,.T.);
#13510 = LINE('',#13511,#13512);
#13511 = CARTESIAN_POINT('',(209.74,-84.800001,-4.6E-02));
#13512 = VECTOR('',#13513,1.);
#13513 = DIRECTION('',(0.,0.,1.));
#13514 = ORIENTED_EDGE('',*,*,#12432,.F.);
#13515 = ORIENTED_EDGE('',*,*,#13516,.F.);
#13516 = EDGE_CURVE('',#11698,#12433,#13517,.T.);
#13517 = LINE('',#13518,#13519);
#13518 = CARTESIAN_POINT('',(209.74,-85.399999,-4.6E-02));
#13519 = VECTOR('',#13520,1.);
#13520 = DIRECTION('',(0.,0.,1.));
#13521 = CYLINDRICAL_SURFACE('',#13522,0.299999);
#13522 = AXIS2_PLACEMENT_3D('',#13523,#13524,#13525);
#13523 = CARTESIAN_POINT('',(209.74,-85.1,-4.6E-02));
#13524 = DIRECTION('',(-0.,0.,-1.));
#13525 = DIRECTION('',(0.,1.,0.));
#13526 = ADVANCED_FACE('',(#13527),#13538,.T.);
#13527 = FACE_BOUND('',#13528,.T.);
#13528 = EDGE_LOOP('',(#13529,#13530,#13531,#13532));
#13529 = ORIENTED_EDGE('',*,*,#11725,.T.);
#13530 = ORIENTED_EDGE('',*,*,#13516,.T.);
#13531 = ORIENTED_EDGE('',*,*,#12460,.F.);
#13532 = ORIENTED_EDGE('',*,*,#13533,.F.);
#13533 = EDGE_CURVE('',#11717,#12452,#13534,.T.);
#13534 = LINE('',#13535,#13536);
#13535 = CARTESIAN_POINT('',(210.34,-85.399999,-4.6E-02));
#13536 = VECTOR('',#13537,1.);
#13537 = DIRECTION('',(0.,0.,1.));
#13538 = PLANE('',#13539);
#13539 = AXIS2_PLACEMENT_3D('',#13540,#13541,#13542);
#13540 = CARTESIAN_POINT('',(209.74,-85.399999,-4.6E-02));
#13541 = DIRECTION('',(0.,1.,0.));
#13542 = DIRECTION('',(1.,0.,0.));
#13543 = ADVANCED_FACE('',(#13544),#13555,.F.);
#13544 = FACE_BOUND('',#13545,.T.);
#13545 = EDGE_LOOP('',(#13546,#13547,#13548,#13549));
#13546 = ORIENTED_EDGE('',*,*,#11716,.T.);
#13547 = ORIENTED_EDGE('',*,*,#13533,.T.);
#13548 = ORIENTED_EDGE('',*,*,#12451,.F.);
#13549 = ORIENTED_EDGE('',*,*,#13550,.F.);
#13550 = EDGE_CURVE('',#11709,#12444,#13551,.T.);
#13551 = LINE('',#13552,#13553);
#13552 = CARTESIAN_POINT('',(210.34,-84.800001,-4.6E-02));
#13553 = VECTOR('',#13554,1.);
#13554 = DIRECTION('',(0.,0.,1.));
#13555 = CYLINDRICAL_SURFACE('',#13556,0.299999);
#13556 = AXIS2_PLACEMENT_3D('',#13557,#13558,#13559);
#13557 = CARTESIAN_POINT('',(210.34,-85.1,-4.6E-02));
#13558 = DIRECTION('',(-0.,-0.,-1.));
#13559 = DIRECTION('',(-0.,-1.,0.));
#13560 = ADVANCED_FACE('',(#13561),#13567,.T.);
#13561 = FACE_BOUND('',#13562,.T.);
#13562 = EDGE_LOOP('',(#13563,#13564,#13565,#13566));
#13563 = ORIENTED_EDGE('',*,*,#11708,.T.);
#13564 = ORIENTED_EDGE('',*,*,#13550,.T.);
#13565 = ORIENTED_EDGE('',*,*,#12443,.F.);
#13566 = ORIENTED_EDGE('',*,*,#13509,.F.);
#13567 = PLANE('',#13568);
#13568 = AXIS2_PLACEMENT_3D('',#13569,#13570,#13571);
#13569 = CARTESIAN_POINT('',(210.34,-84.800001,-4.6E-02));
#13570 = DIRECTION('',(0.,-1.,0.));
#13571 = DIRECTION('',(-1.,0.,0.));
#13572 = ADVANCED_FACE('',(#13573),#13584,.F.);
#13573 = FACE_BOUND('',#13574,.T.);
#13574 = EDGE_LOOP('',(#13575,#13576,#13582,#13583));
#13575 = ORIENTED_EDGE('',*,*,#11733,.T.);
#13576 = ORIENTED_EDGE('',*,*,#13577,.T.);
#13577 = EDGE_CURVE('',#11734,#12469,#13578,.T.);
#13578 = LINE('',#13579,#13580);
#13579 = CARTESIAN_POINT('',(185.495,-78.4,-4.6E-02));
#13580 = VECTOR('',#13581,1.);
#13581 = DIRECTION('',(0.,0.,1.));
#13582 = ORIENTED_EDGE('',*,*,#12468,.F.);
#13583 = ORIENTED_EDGE('',*,*,#13577,.F.);
#13584 = CYLINDRICAL_SURFACE('',#13585,0.4);
#13585 = AXIS2_PLACEMENT_3D('',#13586,#13587,#13588);
#13586 = CARTESIAN_POINT('',(185.495,-78.,-4.6E-02));
#13587 = DIRECTION('',(-0.,-0.,-1.));
#13588 = DIRECTION('',(-0.,-1.,0.));
#13589 = ADVANCED_FACE('',(#13590),#13601,.F.);
#13590 = FACE_BOUND('',#13591,.T.);
#13591 = EDGE_LOOP('',(#13592,#13593,#13599,#13600));
#13592 = ORIENTED_EDGE('',*,*,#11744,.T.);
#13593 = ORIENTED_EDGE('',*,*,#13594,.T.);
#13594 = EDGE_CURVE('',#11745,#12480,#13595,.T.);
#13595 = LINE('',#13596,#13597);
#13596 = CARTESIAN_POINT('',(193.115,-78.4,-4.6E-02));
#13597 = VECTOR('',#13598,1.);
#13598 = DIRECTION('',(0.,0.,1.));
#13599 = ORIENTED_EDGE('',*,*,#12479,.F.);
#13600 = ORIENTED_EDGE('',*,*,#13594,.F.);
#13601 = CYLINDRICAL_SURFACE('',#13602,0.4);
#13602 = AXIS2_PLACEMENT_3D('',#13603,#13604,#13605);
#13603 = CARTESIAN_POINT('',(193.115,-78.,-4.6E-02));
#13604 = DIRECTION('',(-0.,-0.,-1.));
#13605 = DIRECTION('',(-0.,-1.,0.));
#13606 = ADVANCED_FACE('',(#13607),#13618,.F.);
#13607 = FACE_BOUND('',#13608,.T.);
#13608 = EDGE_LOOP('',(#13609,#13610,#13616,#13617));
#13609 = ORIENTED_EDGE('',*,*,#11755,.T.);
#13610 = ORIENTED_EDGE('',*,*,#13611,.T.);
#13611 = EDGE_CURVE('',#11756,#12491,#13612,.T.);
#13612 = LINE('',#13613,#13614);
#13613 = CARTESIAN_POINT('',(195.685,-78.4,-4.6E-02));
#13614 = VECTOR('',#13615,1.);
#13615 = DIRECTION('',(0.,0.,1.));
#13616 = ORIENTED_EDGE('',*,*,#12490,.F.);
#13617 = ORIENTED_EDGE('',*,*,#13611,.F.);
#13618 = CYLINDRICAL_SURFACE('',#13619,0.4);
#13619 = AXIS2_PLACEMENT_3D('',#13620,#13621,#13622);
#13620 = CARTESIAN_POINT('',(195.685,-78.,-4.6E-02));
#13621 = DIRECTION('',(-0.,-0.,-1.));
#13622 = DIRECTION('',(-0.,-1.,0.));
#13623 = ADVANCED_FACE('',(#13624),#13635,.F.);
#13624 = FACE_BOUND('',#13625,.T.);
#13625 = EDGE_LOOP('',(#13626,#13627,#13633,#13634));
#13626 = ORIENTED_EDGE('',*,*,#11766,.T.);
#13627 = ORIENTED_EDGE('',*,*,#13628,.T.);
#13628 = EDGE_CURVE('',#11767,#12502,#13629,.T.);
#13629 = LINE('',#13630,#13631);
#13630 = CARTESIAN_POINT('',(186.265,-75.,-4.6E-02));
#13631 = VECTOR('',#13632,1.);
#13632 = DIRECTION('',(0.,0.,1.));
#13633 = ORIENTED_EDGE('',*,*,#12501,.F.);
#13634 = ORIENTED_EDGE('',*,*,#13628,.F.);
#13635 = CYLINDRICAL_SURFACE('',#13636,0.5);
#13636 = AXIS2_PLACEMENT_3D('',#13637,#13638,#13639);
#13637 = CARTESIAN_POINT('',(186.265,-74.5,-4.6E-02));
#13638 = DIRECTION('',(-0.,-0.,-1.));
#13639 = DIRECTION('',(-0.,-1.,0.));
#13640 = ADVANCED_FACE('',(#13641),#13652,.F.);
#13641 = FACE_BOUND('',#13642,.T.);
#13642 = EDGE_LOOP('',(#13643,#13644,#13650,#13651));
#13643 = ORIENTED_EDGE('',*,*,#11777,.T.);
#13644 = ORIENTED_EDGE('',*,*,#13645,.T.);
#13645 = EDGE_CURVE('',#11778,#12513,#13646,.T.);
#13646 = LINE('',#13647,#13648);
#13647 = CARTESIAN_POINT('',(188.805,-75.,-4.6E-02));
#13648 = VECTOR('',#13649,1.);
#13649 = DIRECTION('',(0.,0.,1.));
#13650 = ORIENTED_EDGE('',*,*,#12512,.F.);
#13651 = ORIENTED_EDGE('',*,*,#13645,.F.);
#13652 = CYLINDRICAL_SURFACE('',#13653,0.5);
#13653 = AXIS2_PLACEMENT_3D('',#13654,#13655,#13656);
#13654 = CARTESIAN_POINT('',(188.805,-74.5,-4.6E-02));
#13655 = DIRECTION('',(-0.,-0.,-1.));
#13656 = DIRECTION('',(-0.,-1.,0.));
#13657 = ADVANCED_FACE('',(#13658),#13669,.F.);
#13658 = FACE_BOUND('',#13659,.T.);
#13659 = EDGE_LOOP('',(#13660,#13661,#13667,#13668));
#13660 = ORIENTED_EDGE('',*,*,#11788,.T.);
#13661 = ORIENTED_EDGE('',*,*,#13662,.T.);
#13662 = EDGE_CURVE('',#11789,#12524,#13663,.T.);
#13663 = LINE('',#13664,#13665);
#13664 = CARTESIAN_POINT('',(191.345,-75.,-4.6E-02));
#13665 = VECTOR('',#13666,1.);
#13666 = DIRECTION('',(0.,0.,1.));
#13667 = ORIENTED_EDGE('',*,*,#12523,.F.);
#13668 = ORIENTED_EDGE('',*,*,#13662,.F.);
#13669 = CYLINDRICAL_SURFACE('',#13670,0.5);
#13670 = AXIS2_PLACEMENT_3D('',#13671,#13672,#13673);
#13671 = CARTESIAN_POINT('',(191.345,-74.5,-4.6E-02));
#13672 = DIRECTION('',(-0.,-0.,-1.));
#13673 = DIRECTION('',(-0.,-1.,0.));
#13674 = ADVANCED_FACE('',(#13675),#13686,.F.);
#13675 = FACE_BOUND('',#13676,.T.);
#13676 = EDGE_LOOP('',(#13677,#13678,#13684,#13685));
#13677 = ORIENTED_EDGE('',*,*,#11799,.T.);
#13678 = ORIENTED_EDGE('',*,*,#13679,.T.);
#13679 = EDGE_CURVE('',#11800,#12535,#13680,.T.);
#13680 = LINE('',#13681,#13682);
#13681 = CARTESIAN_POINT('',(203.305,-78.4,-4.6E-02));
#13682 = VECTOR('',#13683,1.);
#13683 = DIRECTION('',(0.,0.,1.));
#13684 = ORIENTED_EDGE('',*,*,#12534,.F.);
#13685 = ORIENTED_EDGE('',*,*,#13679,.F.);
#13686 = CYLINDRICAL_SURFACE('',#13687,0.4);
#13687 = AXIS2_PLACEMENT_3D('',#13688,#13689,#13690);
#13688 = CARTESIAN_POINT('',(203.305,-78.,-4.6E-02));
#13689 = DIRECTION('',(-0.,-0.,-1.));
#13690 = DIRECTION('',(-0.,-1.,0.));
#13691 = ADVANCED_FACE('',(#13692),#13703,.F.);
#13692 = FACE_BOUND('',#13693,.T.);
#13693 = EDGE_LOOP('',(#13694,#13695,#13701,#13702));
#13694 = ORIENTED_EDGE('',*,*,#11810,.T.);
#13695 = ORIENTED_EDGE('',*,*,#13696,.T.);
#13696 = EDGE_CURVE('',#11811,#12546,#13697,.T.);
#13697 = LINE('',#13698,#13699);
#13698 = CARTESIAN_POINT('',(196.305,-75.05,-4.6E-02));
#13699 = VECTOR('',#13700,1.);
#13700 = DIRECTION('',(0.,0.,1.));
#13701 = ORIENTED_EDGE('',*,*,#12545,.F.);
#13702 = ORIENTED_EDGE('',*,*,#13696,.F.);
#13703 = CYLINDRICAL_SURFACE('',#13704,0.5);
#13704 = AXIS2_PLACEMENT_3D('',#13705,#13706,#13707);
#13705 = CARTESIAN_POINT('',(196.305,-74.55,-4.6E-02));
#13706 = DIRECTION('',(-0.,-0.,-1.));
#13707 = DIRECTION('',(-0.,-1.,0.));
#13708 = ADVANCED_FACE('',(#13709),#13720,.F.);
#13709 = FACE_BOUND('',#13710,.T.);
#13710 = EDGE_LOOP('',(#13711,#13712,#13718,#13719));
#13711 = ORIENTED_EDGE('',*,*,#11821,.T.);
#13712 = ORIENTED_EDGE('',*,*,#13713,.T.);
#13713 = EDGE_CURVE('',#11822,#12557,#13714,.T.);
#13714 = LINE('',#13715,#13716);
#13715 = CARTESIAN_POINT('',(198.845,-75.05,-4.6E-02));
#13716 = VECTOR('',#13717,1.);
#13717 = DIRECTION('',(0.,0.,1.));
#13718 = ORIENTED_EDGE('',*,*,#12556,.F.);
#13719 = ORIENTED_EDGE('',*,*,#13713,.F.);
#13720 = CYLINDRICAL_SURFACE('',#13721,0.5);
#13721 = AXIS2_PLACEMENT_3D('',#13722,#13723,#13724);
#13722 = CARTESIAN_POINT('',(198.845,-74.55,-4.6E-02));
#13723 = DIRECTION('',(-0.,-0.,-1.));
#13724 = DIRECTION('',(-0.,-1.,0.));
#13725 = ADVANCED_FACE('',(#13726),#13737,.F.);
#13726 = FACE_BOUND('',#13727,.T.);
#13727 = EDGE_LOOP('',(#13728,#13729,#13735,#13736));
#13728 = ORIENTED_EDGE('',*,*,#11832,.T.);
#13729 = ORIENTED_EDGE('',*,*,#13730,.T.);
#13730 = EDGE_CURVE('',#11833,#12568,#13731,.T.);
#13731 = LINE('',#13732,#13733);
#13732 = CARTESIAN_POINT('',(201.385,-75.05,-4.6E-02));
#13733 = VECTOR('',#13734,1.);
#13734 = DIRECTION('',(0.,0.,1.));
#13735 = ORIENTED_EDGE('',*,*,#12567,.F.);
#13736 = ORIENTED_EDGE('',*,*,#13730,.F.);
#13737 = CYLINDRICAL_SURFACE('',#13738,0.5);
#13738 = AXIS2_PLACEMENT_3D('',#13739,#13740,#13741);
#13739 = CARTESIAN_POINT('',(201.385,-74.55,-4.6E-02));
#13740 = DIRECTION('',(-0.,-0.,-1.));
#13741 = DIRECTION('',(-0.,-1.,0.));
#13742 = ADVANCED_FACE('',(#13743),#13754,.F.);
#13743 = FACE_BOUND('',#13744,.T.);
#13744 = EDGE_LOOP('',(#13745,#13746,#13752,#13753));
#13745 = ORIENTED_EDGE('',*,*,#11843,.T.);
#13746 = ORIENTED_EDGE('',*,*,#13747,.T.);
#13747 = EDGE_CURVE('',#11844,#12579,#13748,.T.);
#13748 = LINE('',#13749,#13750);
#13749 = CARTESIAN_POINT('',(213.,-75.85,-4.6E-02));
#13750 = VECTOR('',#13751,1.);
#13751 = DIRECTION('',(0.,0.,1.));
#13752 = ORIENTED_EDGE('',*,*,#12578,.F.);
#13753 = ORIENTED_EDGE('',*,*,#13747,.F.);
#13754 = CYLINDRICAL_SURFACE('',#13755,1.35);
#13755 = AXIS2_PLACEMENT_3D('',#13756,#13757,#13758);
#13756 = CARTESIAN_POINT('',(213.,-74.5,-4.6E-02));
#13757 = DIRECTION('',(-0.,-0.,-1.));
#13758 = DIRECTION('',(-0.,-1.,0.));
#13759 = ( GEOMETRIC_REPRESENTATION_CONTEXT(3) 
GLOBAL_UNCERTAINTY_ASSIGNED_CONTEXT((#13763)) 
GLOBAL_UNIT_ASSIGNED_CONTEXT((#13760,#13761,#13762)) 
REPRESENTATION_CONTEXT('Context #1',
  '3D Context with UNIT and UNCERTAINTY') );
#13760 = ( LENGTH_UNIT() NAMED_UNIT(*) SI_UNIT(.MILLI.,.METRE.) );
#13761 = ( NAMED_UNIT(*) PLANE_ANGLE_UNIT() SI_UNIT($,.RADIAN.) );
#13762 = ( NAMED_UNIT(*) SI_UNIT($,.STERADIAN.) SOLID_ANGLE_UNIT() );
#13763 = UNCERTAINTY_MEASURE_WITH_UNIT(LENGTH_MEASURE(1.E-07),#13760,
  'distance_accuracy_value','confusion accuracy');
#13764 = CONTEXT_DEPENDENT_SHAPE_REPRESENTATION(#13765,#13767);
#13765 = ( REPRESENTATION_RELATIONSHIP('','',#11016,#10) 
REPRESENTATION_RELATIONSHIP_WITH_TRANSFORMATION(#13766) 
SHAPE_REPRESENTATION_RELATIONSHIP() );
#13766 = ITEM_DEFINED_TRANSFORMATION('','',#11,#67);
#13767 = PRODUCT_DEFINITION_SHAPE('Placement','Placement of an item',
  #13768);
#13768 = NEXT_ASSEMBLY_USAGE_OCCURRENCE('14','=>[0:1:1:7]','',#5,#11011,
  $);
#13769 = PRODUCT_RELATED_PRODUCT_CATEGORY('part',$,(#11013));
#13770 = MECHANICAL_DESIGN_GEOMETRIC_PRESENTATION_REPRESENTATION('',(
    #13771,#13779,#13786,#13793,#13800,#13807,#13814,#13821,#13828,
    #13835,#13842,#13849,#13856,#13863,#13870,#13877,#13884,#13892,
    #13899,#13906,#13913,#13920,#13927,#13934,#13941,#13948,#13955,
    #13962,#13969,#13976,#13983,#13990,#13997,#14004,#14011,#14018,
    #14025,#14032,#14039,#14046,#14053,#14060,#14067,#14074,#14081,
    #14088,#14095,#14102,#14109,#14116,#14123,#14130),#5490);
#13771 = STYLED_ITEM('color',(#13772),#4060);
#13772 = PRESENTATION_STYLE_ASSIGNMENT((#13773));
#13773 = SURFACE_STYLE_USAGE(.BOTH.,#13774);
#13774 = SURFACE_SIDE_STYLE('',(#13775));
#13775 = SURFACE_STYLE_FILL_AREA(#13776);
#13776 = FILL_AREA_STYLE('',(#13777));
#13777 = FILL_AREA_STYLE_COLOUR('',#13778);
#13778 = COLOUR_RGB('',0.147999998088,0.144999993226,0.144999993226);
#13779 = STYLED_ITEM('color',(#13780),#4100);
#13780 = PRESENTATION_STYLE_ASSIGNMENT((#13781));
#13781 = SURFACE_STYLE_USAGE(.BOTH.,#13782);
#13782 = SURFACE_SIDE_STYLE('',(#13783));
#13783 = SURFACE_STYLE_FILL_AREA(#13784);
#13784 = FILL_AREA_STYLE('',(#13785));
#13785 = FILL_AREA_STYLE_COLOUR('',#13778);
#13786 = STYLED_ITEM('color',(#13787),#4131);
#13787 = PRESENTATION_STYLE_ASSIGNMENT((#13788));
#13788 = SURFACE_STYLE_USAGE(.BOTH.,#13789);
#13789 = SURFACE_SIDE_STYLE('',(#13790));
#13790 = SURFACE_STYLE_FILL_AREA(#13791);
#13791 = FILL_AREA_STYLE('',(#13792));
#13792 = FILL_AREA_STYLE_COLOUR('',#13778);
#13793 = STYLED_ITEM('color',(#13794),#4162);
#13794 = PRESENTATION_STYLE_ASSIGNMENT((#13795));
#13795 = SURFACE_STYLE_USAGE(.BOTH.,#13796);
#13796 = SURFACE_SIDE_STYLE('',(#13797));
#13797 = SURFACE_STYLE_FILL_AREA(#13798);
#13798 = FILL_AREA_STYLE('',(#13799));
#13799 = FILL_AREA_STYLE_COLOUR('',#13778);
#13800 = STYLED_ITEM('color',(#13801),#4327);
#13801 = PRESENTATION_STYLE_ASSIGNMENT((#13802));
#13802 = SURFACE_STYLE_USAGE(.BOTH.,#13803);
#13803 = SURFACE_SIDE_STYLE('',(#13804));
#13804 = SURFACE_STYLE_FILL_AREA(#13805);
#13805 = FILL_AREA_STYLE('',(#13806));
#13806 = FILL_AREA_STYLE_COLOUR('',#13778);
#13807 = STYLED_ITEM('color',(#13808),#4492);
#13808 = PRESENTATION_STYLE_ASSIGNMENT((#13809));
#13809 = SURFACE_STYLE_USAGE(.BOTH.,#13810);
#13810 = SURFACE_SIDE_STYLE('',(#13811));
#13811 = SURFACE_STYLE_FILL_AREA(#13812);
#13812 = FILL_AREA_STYLE('',(#13813));
#13813 = FILL_AREA_STYLE_COLOUR('',#13778);
#13814 = STYLED_ITEM('color',(#13815),#4509);
#13815 = PRESENTATION_STYLE_ASSIGNMENT((#13816));
#13816 = SURFACE_STYLE_USAGE(.BOTH.,#13817);
#13817 = SURFACE_SIDE_STYLE('',(#13818));
#13818 = SURFACE_STYLE_FILL_AREA(#13819);
#13819 = FILL_AREA_STYLE('',(#13820));
#13820 = FILL_AREA_STYLE_COLOUR('',#13778);
#13821 = STYLED_ITEM('color',(#13822),#4526);
#13822 = PRESENTATION_STYLE_ASSIGNMENT((#13823));
#13823 = SURFACE_STYLE_USAGE(.BOTH.,#13824);
#13824 = SURFACE_SIDE_STYLE('',(#13825));
#13825 = SURFACE_STYLE_FILL_AREA(#13826);
#13826 = FILL_AREA_STYLE('',(#13827));
#13827 = FILL_AREA_STYLE_COLOUR('',#13778);
#13828 = STYLED_ITEM('color',(#13829),#4543);
#13829 = PRESENTATION_STYLE_ASSIGNMENT((#13830));
#13830 = SURFACE_STYLE_USAGE(.BOTH.,#13831);
#13831 = SURFACE_SIDE_STYLE('',(#13832));
#13832 = SURFACE_STYLE_FILL_AREA(#13833);
#13833 = FILL_AREA_STYLE('',(#13834));
#13834 = FILL_AREA_STYLE_COLOUR('',#13778);
#13835 = STYLED_ITEM('color',(#13836),#4560);
#13836 = PRESENTATION_STYLE_ASSIGNMENT((#13837));
#13837 = SURFACE_STYLE_USAGE(.BOTH.,#13838);
#13838 = SURFACE_SIDE_STYLE('',(#13839));
#13839 = SURFACE_STYLE_FILL_AREA(#13840);
#13840 = FILL_AREA_STYLE('',(#13841));
#13841 = FILL_AREA_STYLE_COLOUR('',#13778);
#13842 = STYLED_ITEM('color',(#13843),#4577);
#13843 = PRESENTATION_STYLE_ASSIGNMENT((#13844));
#13844 = SURFACE_STYLE_USAGE(.BOTH.,#13845);
#13845 = SURFACE_SIDE_STYLE('',(#13846));
#13846 = SURFACE_STYLE_FILL_AREA(#13847);
#13847 = FILL_AREA_STYLE('',(#13848));
#13848 = FILL_AREA_STYLE_COLOUR('',#13778);
#13849 = STYLED_ITEM('color',(#13850),#4594);
#13850 = PRESENTATION_STYLE_ASSIGNMENT((#13851));
#13851 = SURFACE_STYLE_USAGE(.BOTH.,#13852);
#13852 = SURFACE_SIDE_STYLE('',(#13853));
#13853 = SURFACE_STYLE_FILL_AREA(#13854);
#13854 = FILL_AREA_STYLE('',(#13855));
#13855 = FILL_AREA_STYLE_COLOUR('',#13778);
#13856 = STYLED_ITEM('color',(#13857),#4611);
#13857 = PRESENTATION_STYLE_ASSIGNMENT((#13858));
#13858 = SURFACE_STYLE_USAGE(.BOTH.,#13859);
#13859 = SURFACE_SIDE_STYLE('',(#13860));
#13860 = SURFACE_STYLE_FILL_AREA(#13861);
#13861 = FILL_AREA_STYLE('',(#13862));
#13862 = FILL_AREA_STYLE_COLOUR('',#13778);
#13863 = STYLED_ITEM('color',(#13864),#4628);
#13864 = PRESENTATION_STYLE_ASSIGNMENT((#13865));
#13865 = SURFACE_STYLE_USAGE(.BOTH.,#13866);
#13866 = SURFACE_SIDE_STYLE('',(#13867));
#13867 = SURFACE_STYLE_FILL_AREA(#13868);
#13868 = FILL_AREA_STYLE('',(#13869));
#13869 = FILL_AREA_STYLE_COLOUR('',#13778);
#13870 = STYLED_ITEM('color',(#13871),#4645);
#13871 = PRESENTATION_STYLE_ASSIGNMENT((#13872));
#13872 = SURFACE_STYLE_USAGE(.BOTH.,#13873);
#13873 = SURFACE_SIDE_STYLE('',(#13874));
#13874 = SURFACE_STYLE_FILL_AREA(#13875);
#13875 = FILL_AREA_STYLE('',(#13876));
#13876 = FILL_AREA_STYLE_COLOUR('',#13778);
#13877 = STYLED_ITEM('color',(#13878),#4662);
#13878 = PRESENTATION_STYLE_ASSIGNMENT((#13879));
#13879 = SURFACE_STYLE_USAGE(.BOTH.,#13880);
#13880 = SURFACE_SIDE_STYLE('',(#13881));
#13881 = SURFACE_STYLE_FILL_AREA(#13882);
#13882 = FILL_AREA_STYLE('',(#13883));
#13883 = FILL_AREA_STYLE_COLOUR('',#13778);
#13884 = STYLED_ITEM('color',(#13885),#4674);
#13885 = PRESENTATION_STYLE_ASSIGNMENT((#13886));
#13886 = SURFACE_STYLE_USAGE(.BOTH.,#13887);
#13887 = SURFACE_SIDE_STYLE('',(#13888));
#13888 = SURFACE_STYLE_FILL_AREA(#13889);
#13889 = FILL_AREA_STYLE('',(#13890));
#13890 = FILL_AREA_STYLE_COLOUR('',#13891);
#13891 = COLOUR_RGB('',0.859000020776,0.737999965183,0.495999988746);
#13892 = STYLED_ITEM('color',(#13893),#4705);
#13893 = PRESENTATION_STYLE_ASSIGNMENT((#13894));
#13894 = SURFACE_STYLE_USAGE(.BOTH.,#13895);
#13895 = SURFACE_SIDE_STYLE('',(#13896));
#13896 = SURFACE_STYLE_FILL_AREA(#13897);
#13897 = FILL_AREA_STYLE('',(#13898));
#13898 = FILL_AREA_STYLE_COLOUR('',#13891);
#13899 = STYLED_ITEM('color',(#13900),#4729);
#13900 = PRESENTATION_STYLE_ASSIGNMENT((#13901));
#13901 = SURFACE_STYLE_USAGE(.BOTH.,#13902);
#13902 = SURFACE_SIDE_STYLE('',(#13903));
#13903 = SURFACE_STYLE_FILL_AREA(#13904);
#13904 = FILL_AREA_STYLE('',(#13905));
#13905 = FILL_AREA_STYLE_COLOUR('',#13891);
#13906 = STYLED_ITEM('color',(#13907),#4753);
#13907 = PRESENTATION_STYLE_ASSIGNMENT((#13908));
#13908 = SURFACE_STYLE_USAGE(.BOTH.,#13909);
#13909 = SURFACE_SIDE_STYLE('',(#13910));
#13910 = SURFACE_STYLE_FILL_AREA(#13911);
#13911 = FILL_AREA_STYLE('',(#13912));
#13912 = FILL_AREA_STYLE_COLOUR('',#13891);
#13913 = STYLED_ITEM('color',(#13914),#4770);
#13914 = PRESENTATION_STYLE_ASSIGNMENT((#13915));
#13915 = SURFACE_STYLE_USAGE(.BOTH.,#13916);
#13916 = SURFACE_SIDE_STYLE('',(#13917));
#13917 = SURFACE_STYLE_FILL_AREA(#13918);
#13918 = FILL_AREA_STYLE('',(#13919));
#13919 = FILL_AREA_STYLE_COLOUR('',#13891);
#13920 = STYLED_ITEM('color',(#13921),#4801);
#13921 = PRESENTATION_STYLE_ASSIGNMENT((#13922));
#13922 = SURFACE_STYLE_USAGE(.BOTH.,#13923);
#13923 = SURFACE_SIDE_STYLE('',(#13924));
#13924 = SURFACE_STYLE_FILL_AREA(#13925);
#13925 = FILL_AREA_STYLE('',(#13926));
#13926 = FILL_AREA_STYLE_COLOUR('',#13891);
#13927 = STYLED_ITEM('color',(#13928),#4825);
#13928 = PRESENTATION_STYLE_ASSIGNMENT((#13929));
#13929 = SURFACE_STYLE_USAGE(.BOTH.,#13930);
#13930 = SURFACE_SIDE_STYLE('',(#13931));
#13931 = SURFACE_STYLE_FILL_AREA(#13932);
#13932 = FILL_AREA_STYLE('',(#13933));
#13933 = FILL_AREA_STYLE_COLOUR('',#13891);
#13934 = STYLED_ITEM('color',(#13935),#4849);
#13935 = PRESENTATION_STYLE_ASSIGNMENT((#13936));
#13936 = SURFACE_STYLE_USAGE(.BOTH.,#13937);
#13937 = SURFACE_SIDE_STYLE('',(#13938));
#13938 = SURFACE_STYLE_FILL_AREA(#13939);
#13939 = FILL_AREA_STYLE('',(#13940));
#13940 = FILL_AREA_STYLE_COLOUR('',#13891);
#13941 = STYLED_ITEM('color',(#13942),#4866);
#13942 = PRESENTATION_STYLE_ASSIGNMENT((#13943));
#13943 = SURFACE_STYLE_USAGE(.BOTH.,#13944);
#13944 = SURFACE_SIDE_STYLE('',(#13945));
#13945 = SURFACE_STYLE_FILL_AREA(#13946);
#13946 = FILL_AREA_STYLE('',(#13947));
#13947 = FILL_AREA_STYLE_COLOUR('',#13891);
#13948 = STYLED_ITEM('color',(#13949),#4897);
#13949 = PRESENTATION_STYLE_ASSIGNMENT((#13950));
#13950 = SURFACE_STYLE_USAGE(.BOTH.,#13951);
#13951 = SURFACE_SIDE_STYLE('',(#13952));
#13952 = SURFACE_STYLE_FILL_AREA(#13953);
#13953 = FILL_AREA_STYLE('',(#13954));
#13954 = FILL_AREA_STYLE_COLOUR('',#13891);
#13955 = STYLED_ITEM('color',(#13956),#4921);
#13956 = PRESENTATION_STYLE_ASSIGNMENT((#13957));
#13957 = SURFACE_STYLE_USAGE(.BOTH.,#13958);
#13958 = SURFACE_SIDE_STYLE('',(#13959));
#13959 = SURFACE_STYLE_FILL_AREA(#13960);
#13960 = FILL_AREA_STYLE('',(#13961));
#13961 = FILL_AREA_STYLE_COLOUR('',#13891);
#13962 = STYLED_ITEM('color',(#13963),#4945);
#13963 = PRESENTATION_STYLE_ASSIGNMENT((#13964));
#13964 = SURFACE_STYLE_USAGE(.BOTH.,#13965);
#13965 = SURFACE_SIDE_STYLE('',(#13966));
#13966 = SURFACE_STYLE_FILL_AREA(#13967);
#13967 = FILL_AREA_STYLE('',(#13968));
#13968 = FILL_AREA_STYLE_COLOUR('',#13891);
#13969 = STYLED_ITEM('color',(#13970),#4962);
#13970 = PRESENTATION_STYLE_ASSIGNMENT((#13971));
#13971 = SURFACE_STYLE_USAGE(.BOTH.,#13972);
#13972 = SURFACE_SIDE_STYLE('',(#13973));
#13973 = SURFACE_STYLE_FILL_AREA(#13974);
#13974 = FILL_AREA_STYLE('',(#13975));
#13975 = FILL_AREA_STYLE_COLOUR('',#13891);
#13976 = STYLED_ITEM('color',(#13977),#4993);
#13977 = PRESENTATION_STYLE_ASSIGNMENT((#13978));
#13978 = SURFACE_STYLE_USAGE(.BOTH.,#13979);
#13979 = SURFACE_SIDE_STYLE('',(#13980));
#13980 = SURFACE_STYLE_FILL_AREA(#13981);
#13981 = FILL_AREA_STYLE('',(#13982));
#13982 = FILL_AREA_STYLE_COLOUR('',#13891);
#13983 = STYLED_ITEM('color',(#13984),#5017);
#13984 = PRESENTATION_STYLE_ASSIGNMENT((#13985));
#13985 = SURFACE_STYLE_USAGE(.BOTH.,#13986);
#13986 = SURFACE_SIDE_STYLE('',(#13987));
#13987 = SURFACE_STYLE_FILL_AREA(#13988);
#13988 = FILL_AREA_STYLE('',(#13989));
#13989 = FILL_AREA_STYLE_COLOUR('',#13891);
#13990 = STYLED_ITEM('color',(#13991),#5041);
#13991 = PRESENTATION_STYLE_ASSIGNMENT((#13992));
#13992 = SURFACE_STYLE_USAGE(.BOTH.,#13993);
#13993 = SURFACE_SIDE_STYLE('',(#13994));
#13994 = SURFACE_STYLE_FILL_AREA(#13995);
#13995 = FILL_AREA_STYLE('',(#13996));
#13996 = FILL_AREA_STYLE_COLOUR('',#13891);
#13997 = STYLED_ITEM('color',(#13998),#5058);
#13998 = PRESENTATION_STYLE_ASSIGNMENT((#13999));
#13999 = SURFACE_STYLE_USAGE(.BOTH.,#14000);
#14000 = SURFACE_SIDE_STYLE('',(#14001));
#14001 = SURFACE_STYLE_FILL_AREA(#14002);
#14002 = FILL_AREA_STYLE('',(#14003));
#14003 = FILL_AREA_STYLE_COLOUR('',#13891);
#14004 = STYLED_ITEM('color',(#14005),#5089);
#14005 = PRESENTATION_STYLE_ASSIGNMENT((#14006));
#14006 = SURFACE_STYLE_USAGE(.BOTH.,#14007);
#14007 = SURFACE_SIDE_STYLE('',(#14008));
#14008 = SURFACE_STYLE_FILL_AREA(#14009);
#14009 = FILL_AREA_STYLE('',(#14010));
#14010 = FILL_AREA_STYLE_COLOUR('',#13891);
#14011 = STYLED_ITEM('color',(#14012),#5113);
#14012 = PRESENTATION_STYLE_ASSIGNMENT((#14013));
#14013 = SURFACE_STYLE_USAGE(.BOTH.,#14014);
#14014 = SURFACE_SIDE_STYLE('',(#14015));
#14015 = SURFACE_STYLE_FILL_AREA(#14016);
#14016 = FILL_AREA_STYLE('',(#14017));
#14017 = FILL_AREA_STYLE_COLOUR('',#13891);
#14018 = STYLED_ITEM('color',(#14019),#5137);
#14019 = PRESENTATION_STYLE_ASSIGNMENT((#14020));
#14020 = SURFACE_STYLE_USAGE(.BOTH.,#14021);
#14021 = SURFACE_SIDE_STYLE('',(#14022));
#14022 = SURFACE_STYLE_FILL_AREA(#14023);
#14023 = FILL_AREA_STYLE('',(#14024));
#14024 = FILL_AREA_STYLE_COLOUR('',#13891);
#14025 = STYLED_ITEM('color',(#14026),#5154);
#14026 = PRESENTATION_STYLE_ASSIGNMENT((#14027));
#14027 = SURFACE_STYLE_USAGE(.BOTH.,#14028);
#14028 = SURFACE_SIDE_STYLE('',(#14029));
#14029 = SURFACE_STYLE_FILL_AREA(#14030);
#14030 = FILL_AREA_STYLE('',(#14031));
#14031 = FILL_AREA_STYLE_COLOUR('',#13891);
#14032 = STYLED_ITEM('color',(#14033),#5185);
#14033 = PRESENTATION_STYLE_ASSIGNMENT((#14034));
#14034 = SURFACE_STYLE_USAGE(.BOTH.,#14035);
#14035 = SURFACE_SIDE_STYLE('',(#14036));
#14036 = SURFACE_STYLE_FILL_AREA(#14037);
#14037 = FILL_AREA_STYLE('',(#14038));
#14038 = FILL_AREA_STYLE_COLOUR('',#13891);
#14039 = STYLED_ITEM('color',(#14040),#5209);
#14040 = PRESENTATION_STYLE_ASSIGNMENT((#14041));
#14041 = SURFACE_STYLE_USAGE(.BOTH.,#14042);
#14042 = SURFACE_SIDE_STYLE('',(#14043));
#14043 = SURFACE_STYLE_FILL_AREA(#14044);
#14044 = FILL_AREA_STYLE('',(#14045));
#14045 = FILL_AREA_STYLE_COLOUR('',#13891);
#14046 = STYLED_ITEM('color',(#14047),#5233);
#14047 = PRESENTATION_STYLE_ASSIGNMENT((#14048));
#14048 = SURFACE_STYLE_USAGE(.BOTH.,#14049);
#14049 = SURFACE_SIDE_STYLE('',(#14050));
#14050 = SURFACE_STYLE_FILL_AREA(#14051);
#14051 = FILL_AREA_STYLE('',(#14052));
#14052 = FILL_AREA_STYLE_COLOUR('',#13891);
#14053 = STYLED_ITEM('color',(#14054),#5250);
#14054 = PRESENTATION_STYLE_ASSIGNMENT((#14055));
#14055 = SURFACE_STYLE_USAGE(.BOTH.,#14056);
#14056 = SURFACE_SIDE_STYLE('',(#14057));
#14057 = SURFACE_STYLE_FILL_AREA(#14058);
#14058 = FILL_AREA_STYLE('',(#14059));
#14059 = FILL_AREA_STYLE_COLOUR('',#13891);
#14060 = STYLED_ITEM('color',(#14061),#5281);
#14061 = PRESENTATION_STYLE_ASSIGNMENT((#14062));
#14062 = SURFACE_STYLE_USAGE(.BOTH.,#14063);
#14063 = SURFACE_SIDE_STYLE('',(#14064));
#14064 = SURFACE_STYLE_FILL_AREA(#14065);
#14065 = FILL_AREA_STYLE('',(#14066));
#14066 = FILL_AREA_STYLE_COLOUR('',#13891);
#14067 = STYLED_ITEM('color',(#14068),#5305);
#14068 = PRESENTATION_STYLE_ASSIGNMENT((#14069));
#14069 = SURFACE_STYLE_USAGE(.BOTH.,#14070);
#14070 = SURFACE_SIDE_STYLE('',(#14071));
#14071 = SURFACE_STYLE_FILL_AREA(#14072);
#14072 = FILL_AREA_STYLE('',(#14073));
#14073 = FILL_AREA_STYLE_COLOUR('',#13891);
#14074 = STYLED_ITEM('color',(#14075),#5329);
#14075 = PRESENTATION_STYLE_ASSIGNMENT((#14076));
#14076 = SURFACE_STYLE_USAGE(.BOTH.,#14077);
#14077 = SURFACE_SIDE_STYLE('',(#14078));
#14078 = SURFACE_STYLE_FILL_AREA(#14079);
#14079 = FILL_AREA_STYLE('',(#14080));
#14080 = FILL_AREA_STYLE_COLOUR('',#13891);
#14081 = STYLED_ITEM('color',(#14082),#5346);
#14082 = PRESENTATION_STYLE_ASSIGNMENT((#14083));
#14083 = SURFACE_STYLE_USAGE(.BOTH.,#14084);
#14084 = SURFACE_SIDE_STYLE('',(#14085));
#14085 = SURFACE_STYLE_FILL_AREA(#14086);
#14086 = FILL_AREA_STYLE('',(#14087));
#14087 = FILL_AREA_STYLE_COLOUR('',#13891);
#14088 = STYLED_ITEM('color',(#14089),#5377);
#14089 = PRESENTATION_STYLE_ASSIGNMENT((#14090));
#14090 = SURFACE_STYLE_USAGE(.BOTH.,#14091);
#14091 = SURFACE_SIDE_STYLE('',(#14092));
#14092 = SURFACE_STYLE_FILL_AREA(#14093);
#14093 = FILL_AREA_STYLE('',(#14094));
#14094 = FILL_AREA_STYLE_COLOUR('',#13891);
#14095 = STYLED_ITEM('color',(#14096),#5401);
#14096 = PRESENTATION_STYLE_ASSIGNMENT((#14097));
#14097 = SURFACE_STYLE_USAGE(.BOTH.,#14098);
#14098 = SURFACE_SIDE_STYLE('',(#14099));
#14099 = SURFACE_STYLE_FILL_AREA(#14100);
#14100 = FILL_AREA_STYLE('',(#14101));
#14101 = FILL_AREA_STYLE_COLOUR('',#13891);
#14102 = STYLED_ITEM('color',(#14103),#5425);
#14103 = PRESENTATION_STYLE_ASSIGNMENT((#14104));
#14104 = SURFACE_STYLE_USAGE(.BOTH.,#14105);
#14105 = SURFACE_SIDE_STYLE('',(#14106));
#14106 = SURFACE_STYLE_FILL_AREA(#14107);
#14107 = FILL_AREA_STYLE('',(#14108));
#14108 = FILL_AREA_STYLE_COLOUR('',#13891);
#14109 = STYLED_ITEM('color',(#14110),#5442);
#14110 = PRESENTATION_STYLE_ASSIGNMENT((#14111));
#14111 = SURFACE_STYLE_USAGE(.BOTH.,#14112);
#14112 = SURFACE_SIDE_STYLE('',(#14113));
#14113 = SURFACE_STYLE_FILL_AREA(#14114);
#14114 = FILL_AREA_STYLE('',(#14115));
#14115 = FILL_AREA_STYLE_COLOUR('',#13891);
#14116 = STYLED_ITEM('color',(#14117),#5454);
#14117 = PRESENTATION_STYLE_ASSIGNMENT((#14118));
#14118 = SURFACE_STYLE_USAGE(.BOTH.,#14119);
#14119 = SURFACE_SIDE_STYLE('',(#14120));
#14120 = SURFACE_STYLE_FILL_AREA(#14121);
#14121 = FILL_AREA_STYLE('',(#14122));
#14122 = FILL_AREA_STYLE_COLOUR('',#13891);
#14123 = STYLED_ITEM('color',(#14124),#5466);
#14124 = PRESENTATION_STYLE_ASSIGNMENT((#14125));
#14125 = SURFACE_STYLE_USAGE(.BOTH.,#14126);
#14126 = SURFACE_SIDE_STYLE('',(#14127));
#14127 = SURFACE_STYLE_FILL_AREA(#14128);
#14128 = FILL_AREA_STYLE('',(#14129));
#14129 = FILL_AREA_STYLE_COLOUR('',#13891);
#14130 = STYLED_ITEM('color',(#14131),#5478);
#14131 = PRESENTATION_STYLE_ASSIGNMENT((#14132));
#14132 = SURFACE_STYLE_USAGE(.BOTH.,#14133);
#14133 = SURFACE_SIDE_STYLE('',(#14134));
#14134 = SURFACE_STYLE_FILL_AREA(#14135);
#14135 = FILL_AREA_STYLE('',(#14136));
#14136 = FILL_AREA_STYLE_COLOUR('',#13891);
#14137 = MECHANICAL_DESIGN_GEOMETRIC_PRESENTATION_REPRESENTATION('',(
    #14138,#14146,#14153,#14161,#14168,#14176,#14183,#14190,#14197,
    #14204,#14211,#14218,#14225,#14232,#14239,#14246,#14253,#14260,
    #14267,#14274,#14281,#14288,#14295,#14302,#14309,#14316,#14323,
    #14330,#14337,#14344,#14351,#14358,#14365,#14372,#14379,#14386,
    #14393,#14400,#14407,#14414,#14421,#14428,#14435,#14442,#14449,
    #14456),#1909);
#14138 = STYLED_ITEM('color',(#14139),#87);
#14139 = PRESENTATION_STYLE_ASSIGNMENT((#14140));
#14140 = SURFACE_STYLE_USAGE(.BOTH.,#14141);
#14141 = SURFACE_SIDE_STYLE('',(#14142));
#14142 = SURFACE_STYLE_FILL_AREA(#14143);
#14143 = FILL_AREA_STYLE('',(#14144));
#14144 = FILL_AREA_STYLE_COLOUR('',#14145);
#14145 = COLOUR_RGB('',0.823999987314,0.819999987296,0.781000009244);
#14146 = STYLED_ITEM('color',(#14147),#104);
#14147 = PRESENTATION_STYLE_ASSIGNMENT((#14148));
#14148 = SURFACE_STYLE_USAGE(.BOTH.,#14149);
#14149 = SURFACE_SIDE_STYLE('',(#14150));
#14150 = SURFACE_STYLE_FILL_AREA(#14151);
#14151 = FILL_AREA_STYLE('',(#14152));
#14152 = FILL_AREA_STYLE_COLOUR('',#14145);
#14153 = STYLED_ITEM('color',(#14154),#129);
#14154 = PRESENTATION_STYLE_ASSIGNMENT((#14155));
#14155 = SURFACE_STYLE_USAGE(.BOTH.,#14156);
#14156 = SURFACE_SIDE_STYLE('',(#14157));
#14157 = SURFACE_STYLE_FILL_AREA(#14158);
#14158 = FILL_AREA_STYLE('',(#14159));
#14159 = FILL_AREA_STYLE_COLOUR('',#14160);
#14160 = COLOUR_RGB('',0.136999991899,0.40200001271,0.726999997272);
#14161 = STYLED_ITEM('color',(#14162),#178);
#14162 = PRESENTATION_STYLE_ASSIGNMENT((#14163));
#14163 = SURFACE_STYLE_USAGE(.BOTH.,#14164);
#14164 = SURFACE_SIDE_STYLE('',(#14165));
#14165 = SURFACE_STYLE_FILL_AREA(#14166);
#14166 = FILL_AREA_STYLE('',(#14167));
#14167 = FILL_AREA_STYLE_COLOUR('',#14160);
#14168 = STYLED_ITEM('color',(#14169),#211);
#14169 = PRESENTATION_STYLE_ASSIGNMENT((#14170));
#14170 = SURFACE_STYLE_USAGE(.BOTH.,#14171);
#14171 = SURFACE_SIDE_STYLE('',(#14172));
#14172 = SURFACE_STYLE_FILL_AREA(#14173);
#14173 = FILL_AREA_STYLE('',(#14174));
#14174 = FILL_AREA_STYLE_COLOUR('',#14175);
#14175 = COLOUR_RGB('',0.690999977303,0.663999984767,0.597999987832);
#14176 = STYLED_ITEM('color',(#14177),#229);
#14177 = PRESENTATION_STYLE_ASSIGNMENT((#14178));
#14178 = SURFACE_STYLE_USAGE(.BOTH.,#14179);
#14179 = SURFACE_SIDE_STYLE('',(#14180));
#14180 = SURFACE_STYLE_FILL_AREA(#14181);
#14181 = FILL_AREA_STYLE('',(#14182));
#14182 = FILL_AREA_STYLE_COLOUR('',#14145);
#14183 = STYLED_ITEM('color',(#14184),#254);
#14184 = PRESENTATION_STYLE_ASSIGNMENT((#14185));
#14185 = SURFACE_STYLE_USAGE(.BOTH.,#14186);
#14186 = SURFACE_SIDE_STYLE('',(#14187));
#14187 = SURFACE_STYLE_FILL_AREA(#14188);
#14188 = FILL_AREA_STYLE('',(#14189));
#14189 = FILL_AREA_STYLE_COLOUR('',#14160);
#14190 = STYLED_ITEM('color',(#14191),#286);
#14191 = PRESENTATION_STYLE_ASSIGNMENT((#14192));
#14192 = SURFACE_STYLE_USAGE(.BOTH.,#14193);
#14193 = SURFACE_SIDE_STYLE('',(#14194));
#14194 = SURFACE_STYLE_FILL_AREA(#14195);
#14195 = FILL_AREA_STYLE('',(#14196));
#14196 = FILL_AREA_STYLE_COLOUR('',#14175);
#14197 = STYLED_ITEM('color',(#14198),#304);
#14198 = PRESENTATION_STYLE_ASSIGNMENT((#14199));
#14199 = SURFACE_STYLE_USAGE(.BOTH.,#14200);
#14200 = SURFACE_SIDE_STYLE('',(#14201));
#14201 = SURFACE_STYLE_FILL_AREA(#14202);
#14202 = FILL_AREA_STYLE('',(#14203));
#14203 = FILL_AREA_STYLE_COLOUR('',#14145);
#14204 = STYLED_ITEM('color',(#14205),#313);
#14205 = PRESENTATION_STYLE_ASSIGNMENT((#14206));
#14206 = SURFACE_STYLE_USAGE(.BOTH.,#14207);
#14207 = SURFACE_SIDE_STYLE('',(#14208));
#14208 = SURFACE_STYLE_FILL_AREA(#14209);
#14209 = FILL_AREA_STYLE('',(#14210));
#14210 = FILL_AREA_STYLE_COLOUR('',#14160);
#14211 = STYLED_ITEM('color',(#14212),#351);
#14212 = PRESENTATION_STYLE_ASSIGNMENT((#14213));
#14213 = SURFACE_STYLE_USAGE(.BOTH.,#14214);
#14214 = SURFACE_SIDE_STYLE('',(#14215));
#14215 = SURFACE_STYLE_FILL_AREA(#14216);
#14216 = FILL_AREA_STYLE('',(#14217));
#14217 = FILL_AREA_STYLE_COLOUR('',#14175);
#14218 = STYLED_ITEM('color',(#14219),#373);
#14219 = PRESENTATION_STYLE_ASSIGNMENT((#14220));
#14220 = SURFACE_STYLE_USAGE(.BOTH.,#14221);
#14221 = SURFACE_SIDE_STYLE('',(#14222));
#14222 = SURFACE_STYLE_FILL_AREA(#14223);
#14223 = FILL_AREA_STYLE('',(#14224));
#14224 = FILL_AREA_STYLE_COLOUR('',#14160);
#14225 = STYLED_ITEM('color',(#14226),#436);
#14226 = PRESENTATION_STYLE_ASSIGNMENT((#14227));
#14227 = SURFACE_STYLE_USAGE(.BOTH.,#14228);
#14228 = SURFACE_SIDE_STYLE('',(#14229));
#14229 = SURFACE_STYLE_FILL_AREA(#14230);
#14230 = FILL_AREA_STYLE('',(#14231));
#14231 = FILL_AREA_STYLE_COLOUR('',#14175);
#14232 = STYLED_ITEM('color',(#14233),#464);
#14233 = PRESENTATION_STYLE_ASSIGNMENT((#14234));
#14234 = SURFACE_STYLE_USAGE(.BOTH.,#14235);
#14235 = SURFACE_SIDE_STYLE('',(#14236));
#14236 = SURFACE_STYLE_FILL_AREA(#14237);
#14237 = FILL_AREA_STYLE('',(#14238));
#14238 = FILL_AREA_STYLE_COLOUR('',#14160);
#14239 = STYLED_ITEM('color',(#14240),#642);
#14240 = PRESENTATION_STYLE_ASSIGNMENT((#14241));
#14241 = SURFACE_STYLE_USAGE(.BOTH.,#14242);
#14242 = SURFACE_SIDE_STYLE('',(#14243));
#14243 = SURFACE_STYLE_FILL_AREA(#14244);
#14244 = FILL_AREA_STYLE('',(#14245));
#14245 = FILL_AREA_STYLE_COLOUR('',#14175);
#14246 = STYLED_ITEM('color',(#14247),#708);
#14247 = PRESENTATION_STYLE_ASSIGNMENT((#14248));
#14248 = SURFACE_STYLE_USAGE(.BOTH.,#14249);
#14249 = SURFACE_SIDE_STYLE('',(#14250));
#14250 = SURFACE_STYLE_FILL_AREA(#14251);
#14251 = FILL_AREA_STYLE('',(#14252));
#14252 = FILL_AREA_STYLE_COLOUR('',#14160);
#14253 = STYLED_ITEM('color',(#14254),#777);
#14254 = PRESENTATION_STYLE_ASSIGNMENT((#14255));
#14255 = SURFACE_STYLE_USAGE(.BOTH.,#14256);
#14256 = SURFACE_SIDE_STYLE('',(#14257));
#14257 = SURFACE_STYLE_FILL_AREA(#14258);
#14258 = FILL_AREA_STYLE('',(#14259));
#14259 = FILL_AREA_STYLE_COLOUR('',#14175);
#14260 = STYLED_ITEM('color',(#14261),#809);
#14261 = PRESENTATION_STYLE_ASSIGNMENT((#14262));
#14262 = SURFACE_STYLE_USAGE(.BOTH.,#14263);
#14263 = SURFACE_SIDE_STYLE('',(#14264));
#14264 = SURFACE_STYLE_FILL_AREA(#14265);
#14265 = FILL_AREA_STYLE('',(#14266));
#14266 = FILL_AREA_STYLE_COLOUR('',#14160);
#14267 = STYLED_ITEM('color',(#14268),#987);
#14268 = PRESENTATION_STYLE_ASSIGNMENT((#14269));
#14269 = SURFACE_STYLE_USAGE(.BOTH.,#14270);
#14270 = SURFACE_SIDE_STYLE('',(#14271));
#14271 = SURFACE_STYLE_FILL_AREA(#14272);
#14272 = FILL_AREA_STYLE('',(#14273));
#14273 = FILL_AREA_STYLE_COLOUR('',#14175);
#14274 = STYLED_ITEM('color',(#14275),#1053);
#14275 = PRESENTATION_STYLE_ASSIGNMENT((#14276));
#14276 = SURFACE_STYLE_USAGE(.BOTH.,#14277);
#14277 = SURFACE_SIDE_STYLE('',(#14278));
#14278 = SURFACE_STYLE_FILL_AREA(#14279);
#14279 = FILL_AREA_STYLE('',(#14280));
#14280 = FILL_AREA_STYLE_COLOUR('',#14160);
#14281 = STYLED_ITEM('color',(#14282),#1085);
#14282 = PRESENTATION_STYLE_ASSIGNMENT((#14283));
#14283 = SURFACE_STYLE_USAGE(.BOTH.,#14284);
#14284 = SURFACE_SIDE_STYLE('',(#14285));
#14285 = SURFACE_STYLE_FILL_AREA(#14286);
#14286 = FILL_AREA_STYLE('',(#14287));
#14287 = FILL_AREA_STYLE_COLOUR('',#14175);
#14288 = STYLED_ITEM('color',(#14289),#1195);
#14289 = PRESENTATION_STYLE_ASSIGNMENT((#14290));
#14290 = SURFACE_STYLE_USAGE(.BOTH.,#14291);
#14291 = SURFACE_SIDE_STYLE('',(#14292));
#14292 = SURFACE_STYLE_FILL_AREA(#14293);
#14293 = FILL_AREA_STYLE('',(#14294));
#14294 = FILL_AREA_STYLE_COLOUR('',#14160);
#14295 = STYLED_ITEM('color',(#14296),#1229);
#14296 = PRESENTATION_STYLE_ASSIGNMENT((#14297));
#14297 = SURFACE_STYLE_USAGE(.BOTH.,#14298);
#14298 = SURFACE_SIDE_STYLE('',(#14299));
#14299 = SURFACE_STYLE_FILL_AREA(#14300);
#14300 = FILL_AREA_STYLE('',(#14301));
#14301 = FILL_AREA_STYLE_COLOUR('',#14175);
#14302 = STYLED_ITEM('color',(#14303),#1247);
#14303 = PRESENTATION_STYLE_ASSIGNMENT((#14304));
#14304 = SURFACE_STYLE_USAGE(.BOTH.,#14305);
#14305 = SURFACE_SIDE_STYLE('',(#14306));
#14306 = SURFACE_STYLE_FILL_AREA(#14307);
#14307 = FILL_AREA_STYLE('',(#14308));
#14308 = FILL_AREA_STYLE_COLOUR('',#13778);
#14309 = STYLED_ITEM('color',(#14310),#1263);
#14310 = PRESENTATION_STYLE_ASSIGNMENT((#14311));
#14311 = SURFACE_STYLE_USAGE(.BOTH.,#14312);
#14312 = SURFACE_SIDE_STYLE('',(#14313));
#14313 = SURFACE_STYLE_FILL_AREA(#14314);
#14314 = FILL_AREA_STYLE('',(#14315));
#14315 = FILL_AREA_STYLE_COLOUR('',#14160);
#14316 = STYLED_ITEM('color',(#14317),#1295);
#14317 = PRESENTATION_STYLE_ASSIGNMENT((#14318));
#14318 = SURFACE_STYLE_USAGE(.BOTH.,#14319);
#14319 = SURFACE_SIDE_STYLE('',(#14320));
#14320 = SURFACE_STYLE_FILL_AREA(#14321);
#14321 = FILL_AREA_STYLE('',(#14322));
#14322 = FILL_AREA_STYLE_COLOUR('',#14175);
#14323 = STYLED_ITEM('color',(#14324),#1313);
#14324 = PRESENTATION_STYLE_ASSIGNMENT((#14325));
#14325 = SURFACE_STYLE_USAGE(.BOTH.,#14326);
#14326 = SURFACE_SIDE_STYLE('',(#14327));
#14327 = SURFACE_STYLE_FILL_AREA(#14328);
#14328 = FILL_AREA_STYLE('',(#14329));
#14329 = FILL_AREA_STYLE_COLOUR('',#14160);
#14330 = STYLED_ITEM('color',(#14331),#1456);
#14331 = PRESENTATION_STYLE_ASSIGNMENT((#14332));
#14332 = SURFACE_STYLE_USAGE(.BOTH.,#14333);
#14333 = SURFACE_SIDE_STYLE('',(#14334));
#14334 = SURFACE_STYLE_FILL_AREA(#14335);
#14335 = FILL_AREA_STYLE('',(#14336));
#14336 = FILL_AREA_STYLE_COLOUR('',#14175);
#14337 = STYLED_ITEM('color',(#14338),#1508);
#14338 = PRESENTATION_STYLE_ASSIGNMENT((#14339));
#14339 = SURFACE_STYLE_USAGE(.BOTH.,#14340);
#14340 = SURFACE_SIDE_STYLE('',(#14341));
#14341 = SURFACE_STYLE_FILL_AREA(#14342);
#14342 = FILL_AREA_STYLE('',(#14343));
#14343 = FILL_AREA_STYLE_COLOUR('',#14145);
#14344 = STYLED_ITEM('color',(#14345),#1532);
#14345 = PRESENTATION_STYLE_ASSIGNMENT((#14346));
#14346 = SURFACE_STYLE_USAGE(.BOTH.,#14347);
#14347 = SURFACE_SIDE_STYLE('',(#14348));
#14348 = SURFACE_STYLE_FILL_AREA(#14349);
#14349 = FILL_AREA_STYLE('',(#14350));
#14350 = FILL_AREA_STYLE_COLOUR('',#14145);
#14351 = STYLED_ITEM('color',(#14352),#1556);
#14352 = PRESENTATION_STYLE_ASSIGNMENT((#14353));
#14353 = SURFACE_STYLE_USAGE(.BOTH.,#14354);
#14354 = SURFACE_SIDE_STYLE('',(#14355));
#14355 = SURFACE_STYLE_FILL_AREA(#14356);
#14356 = FILL_AREA_STYLE('',(#14357));
#14357 = FILL_AREA_STYLE_COLOUR('',#14145);
#14358 = STYLED_ITEM('color',(#14359),#1580);
#14359 = PRESENTATION_STYLE_ASSIGNMENT((#14360));
#14360 = SURFACE_STYLE_USAGE(.BOTH.,#14361);
#14361 = SURFACE_SIDE_STYLE('',(#14362));
#14362 = SURFACE_STYLE_FILL_AREA(#14363);
#14363 = FILL_AREA_STYLE('',(#14364));
#14364 = FILL_AREA_STYLE_COLOUR('',#14145);
#14365 = STYLED_ITEM('color',(#14366),#1642);
#14366 = PRESENTATION_STYLE_ASSIGNMENT((#14367));
#14367 = SURFACE_STYLE_USAGE(.BOTH.,#14368);
#14368 = SURFACE_SIDE_STYLE('',(#14369));
#14369 = SURFACE_STYLE_FILL_AREA(#14370);
#14370 = FILL_AREA_STYLE('',(#14371));
#14371 = FILL_AREA_STYLE_COLOUR('',#14145);
#14372 = STYLED_ITEM('color',(#14373),#1659);
#14373 = PRESENTATION_STYLE_ASSIGNMENT((#14374));
#14374 = SURFACE_STYLE_USAGE(.BOTH.,#14375);
#14375 = SURFACE_SIDE_STYLE('',(#14376));
#14376 = SURFACE_STYLE_FILL_AREA(#14377);
#14377 = FILL_AREA_STYLE('',(#14378));
#14378 = FILL_AREA_STYLE_COLOUR('',#14145);
#14379 = STYLED_ITEM('color',(#14380),#1683);
#14380 = PRESENTATION_STYLE_ASSIGNMENT((#14381));
#14381 = SURFACE_STYLE_USAGE(.BOTH.,#14382);
#14382 = SURFACE_SIDE_STYLE('',(#14383));
#14383 = SURFACE_STYLE_FILL_AREA(#14384);
#14384 = FILL_AREA_STYLE('',(#14385));
#14385 = FILL_AREA_STYLE_COLOUR('',#14145);
#14386 = STYLED_ITEM('color',(#14387),#1699);
#14387 = PRESENTATION_STYLE_ASSIGNMENT((#14388));
#14388 = SURFACE_STYLE_USAGE(.BOTH.,#14389);
#14389 = SURFACE_SIDE_STYLE('',(#14390));
#14390 = SURFACE_STYLE_FILL_AREA(#14391);
#14391 = FILL_AREA_STYLE('',(#14392));
#14392 = FILL_AREA_STYLE_COLOUR('',#14145);
#14393 = STYLED_ITEM('color',(#14394),#1723);
#14394 = PRESENTATION_STYLE_ASSIGNMENT((#14395));
#14395 = SURFACE_STYLE_USAGE(.BOTH.,#14396);
#14396 = SURFACE_SIDE_STYLE('',(#14397));
#14397 = SURFACE_STYLE_FILL_AREA(#14398);
#14398 = FILL_AREA_STYLE('',(#14399));
#14399 = FILL_AREA_STYLE_COLOUR('',#14145);
#14400 = STYLED_ITEM('color',(#14401),#1735);
#14401 = PRESENTATION_STYLE_ASSIGNMENT((#14402));
#14402 = SURFACE_STYLE_USAGE(.BOTH.,#14403);
#14403 = SURFACE_SIDE_STYLE('',(#14404));
#14404 = SURFACE_STYLE_FILL_AREA(#14405);
#14405 = FILL_AREA_STYLE('',(#14406));
#14406 = FILL_AREA_STYLE_COLOUR('',#14145);
#14407 = STYLED_ITEM('color',(#14408),#1751);
#14408 = PRESENTATION_STYLE_ASSIGNMENT((#14409));
#14409 = SURFACE_STYLE_USAGE(.BOTH.,#14410);
#14410 = SURFACE_SIDE_STYLE('',(#14411));
#14411 = SURFACE_STYLE_FILL_AREA(#14412);
#14412 = FILL_AREA_STYLE('',(#14413));
#14413 = FILL_AREA_STYLE_COLOUR('',#14145);
#14414 = STYLED_ITEM('color',(#14415),#1763);
#14415 = PRESENTATION_STYLE_ASSIGNMENT((#14416));
#14416 = SURFACE_STYLE_USAGE(.BOTH.,#14417);
#14417 = SURFACE_SIDE_STYLE('',(#14418));
#14418 = SURFACE_STYLE_FILL_AREA(#14419);
#14419 = FILL_AREA_STYLE('',(#14420));
#14420 = FILL_AREA_STYLE_COLOUR('',#14145);
#14421 = STYLED_ITEM('color',(#14422),#1775);
#14422 = PRESENTATION_STYLE_ASSIGNMENT((#14423));
#14423 = SURFACE_STYLE_USAGE(.BOTH.,#14424);
#14424 = SURFACE_SIDE_STYLE('',(#14425));
#14425 = SURFACE_STYLE_FILL_AREA(#14426);
#14426 = FILL_AREA_STYLE('',(#14427));
#14427 = FILL_AREA_STYLE_COLOUR('',#14145);
#14428 = STYLED_ITEM('color',(#14429),#1789);
#14429 = PRESENTATION_STYLE_ASSIGNMENT((#14430));
#14430 = SURFACE_STYLE_USAGE(.BOTH.,#14431);
#14431 = SURFACE_SIDE_STYLE('',(#14432));
#14432 = SURFACE_STYLE_FILL_AREA(#14433);
#14433 = FILL_AREA_STYLE('',(#14434));
#14434 = FILL_AREA_STYLE_COLOUR('',#14175);
#14435 = STYLED_ITEM('color',(#14436),#1822);
#14436 = PRESENTATION_STYLE_ASSIGNMENT((#14437));
#14437 = SURFACE_STYLE_USAGE(.BOTH.,#14438);
#14438 = SURFACE_SIDE_STYLE('',(#14439));
#14439 = SURFACE_STYLE_FILL_AREA(#14440);
#14440 = FILL_AREA_STYLE('',(#14441));
#14441 = FILL_AREA_STYLE_COLOUR('',#14175);
#14442 = STYLED_ITEM('color',(#14443),#1854);
#14443 = PRESENTATION_STYLE_ASSIGNMENT((#14444));
#14444 = SURFACE_STYLE_USAGE(.BOTH.,#14445);
#14445 = SURFACE_SIDE_STYLE('',(#14446));
#14446 = SURFACE_STYLE_FILL_AREA(#14447);
#14447 = FILL_AREA_STYLE('',(#14448));
#14448 = FILL_AREA_STYLE_COLOUR('',#14160);
#14449 = STYLED_ITEM('color',(#14450),#1871);
#14450 = PRESENTATION_STYLE_ASSIGNMENT((#14451));
#14451 = SURFACE_STYLE_USAGE(.BOTH.,#14452);
#14452 = SURFACE_SIDE_STYLE('',(#14453));
#14453 = SURFACE_STYLE_FILL_AREA(#14454);
#14454 = FILL_AREA_STYLE('',(#14455));
#14455 = FILL_AREA_STYLE_COLOUR('',#14160);
#14456 = STYLED_ITEM('color',(#14457),#1898);
#14457 = PRESENTATION_STYLE_ASSIGNMENT((#14458));
#14458 = SURFACE_STYLE_USAGE(.BOTH.,#14459);
#14459 = SURFACE_SIDE_STYLE('',(#14460));
#14460 = SURFACE_STYLE_FILL_AREA(#14461);
#14461 = FILL_AREA_STYLE('',(#14462));
#14462 = FILL_AREA_STYLE_COLOUR('',#14145);
#14463 = MECHANICAL_DESIGN_GEOMETRIC_PRESENTATION_REPRESENTATION('',(
    #14464,#14472,#14479,#14486,#14493,#14500,#14507,#14514,#14521,
    #14528,#14535,#14542,#14549,#14556,#14563),#6187);
#14464 = STYLED_ITEM('color',(#14465),#5526);
#14465 = PRESENTATION_STYLE_ASSIGNMENT((#14466));
#14466 = SURFACE_STYLE_USAGE(.BOTH.,#14467);
#14467 = SURFACE_SIDE_STYLE('',(#14468));
#14468 = SURFACE_STYLE_FILL_AREA(#14469);
#14469 = FILL_AREA_STYLE('',(#14470));
#14470 = FILL_AREA_STYLE_COLOUR('',#14471);
#14471 = COLOUR_RGB('',0.883000012551,0.711000022565,0.492000011028);
#14472 = STYLED_ITEM('color',(#14473),#5559);
#14473 = PRESENTATION_STYLE_ASSIGNMENT((#14474));
#14474 = SURFACE_STYLE_USAGE(.BOTH.,#14475);
#14475 = SURFACE_SIDE_STYLE('',(#14476));
#14476 = SURFACE_STYLE_FILL_AREA(#14477);
#14477 = FILL_AREA_STYLE('',(#14478));
#14478 = FILL_AREA_STYLE_COLOUR('',#14471);
#14479 = STYLED_ITEM('color',(#14480),#5585);
#14480 = PRESENTATION_STYLE_ASSIGNMENT((#14481));
#14481 = SURFACE_STYLE_USAGE(.BOTH.,#14482);
#14482 = SURFACE_SIDE_STYLE('',(#14483));
#14483 = SURFACE_STYLE_FILL_AREA(#14484);
#14484 = FILL_AREA_STYLE('',(#14485));
#14485 = FILL_AREA_STYLE_COLOUR('',#14471);
#14486 = STYLED_ITEM('color',(#14487),#5605);
#14487 = PRESENTATION_STYLE_ASSIGNMENT((#14488));
#14488 = SURFACE_STYLE_USAGE(.BOTH.,#14489);
#14489 = SURFACE_SIDE_STYLE('',(#14490));
#14490 = SURFACE_STYLE_FILL_AREA(#14491);
#14491 = FILL_AREA_STYLE('',(#14492));
#14492 = FILL_AREA_STYLE_COLOUR('',#14471);
#14493 = STYLED_ITEM('color',(#14494),#5788);
#14494 = PRESENTATION_STYLE_ASSIGNMENT((#14495));
#14495 = SURFACE_STYLE_USAGE(.BOTH.,#14496);
#14496 = SURFACE_SIDE_STYLE('',(#14497));
#14497 = SURFACE_STYLE_FILL_AREA(#14498);
#14498 = FILL_AREA_STYLE('',(#14499));
#14499 = FILL_AREA_STYLE_COLOUR('',#14471);
#14500 = STYLED_ITEM('color',(#14501),#5813);
#14501 = PRESENTATION_STYLE_ASSIGNMENT((#14502));
#14502 = SURFACE_STYLE_USAGE(.BOTH.,#14503);
#14503 = SURFACE_SIDE_STYLE('',(#14504));
#14504 = SURFACE_STYLE_FILL_AREA(#14505);
#14505 = FILL_AREA_STYLE('',(#14506));
#14506 = FILL_AREA_STYLE_COLOUR('',#14145);
#14507 = STYLED_ITEM('color',(#14508),#5839);
#14508 = PRESENTATION_STYLE_ASSIGNMENT((#14509));
#14509 = SURFACE_STYLE_USAGE(.BOTH.,#14510);
#14510 = SURFACE_SIDE_STYLE('',(#14511));
#14511 = SURFACE_STYLE_FILL_AREA(#14512);
#14512 = FILL_AREA_STYLE('',(#14513));
#14513 = FILL_AREA_STYLE_COLOUR('',#14471);
#14514 = STYLED_ITEM('color',(#14515),#5859);
#14515 = PRESENTATION_STYLE_ASSIGNMENT((#14516));
#14516 = SURFACE_STYLE_USAGE(.BOTH.,#14517);
#14517 = SURFACE_SIDE_STYLE('',(#14518));
#14518 = SURFACE_STYLE_FILL_AREA(#14519);
#14519 = FILL_AREA_STYLE('',(#14520));
#14520 = FILL_AREA_STYLE_COLOUR('',#14145);
#14521 = STYLED_ITEM('color',(#14522),#5884);
#14522 = PRESENTATION_STYLE_ASSIGNMENT((#14523));
#14523 = SURFACE_STYLE_USAGE(.BOTH.,#14524);
#14524 = SURFACE_SIDE_STYLE('',(#14525));
#14525 = SURFACE_STYLE_FILL_AREA(#14526);
#14526 = FILL_AREA_STYLE('',(#14527));
#14527 = FILL_AREA_STYLE_COLOUR('',#14471);
#14528 = STYLED_ITEM('color',(#14529),#5909);
#14529 = PRESENTATION_STYLE_ASSIGNMENT((#14530));
#14530 = SURFACE_STYLE_USAGE(.BOTH.,#14531);
#14531 = SURFACE_SIDE_STYLE('',(#14532));
#14532 = SURFACE_STYLE_FILL_AREA(#14533);
#14533 = FILL_AREA_STYLE('',(#14534));
#14534 = FILL_AREA_STYLE_COLOUR('',#14145);
#14535 = STYLED_ITEM('color',(#14536),#5918);
#14536 = PRESENTATION_STYLE_ASSIGNMENT((#14537));
#14537 = SURFACE_STYLE_USAGE(.BOTH.,#14538);
#14538 = SURFACE_SIDE_STYLE('',(#14539));
#14539 = SURFACE_STYLE_FILL_AREA(#14540);
#14540 = FILL_AREA_STYLE('',(#14541));
#14541 = FILL_AREA_STYLE_COLOUR('',#14471);
#14542 = STYLED_ITEM('color',(#14543),#5944);
#14543 = PRESENTATION_STYLE_ASSIGNMENT((#14544));
#14544 = SURFACE_STYLE_USAGE(.BOTH.,#14545);
#14545 = SURFACE_SIDE_STYLE('',(#14546));
#14546 = SURFACE_STYLE_FILL_AREA(#14547);
#14547 = FILL_AREA_STYLE('',(#14548));
#14548 = FILL_AREA_STYLE_COLOUR('',#14471);
#14549 = STYLED_ITEM('color',(#14550),#6127);
#14550 = PRESENTATION_STYLE_ASSIGNMENT((#14551));
#14551 = SURFACE_STYLE_USAGE(.BOTH.,#14552);
#14552 = SURFACE_SIDE_STYLE('',(#14553));
#14553 = SURFACE_STYLE_FILL_AREA(#14554);
#14554 = FILL_AREA_STYLE('',(#14555));
#14555 = FILL_AREA_STYLE_COLOUR('',#14145);
#14556 = STYLED_ITEM('color',(#14557),#6153);
#14557 = PRESENTATION_STYLE_ASSIGNMENT((#14558));
#14558 = SURFACE_STYLE_USAGE(.BOTH.,#14559);
#14559 = SURFACE_SIDE_STYLE('',(#14560));
#14560 = SURFACE_STYLE_FILL_AREA(#14561);
#14561 = FILL_AREA_STYLE('',(#14562));
#14562 = FILL_AREA_STYLE_COLOUR('',#14145);
#14563 = STYLED_ITEM('color',(#14564),#6178);
#14564 = PRESENTATION_STYLE_ASSIGNMENT((#14565));
#14565 = SURFACE_STYLE_USAGE(.BOTH.,#14566);
#14566 = SURFACE_SIDE_STYLE('',(#14567));
#14567 = SURFACE_STYLE_FILL_AREA(#14568);
#14568 = FILL_AREA_STYLE('',(#14569));
#14569 = FILL_AREA_STYLE_COLOUR('',#14145);
#14570 = MECHANICAL_DESIGN_GEOMETRIC_PRESENTATION_REPRESENTATION('',(
    #14571,#14578,#14585,#14592,#14599,#14606,#14613,#14620,#14627,
    #14634,#14641,#14648,#14655,#14662,#14669,#14676,#14683,#14690,
    #14697,#14704,#14711,#14718,#14725,#14732,#14739,#14746,#14753,
    #14760,#14767,#14774,#14781,#14788,#14795,#14802,#14809,#14816,
    #14823,#14830,#14837,#14844,#14851,#14858,#14865,#14872,#14879,
    #14886,#14893,#14900,#14907,#14914,#14921,#14928,#14935,#14942,
    #14949,#14956,#14963,#14970,#14977,#14984,#14991,#14998,#15005,
    #15012,#15019,#15026,#15033,#15040,#15047,#15054,#15061,#15068,
    #15075,#15082,#15089,#15096,#15103,#15110,#15117,#15124,#15131,
    #15138,#15145,#15152,#15159,#15166,#15173,#15180,#15187,#15194,
    #15201,#15208,#15215,#15222,#15229,#15236,#15243,#15250,#15257,
    #15264,#15271,#15278,#15285,#15292,#15299,#15306,#15313,#15320,
    #15327,#15334,#15341,#15348,#15355,#15362,#15369,#15376,#15383,
    #15390,#15397,#15404,#15411,#15418,#15425,#15432,#15439,#15446,
    #15453,#15460,#15467,#15474,#15481,#15488,#15495,#15502,#15509,
    #15516,#15523,#15530,#15537,#15544,#15551,#15558,#15565,#15572,
    #15579,#15586,#15593,#15600),#10988);
#14571 = STYLED_ITEM('color',(#14572),#6218);
#14572 = PRESENTATION_STYLE_ASSIGNMENT((#14573));
#14573 = SURFACE_STYLE_USAGE(.BOTH.,#14574);
#14574 = SURFACE_SIDE_STYLE('',(#14575));
#14575 = SURFACE_STYLE_FILL_AREA(#14576);
#14576 = FILL_AREA_STYLE('',(#14577));
#14577 = FILL_AREA_STYLE_COLOUR('',#13778);
#14578 = STYLED_ITEM('color',(#14579),#6258);
#14579 = PRESENTATION_STYLE_ASSIGNMENT((#14580));
#14580 = SURFACE_STYLE_USAGE(.BOTH.,#14581);
#14581 = SURFACE_SIDE_STYLE('',(#14582));
#14582 = SURFACE_STYLE_FILL_AREA(#14583);
#14583 = FILL_AREA_STYLE('',(#14584));
#14584 = FILL_AREA_STYLE_COLOUR('',#13778);
#14585 = STYLED_ITEM('color',(#14586),#6351);
#14586 = PRESENTATION_STYLE_ASSIGNMENT((#14587));
#14587 = SURFACE_STYLE_USAGE(.BOTH.,#14588);
#14588 = SURFACE_SIDE_STYLE('',(#14589));
#14589 = SURFACE_STYLE_FILL_AREA(#14590);
#14590 = FILL_AREA_STYLE('',(#14591));
#14591 = FILL_AREA_STYLE_COLOUR('',#13778);
#14592 = STYLED_ITEM('color',(#14593),#6374);
#14593 = PRESENTATION_STYLE_ASSIGNMENT((#14594));
#14594 = SURFACE_STYLE_USAGE(.BOTH.,#14595);
#14595 = SURFACE_SIDE_STYLE('',(#14596));
#14596 = SURFACE_STYLE_FILL_AREA(#14597);
#14597 = FILL_AREA_STYLE('',(#14598));
#14598 = FILL_AREA_STYLE_COLOUR('',#13778);
#14599 = STYLED_ITEM('color',(#14600),#6461);
#14600 = PRESENTATION_STYLE_ASSIGNMENT((#14601));
#14601 = SURFACE_STYLE_USAGE(.BOTH.,#14602);
#14602 = SURFACE_SIDE_STYLE('',(#14603));
#14603 = SURFACE_STYLE_FILL_AREA(#14604);
#14604 = FILL_AREA_STYLE('',(#14605));
#14605 = FILL_AREA_STYLE_COLOUR('',#13778);
#14606 = STYLED_ITEM('color',(#14607),#6478);
#14607 = PRESENTATION_STYLE_ASSIGNMENT((#14608));
#14608 = SURFACE_STYLE_USAGE(.BOTH.,#14609);
#14609 = SURFACE_SIDE_STYLE('',(#14610));
#14610 = SURFACE_STYLE_FILL_AREA(#14611);
#14611 = FILL_AREA_STYLE('',(#14612));
#14612 = FILL_AREA_STYLE_COLOUR('',#13778);
#14613 = STYLED_ITEM('color',(#14614),#6508);
#14614 = PRESENTATION_STYLE_ASSIGNMENT((#14615));
#14615 = SURFACE_STYLE_USAGE(.BOTH.,#14616);
#14616 = SURFACE_SIDE_STYLE('',(#14617));
#14617 = SURFACE_STYLE_FILL_AREA(#14618);
#14618 = FILL_AREA_STYLE('',(#14619));
#14619 = FILL_AREA_STYLE_COLOUR('',#13778);
#14620 = STYLED_ITEM('color',(#14621),#6538);
#14621 = PRESENTATION_STYLE_ASSIGNMENT((#14622));
#14622 = SURFACE_STYLE_USAGE(.BOTH.,#14623);
#14623 = SURFACE_SIDE_STYLE('',(#14624));
#14624 = SURFACE_STYLE_FILL_AREA(#14625);
#14625 = FILL_AREA_STYLE('',(#14626));
#14626 = FILL_AREA_STYLE_COLOUR('',#14145);
#14627 = STYLED_ITEM('color',(#14628),#6569);
#14628 = PRESENTATION_STYLE_ASSIGNMENT((#14629));
#14629 = SURFACE_STYLE_USAGE(.BOTH.,#14630);
#14630 = SURFACE_SIDE_STYLE('',(#14631));
#14631 = SURFACE_STYLE_FILL_AREA(#14632);
#14632 = FILL_AREA_STYLE('',(#14633));
#14633 = FILL_AREA_STYLE_COLOUR('',#14145);
#14634 = STYLED_ITEM('color',(#14635),#6600);
#14635 = PRESENTATION_STYLE_ASSIGNMENT((#14636));
#14636 = SURFACE_STYLE_USAGE(.BOTH.,#14637);
#14637 = SURFACE_SIDE_STYLE('',(#14638));
#14638 = SURFACE_STYLE_FILL_AREA(#14639);
#14639 = FILL_AREA_STYLE('',(#14640));
#14640 = FILL_AREA_STYLE_COLOUR('',#13778);
#14641 = STYLED_ITEM('color',(#14642),#6631);
#14642 = PRESENTATION_STYLE_ASSIGNMENT((#14643));
#14643 = SURFACE_STYLE_USAGE(.BOTH.,#14644);
#14644 = SURFACE_SIDE_STYLE('',(#14645));
#14645 = SURFACE_STYLE_FILL_AREA(#14646);
#14646 = FILL_AREA_STYLE('',(#14647));
#14647 = FILL_AREA_STYLE_COLOUR('',#13778);
#14648 = STYLED_ITEM('color',(#14649),#6662);
#14649 = PRESENTATION_STYLE_ASSIGNMENT((#14650));
#14650 = SURFACE_STYLE_USAGE(.BOTH.,#14651);
#14651 = SURFACE_SIDE_STYLE('',(#14652));
#14652 = SURFACE_STYLE_FILL_AREA(#14653);
#14653 = FILL_AREA_STYLE('',(#14654));
#14654 = FILL_AREA_STYLE_COLOUR('',#14145);
#14655 = STYLED_ITEM('color',(#14656),#6693);
#14656 = PRESENTATION_STYLE_ASSIGNMENT((#14657));
#14657 = SURFACE_STYLE_USAGE(.BOTH.,#14658);
#14658 = SURFACE_SIDE_STYLE('',(#14659));
#14659 = SURFACE_STYLE_FILL_AREA(#14660);
#14660 = FILL_AREA_STYLE('',(#14661));
#14661 = FILL_AREA_STYLE_COLOUR('',#14145);
#14662 = STYLED_ITEM('color',(#14663),#6724);
#14663 = PRESENTATION_STYLE_ASSIGNMENT((#14664));
#14664 = SURFACE_STYLE_USAGE(.BOTH.,#14665);
#14665 = SURFACE_SIDE_STYLE('',(#14666));
#14666 = SURFACE_STYLE_FILL_AREA(#14667);
#14667 = FILL_AREA_STYLE('',(#14668));
#14668 = FILL_AREA_STYLE_COLOUR('',#13778);
#14669 = STYLED_ITEM('color',(#14670),#6755);
#14670 = PRESENTATION_STYLE_ASSIGNMENT((#14671));
#14671 = SURFACE_STYLE_USAGE(.BOTH.,#14672);
#14672 = SURFACE_SIDE_STYLE('',(#14673));
#14673 = SURFACE_STYLE_FILL_AREA(#14674);
#14674 = FILL_AREA_STYLE('',(#14675));
#14675 = FILL_AREA_STYLE_COLOUR('',#13778);
#14676 = STYLED_ITEM('color',(#14677),#6778);
#14677 = PRESENTATION_STYLE_ASSIGNMENT((#14678));
#14678 = SURFACE_STYLE_USAGE(.BOTH.,#14679);
#14679 = SURFACE_SIDE_STYLE('',(#14680));
#14680 = SURFACE_STYLE_FILL_AREA(#14681);
#14681 = FILL_AREA_STYLE('',(#14682));
#14682 = FILL_AREA_STYLE_COLOUR('',#13778);
#14683 = STYLED_ITEM('color',(#14684),#6802);
#14684 = PRESENTATION_STYLE_ASSIGNMENT((#14685));
#14685 = SURFACE_STYLE_USAGE(.BOTH.,#14686);
#14686 = SURFACE_SIDE_STYLE('',(#14687));
#14687 = SURFACE_STYLE_FILL_AREA(#14688);
#14688 = FILL_AREA_STYLE('',(#14689));
#14689 = FILL_AREA_STYLE_COLOUR('',#13778);
#14690 = STYLED_ITEM('color',(#14691),#6832);
#14691 = PRESENTATION_STYLE_ASSIGNMENT((#14692));
#14692 = SURFACE_STYLE_USAGE(.BOTH.,#14693);
#14693 = SURFACE_SIDE_STYLE('',(#14694));
#14694 = SURFACE_STYLE_FILL_AREA(#14695);
#14695 = FILL_AREA_STYLE('',(#14696));
#14696 = FILL_AREA_STYLE_COLOUR('',#14145);
#14697 = STYLED_ITEM('color',(#14698),#6863);
#14698 = PRESENTATION_STYLE_ASSIGNMENT((#14699));
#14699 = SURFACE_STYLE_USAGE(.BOTH.,#14700);
#14700 = SURFACE_SIDE_STYLE('',(#14701));
#14701 = SURFACE_STYLE_FILL_AREA(#14702);
#14702 = FILL_AREA_STYLE('',(#14703));
#14703 = FILL_AREA_STYLE_COLOUR('',#14145);
#14704 = STYLED_ITEM('color',(#14705),#6894);
#14705 = PRESENTATION_STYLE_ASSIGNMENT((#14706));
#14706 = SURFACE_STYLE_USAGE(.BOTH.,#14707);
#14707 = SURFACE_SIDE_STYLE('',(#14708));
#14708 = SURFACE_STYLE_FILL_AREA(#14709);
#14709 = FILL_AREA_STYLE('',(#14710));
#14710 = FILL_AREA_STYLE_COLOUR('',#13778);
#14711 = STYLED_ITEM('color',(#14712),#6925);
#14712 = PRESENTATION_STYLE_ASSIGNMENT((#14713));
#14713 = SURFACE_STYLE_USAGE(.BOTH.,#14714);
#14714 = SURFACE_SIDE_STYLE('',(#14715));
#14715 = SURFACE_STYLE_FILL_AREA(#14716);
#14716 = FILL_AREA_STYLE('',(#14717));
#14717 = FILL_AREA_STYLE_COLOUR('',#13778);
#14718 = STYLED_ITEM('color',(#14719),#6956);
#14719 = PRESENTATION_STYLE_ASSIGNMENT((#14720));
#14720 = SURFACE_STYLE_USAGE(.BOTH.,#14721);
#14721 = SURFACE_SIDE_STYLE('',(#14722));
#14722 = SURFACE_STYLE_FILL_AREA(#14723);
#14723 = FILL_AREA_STYLE('',(#14724));
#14724 = FILL_AREA_STYLE_COLOUR('',#14145);
#14725 = STYLED_ITEM('color',(#14726),#6987);
#14726 = PRESENTATION_STYLE_ASSIGNMENT((#14727));
#14727 = SURFACE_STYLE_USAGE(.BOTH.,#14728);
#14728 = SURFACE_SIDE_STYLE('',(#14729));
#14729 = SURFACE_STYLE_FILL_AREA(#14730);
#14730 = FILL_AREA_STYLE('',(#14731));
#14731 = FILL_AREA_STYLE_COLOUR('',#14145);
#14732 = STYLED_ITEM('color',(#14733),#7018);
#14733 = PRESENTATION_STYLE_ASSIGNMENT((#14734));
#14734 = SURFACE_STYLE_USAGE(.BOTH.,#14735);
#14735 = SURFACE_SIDE_STYLE('',(#14736));
#14736 = SURFACE_STYLE_FILL_AREA(#14737);
#14737 = FILL_AREA_STYLE('',(#14738));
#14738 = FILL_AREA_STYLE_COLOUR('',#13778);
#14739 = STYLED_ITEM('color',(#14740),#7049);
#14740 = PRESENTATION_STYLE_ASSIGNMENT((#14741));
#14741 = SURFACE_STYLE_USAGE(.BOTH.,#14742);
#14742 = SURFACE_SIDE_STYLE('',(#14743));
#14743 = SURFACE_STYLE_FILL_AREA(#14744);
#14744 = FILL_AREA_STYLE('',(#14745));
#14745 = FILL_AREA_STYLE_COLOUR('',#13778);
#14746 = STYLED_ITEM('color',(#14747),#7066);
#14747 = PRESENTATION_STYLE_ASSIGNMENT((#14748));
#14748 = SURFACE_STYLE_USAGE(.BOTH.,#14749);
#14749 = SURFACE_SIDE_STYLE('',(#14750));
#14750 = SURFACE_STYLE_FILL_AREA(#14751);
#14751 = FILL_AREA_STYLE('',(#14752));
#14752 = FILL_AREA_STYLE_COLOUR('',#13778);
#14753 = STYLED_ITEM('color',(#14754),#7096);
#14754 = PRESENTATION_STYLE_ASSIGNMENT((#14755));
#14755 = SURFACE_STYLE_USAGE(.BOTH.,#14756);
#14756 = SURFACE_SIDE_STYLE('',(#14757));
#14757 = SURFACE_STYLE_FILL_AREA(#14758);
#14758 = FILL_AREA_STYLE('',(#14759));
#14759 = FILL_AREA_STYLE_COLOUR('',#14145);
#14760 = STYLED_ITEM('color',(#14761),#7154);
#14761 = PRESENTATION_STYLE_ASSIGNMENT((#14762));
#14762 = SURFACE_STYLE_USAGE(.BOTH.,#14763);
#14763 = SURFACE_SIDE_STYLE('',(#14764));
#14764 = SURFACE_STYLE_FILL_AREA(#14765);
#14765 = FILL_AREA_STYLE('',(#14766));
#14766 = FILL_AREA_STYLE_COLOUR('',#14145);
#14767 = STYLED_ITEM('color',(#14768),#7212);
#14768 = PRESENTATION_STYLE_ASSIGNMENT((#14769));
#14769 = SURFACE_STYLE_USAGE(.BOTH.,#14770);
#14770 = SURFACE_SIDE_STYLE('',(#14771));
#14771 = SURFACE_STYLE_FILL_AREA(#14772);
#14772 = FILL_AREA_STYLE('',(#14773));
#14773 = FILL_AREA_STYLE_COLOUR('',#13778);
#14774 = STYLED_ITEM('color',(#14775),#7242);
#14775 = PRESENTATION_STYLE_ASSIGNMENT((#14776));
#14776 = SURFACE_STYLE_USAGE(.BOTH.,#14777);
#14777 = SURFACE_SIDE_STYLE('',(#14778));
#14778 = SURFACE_STYLE_FILL_AREA(#14779);
#14779 = FILL_AREA_STYLE('',(#14780));
#14780 = FILL_AREA_STYLE_COLOUR('',#14145);
#14781 = STYLED_ITEM('color',(#14782),#7300);
#14782 = PRESENTATION_STYLE_ASSIGNMENT((#14783));
#14783 = SURFACE_STYLE_USAGE(.BOTH.,#14784);
#14784 = SURFACE_SIDE_STYLE('',(#14785));
#14785 = SURFACE_STYLE_FILL_AREA(#14786);
#14786 = FILL_AREA_STYLE('',(#14787));
#14787 = FILL_AREA_STYLE_COLOUR('',#14145);
#14788 = STYLED_ITEM('color',(#14789),#7317);
#14789 = PRESENTATION_STYLE_ASSIGNMENT((#14790));
#14790 = SURFACE_STYLE_USAGE(.BOTH.,#14791);
#14791 = SURFACE_SIDE_STYLE('',(#14792));
#14792 = SURFACE_STYLE_FILL_AREA(#14793);
#14793 = FILL_AREA_STYLE('',(#14794));
#14794 = FILL_AREA_STYLE_COLOUR('',#14145);
#14795 = STYLED_ITEM('color',(#14796),#7342);
#14796 = PRESENTATION_STYLE_ASSIGNMENT((#14797));
#14797 = SURFACE_STYLE_USAGE(.BOTH.,#14798);
#14798 = SURFACE_SIDE_STYLE('',(#14799));
#14799 = SURFACE_STYLE_FILL_AREA(#14800);
#14800 = FILL_AREA_STYLE('',(#14801));
#14801 = FILL_AREA_STYLE_COLOUR('',#14145);
#14802 = STYLED_ITEM('color',(#14803),#7392);
#14803 = PRESENTATION_STYLE_ASSIGNMENT((#14804));
#14804 = SURFACE_STYLE_USAGE(.BOTH.,#14805);
#14805 = SURFACE_SIDE_STYLE('',(#14806));
#14806 = SURFACE_STYLE_FILL_AREA(#14807);
#14807 = FILL_AREA_STYLE('',(#14808));
#14808 = FILL_AREA_STYLE_COLOUR('',#13778);
#14809 = STYLED_ITEM('color',(#14810),#7423);
#14810 = PRESENTATION_STYLE_ASSIGNMENT((#14811));
#14811 = SURFACE_STYLE_USAGE(.BOTH.,#14812);
#14812 = SURFACE_SIDE_STYLE('',(#14813));
#14813 = SURFACE_STYLE_FILL_AREA(#14814);
#14814 = FILL_AREA_STYLE('',(#14815));
#14815 = FILL_AREA_STYLE_COLOUR('',#14145);
#14816 = STYLED_ITEM('color',(#14817),#7481);
#14817 = PRESENTATION_STYLE_ASSIGNMENT((#14818));
#14818 = SURFACE_STYLE_USAGE(.BOTH.,#14819);
#14819 = SURFACE_SIDE_STYLE('',(#14820));
#14820 = SURFACE_STYLE_FILL_AREA(#14821);
#14821 = FILL_AREA_STYLE('',(#14822));
#14822 = FILL_AREA_STYLE_COLOUR('',#14145);
#14823 = STYLED_ITEM('color',(#14824),#7539);
#14824 = PRESENTATION_STYLE_ASSIGNMENT((#14825));
#14825 = SURFACE_STYLE_USAGE(.BOTH.,#14826);
#14826 = SURFACE_SIDE_STYLE('',(#14827));
#14827 = SURFACE_STYLE_FILL_AREA(#14828);
#14828 = FILL_AREA_STYLE('',(#14829));
#14829 = FILL_AREA_STYLE_COLOUR('',#13778);
#14830 = STYLED_ITEM('color',(#14831),#7570);
#14831 = PRESENTATION_STYLE_ASSIGNMENT((#14832));
#14832 = SURFACE_STYLE_USAGE(.BOTH.,#14833);
#14833 = SURFACE_SIDE_STYLE('',(#14834));
#14834 = SURFACE_STYLE_FILL_AREA(#14835);
#14835 = FILL_AREA_STYLE('',(#14836));
#14836 = FILL_AREA_STYLE_COLOUR('',#14145);
#14837 = STYLED_ITEM('color',(#14838),#7628);
#14838 = PRESENTATION_STYLE_ASSIGNMENT((#14839));
#14839 = SURFACE_STYLE_USAGE(.BOTH.,#14840);
#14840 = SURFACE_SIDE_STYLE('',(#14841));
#14841 = SURFACE_STYLE_FILL_AREA(#14842);
#14842 = FILL_AREA_STYLE('',(#14843));
#14843 = FILL_AREA_STYLE_COLOUR('',#14145);
#14844 = STYLED_ITEM('color',(#14845),#7645);
#14845 = PRESENTATION_STYLE_ASSIGNMENT((#14846));
#14846 = SURFACE_STYLE_USAGE(.BOTH.,#14847);
#14847 = SURFACE_SIDE_STYLE('',(#14848));
#14848 = SURFACE_STYLE_FILL_AREA(#14849);
#14849 = FILL_AREA_STYLE('',(#14850));
#14850 = FILL_AREA_STYLE_COLOUR('',#14145);
#14851 = STYLED_ITEM('color',(#14852),#7670);
#14852 = PRESENTATION_STYLE_ASSIGNMENT((#14853));
#14853 = SURFACE_STYLE_USAGE(.BOTH.,#14854);
#14854 = SURFACE_SIDE_STYLE('',(#14855));
#14855 = SURFACE_STYLE_FILL_AREA(#14856);
#14856 = FILL_AREA_STYLE('',(#14857));
#14857 = FILL_AREA_STYLE_COLOUR('',#14145);
#14858 = STYLED_ITEM('color',(#14859),#7720);
#14859 = PRESENTATION_STYLE_ASSIGNMENT((#14860));
#14860 = SURFACE_STYLE_USAGE(.BOTH.,#14861);
#14861 = SURFACE_SIDE_STYLE('',(#14862));
#14862 = SURFACE_STYLE_FILL_AREA(#14863);
#14863 = FILL_AREA_STYLE('',(#14864));
#14864 = FILL_AREA_STYLE_COLOUR('',#13778);
#14865 = STYLED_ITEM('color',(#14866),#7751);
#14866 = PRESENTATION_STYLE_ASSIGNMENT((#14867));
#14867 = SURFACE_STYLE_USAGE(.BOTH.,#14868);
#14868 = SURFACE_SIDE_STYLE('',(#14869));
#14869 = SURFACE_STYLE_FILL_AREA(#14870);
#14870 = FILL_AREA_STYLE('',(#14871));
#14871 = FILL_AREA_STYLE_COLOUR('',#13778);
#14872 = STYLED_ITEM('color',(#14873),#7774);
#14873 = PRESENTATION_STYLE_ASSIGNMENT((#14874));
#14874 = SURFACE_STYLE_USAGE(.BOTH.,#14875);
#14875 = SURFACE_SIDE_STYLE('',(#14876));
#14876 = SURFACE_STYLE_FILL_AREA(#14877);
#14877 = FILL_AREA_STYLE('',(#14878));
#14878 = FILL_AREA_STYLE_COLOUR('',#13778);
#14879 = STYLED_ITEM('color',(#14880),#7798);
#14880 = PRESENTATION_STYLE_ASSIGNMENT((#14881));
#14881 = SURFACE_STYLE_USAGE(.BOTH.,#14882);
#14882 = SURFACE_SIDE_STYLE('',(#14883));
#14883 = SURFACE_STYLE_FILL_AREA(#14884);
#14884 = FILL_AREA_STYLE('',(#14885));
#14885 = FILL_AREA_STYLE_COLOUR('',#14145);
#14886 = STYLED_ITEM('color',(#14887),#7856);
#14887 = PRESENTATION_STYLE_ASSIGNMENT((#14888));
#14888 = SURFACE_STYLE_USAGE(.BOTH.,#14889);
#14889 = SURFACE_SIDE_STYLE('',(#14890));
#14890 = SURFACE_STYLE_FILL_AREA(#14891);
#14891 = FILL_AREA_STYLE('',(#14892));
#14892 = FILL_AREA_STYLE_COLOUR('',#14145);
#14893 = STYLED_ITEM('color',(#14894),#7914);
#14894 = PRESENTATION_STYLE_ASSIGNMENT((#14895));
#14895 = SURFACE_STYLE_USAGE(.BOTH.,#14896);
#14896 = SURFACE_SIDE_STYLE('',(#14897));
#14897 = SURFACE_STYLE_FILL_AREA(#14898);
#14898 = FILL_AREA_STYLE('',(#14899));
#14899 = FILL_AREA_STYLE_COLOUR('',#13778);
#14900 = STYLED_ITEM('color',(#14901),#7944);
#14901 = PRESENTATION_STYLE_ASSIGNMENT((#14902));
#14902 = SURFACE_STYLE_USAGE(.BOTH.,#14903);
#14903 = SURFACE_SIDE_STYLE('',(#14904));
#14904 = SURFACE_STYLE_FILL_AREA(#14905);
#14905 = FILL_AREA_STYLE('',(#14906));
#14906 = FILL_AREA_STYLE_COLOUR('',#14145);
#14907 = STYLED_ITEM('color',(#14908),#8002);
#14908 = PRESENTATION_STYLE_ASSIGNMENT((#14909));
#14909 = SURFACE_STYLE_USAGE(.BOTH.,#14910);
#14910 = SURFACE_SIDE_STYLE('',(#14911));
#14911 = SURFACE_STYLE_FILL_AREA(#14912);
#14912 = FILL_AREA_STYLE('',(#14913));
#14913 = FILL_AREA_STYLE_COLOUR('',#14145);
#14914 = STYLED_ITEM('color',(#14915),#8019);
#14915 = PRESENTATION_STYLE_ASSIGNMENT((#14916));
#14916 = SURFACE_STYLE_USAGE(.BOTH.,#14917);
#14917 = SURFACE_SIDE_STYLE('',(#14918));
#14918 = SURFACE_STYLE_FILL_AREA(#14919);
#14919 = FILL_AREA_STYLE('',(#14920));
#14920 = FILL_AREA_STYLE_COLOUR('',#14145);
#14921 = STYLED_ITEM('color',(#14922),#8077);
#14922 = PRESENTATION_STYLE_ASSIGNMENT((#14923));
#14923 = SURFACE_STYLE_USAGE(.BOTH.,#14924);
#14924 = SURFACE_SIDE_STYLE('',(#14925));
#14925 = SURFACE_STYLE_FILL_AREA(#14926);
#14926 = FILL_AREA_STYLE('',(#14927));
#14927 = FILL_AREA_STYLE_COLOUR('',#14145);
#14928 = STYLED_ITEM('color',(#14929),#8094);
#14929 = PRESENTATION_STYLE_ASSIGNMENT((#14930));
#14930 = SURFACE_STYLE_USAGE(.BOTH.,#14931);
#14931 = SURFACE_SIDE_STYLE('',(#14932));
#14932 = SURFACE_STYLE_FILL_AREA(#14933);
#14933 = FILL_AREA_STYLE('',(#14934));
#14934 = FILL_AREA_STYLE_COLOUR('',#13778);
#14935 = STYLED_ITEM('color',(#14936),#8125);
#14936 = PRESENTATION_STYLE_ASSIGNMENT((#14937));
#14937 = SURFACE_STYLE_USAGE(.BOTH.,#14938);
#14938 = SURFACE_SIDE_STYLE('',(#14939));
#14939 = SURFACE_STYLE_FILL_AREA(#14940);
#14940 = FILL_AREA_STYLE('',(#14941));
#14941 = FILL_AREA_STYLE_COLOUR('',#14145);
#14942 = STYLED_ITEM('color',(#14943),#8183);
#14943 = PRESENTATION_STYLE_ASSIGNMENT((#14944));
#14944 = SURFACE_STYLE_USAGE(.BOTH.,#14945);
#14945 = SURFACE_SIDE_STYLE('',(#14946));
#14946 = SURFACE_STYLE_FILL_AREA(#14947);
#14947 = FILL_AREA_STYLE('',(#14948));
#14948 = FILL_AREA_STYLE_COLOUR('',#14145);
#14949 = STYLED_ITEM('color',(#14950),#8241);
#14950 = PRESENTATION_STYLE_ASSIGNMENT((#14951));
#14951 = SURFACE_STYLE_USAGE(.BOTH.,#14952);
#14952 = SURFACE_SIDE_STYLE('',(#14953));
#14953 = SURFACE_STYLE_FILL_AREA(#14954);
#14954 = FILL_AREA_STYLE('',(#14955));
#14955 = FILL_AREA_STYLE_COLOUR('',#13778);
#14956 = STYLED_ITEM('color',(#14957),#8272);
#14957 = PRESENTATION_STYLE_ASSIGNMENT((#14958));
#14958 = SURFACE_STYLE_USAGE(.BOTH.,#14959);
#14959 = SURFACE_SIDE_STYLE('',(#14960));
#14960 = SURFACE_STYLE_FILL_AREA(#14961);
#14961 = FILL_AREA_STYLE('',(#14962));
#14962 = FILL_AREA_STYLE_COLOUR('',#14145);
#14963 = STYLED_ITEM('color',(#14964),#8330);
#14964 = PRESENTATION_STYLE_ASSIGNMENT((#14965));
#14965 = SURFACE_STYLE_USAGE(.BOTH.,#14966);
#14966 = SURFACE_SIDE_STYLE('',(#14967));
#14967 = SURFACE_STYLE_FILL_AREA(#14968);
#14968 = FILL_AREA_STYLE('',(#14969));
#14969 = FILL_AREA_STYLE_COLOUR('',#14145);
#14970 = STYLED_ITEM('color',(#14971),#8347);
#14971 = PRESENTATION_STYLE_ASSIGNMENT((#14972));
#14972 = SURFACE_STYLE_USAGE(.BOTH.,#14973);
#14973 = SURFACE_SIDE_STYLE('',(#14974));
#14974 = SURFACE_STYLE_FILL_AREA(#14975);
#14975 = FILL_AREA_STYLE('',(#14976));
#14976 = FILL_AREA_STYLE_COLOUR('',#14145);
#14977 = STYLED_ITEM('color',(#14978),#8405);
#14978 = PRESENTATION_STYLE_ASSIGNMENT((#14979));
#14979 = SURFACE_STYLE_USAGE(.BOTH.,#14980);
#14980 = SURFACE_SIDE_STYLE('',(#14981));
#14981 = SURFACE_STYLE_FILL_AREA(#14982);
#14982 = FILL_AREA_STYLE('',(#14983));
#14983 = FILL_AREA_STYLE_COLOUR('',#14145);
#14984 = STYLED_ITEM('color',(#14985),#8422);
#14985 = PRESENTATION_STYLE_ASSIGNMENT((#14986));
#14986 = SURFACE_STYLE_USAGE(.BOTH.,#14987);
#14987 = SURFACE_SIDE_STYLE('',(#14988));
#14988 = SURFACE_STYLE_FILL_AREA(#14989);
#14989 = FILL_AREA_STYLE('',(#14990));
#14990 = FILL_AREA_STYLE_COLOUR('',#13778);
#14991 = STYLED_ITEM('color',(#14992),#8453);
#14992 = PRESENTATION_STYLE_ASSIGNMENT((#14993));
#14993 = SURFACE_STYLE_USAGE(.BOTH.,#14994);
#14994 = SURFACE_SIDE_STYLE('',(#14995));
#14995 = SURFACE_STYLE_FILL_AREA(#14996);
#14996 = FILL_AREA_STYLE('',(#14997));
#14997 = FILL_AREA_STYLE_COLOUR('',#13778);
#14998 = STYLED_ITEM('color',(#14999),#8470);
#14999 = PRESENTATION_STYLE_ASSIGNMENT((#15000));
#15000 = SURFACE_STYLE_USAGE(.BOTH.,#15001);
#15001 = SURFACE_SIDE_STYLE('',(#15002));
#15002 = SURFACE_STYLE_FILL_AREA(#15003);
#15003 = FILL_AREA_STYLE('',(#15004));
#15004 = FILL_AREA_STYLE_COLOUR('',#13778);
#15005 = STYLED_ITEM('color',(#15006),#8527);
#15006 = PRESENTATION_STYLE_ASSIGNMENT((#15007));
#15007 = SURFACE_STYLE_USAGE(.BOTH.,#15008);
#15008 = SURFACE_SIDE_STYLE('',(#15009));
#15009 = SURFACE_STYLE_FILL_AREA(#15010);
#15010 = FILL_AREA_STYLE('',(#15011));
#15011 = FILL_AREA_STYLE_COLOUR('',#14145);
#15012 = STYLED_ITEM('color',(#15013),#8546);
#15013 = PRESENTATION_STYLE_ASSIGNMENT((#15014));
#15014 = SURFACE_STYLE_USAGE(.BOTH.,#15015);
#15015 = SURFACE_SIDE_STYLE('',(#15016));
#15016 = SURFACE_STYLE_FILL_AREA(#15017);
#15017 = FILL_AREA_STYLE('',(#15018));
#15018 = FILL_AREA_STYLE_COLOUR('',#14145);
#15019 = STYLED_ITEM('color',(#15020),#8595);
#15020 = PRESENTATION_STYLE_ASSIGNMENT((#15021));
#15021 = SURFACE_STYLE_USAGE(.BOTH.,#15022);
#15022 = SURFACE_SIDE_STYLE('',(#15023));
#15023 = SURFACE_STYLE_FILL_AREA(#15024);
#15024 = FILL_AREA_STYLE('',(#15025));
#15025 = FILL_AREA_STYLE_COLOUR('',#14145);
#15026 = STYLED_ITEM('color',(#15027),#8619);
#15027 = PRESENTATION_STYLE_ASSIGNMENT((#15028));
#15028 = SURFACE_STYLE_USAGE(.BOTH.,#15029);
#15029 = SURFACE_SIDE_STYLE('',(#15030));
#15030 = SURFACE_STYLE_FILL_AREA(#15031);
#15031 = FILL_AREA_STYLE('',(#15032));
#15032 = FILL_AREA_STYLE_COLOUR('',#14145);
#15033 = STYLED_ITEM('color',(#15034),#8666);
#15034 = PRESENTATION_STYLE_ASSIGNMENT((#15035));
#15035 = SURFACE_STYLE_USAGE(.BOTH.,#15036);
#15036 = SURFACE_SIDE_STYLE('',(#15037));
#15037 = SURFACE_STYLE_FILL_AREA(#15038);
#15038 = FILL_AREA_STYLE('',(#15039));
#15039 = FILL_AREA_STYLE_COLOUR('',#14145);
#15040 = STYLED_ITEM('color',(#15041),#8678);
#15041 = PRESENTATION_STYLE_ASSIGNMENT((#15042));
#15042 = SURFACE_STYLE_USAGE(.BOTH.,#15043);
#15043 = SURFACE_SIDE_STYLE('',(#15044));
#15044 = SURFACE_STYLE_FILL_AREA(#15045);
#15045 = FILL_AREA_STYLE('',(#15046));
#15046 = FILL_AREA_STYLE_COLOUR('',#14145);
#15047 = STYLED_ITEM('color',(#15048),#8697);
#15048 = PRESENTATION_STYLE_ASSIGNMENT((#15049));
#15049 = SURFACE_STYLE_USAGE(.BOTH.,#15050);
#15050 = SURFACE_SIDE_STYLE('',(#15051));
#15051 = SURFACE_STYLE_FILL_AREA(#15052);
#15052 = FILL_AREA_STYLE('',(#15053));
#15053 = FILL_AREA_STYLE_COLOUR('',#14145);
#15054 = STYLED_ITEM('color',(#15055),#8714);
#15055 = PRESENTATION_STYLE_ASSIGNMENT((#15056));
#15056 = SURFACE_STYLE_USAGE(.BOTH.,#15057);
#15057 = SURFACE_SIDE_STYLE('',(#15058));
#15058 = SURFACE_STYLE_FILL_AREA(#15059);
#15059 = FILL_AREA_STYLE('',(#15060));
#15060 = FILL_AREA_STYLE_COLOUR('',#14145);
#15061 = STYLED_ITEM('color',(#15062),#8763);
#15062 = PRESENTATION_STYLE_ASSIGNMENT((#15063));
#15063 = SURFACE_STYLE_USAGE(.BOTH.,#15064);
#15064 = SURFACE_SIDE_STYLE('',(#15065));
#15065 = SURFACE_STYLE_FILL_AREA(#15066);
#15066 = FILL_AREA_STYLE('',(#15067));
#15067 = FILL_AREA_STYLE_COLOUR('',#14145);
#15068 = STYLED_ITEM('color',(#15069),#8787);
#15069 = PRESENTATION_STYLE_ASSIGNMENT((#15070));
#15070 = SURFACE_STYLE_USAGE(.BOTH.,#15071);
#15071 = SURFACE_SIDE_STYLE('',(#15072));
#15072 = SURFACE_STYLE_FILL_AREA(#15073);
#15073 = FILL_AREA_STYLE('',(#15074));
#15074 = FILL_AREA_STYLE_COLOUR('',#14145);
#15075 = STYLED_ITEM('color',(#15076),#8829);
#15076 = PRESENTATION_STYLE_ASSIGNMENT((#15077));
#15077 = SURFACE_STYLE_USAGE(.BOTH.,#15078);
#15078 = SURFACE_SIDE_STYLE('',(#15079));
#15079 = SURFACE_STYLE_FILL_AREA(#15080);
#15080 = FILL_AREA_STYLE('',(#15081));
#15081 = FILL_AREA_STYLE_COLOUR('',#14145);
#15082 = STYLED_ITEM('color',(#15083),#8846);
#15083 = PRESENTATION_STYLE_ASSIGNMENT((#15084));
#15084 = SURFACE_STYLE_USAGE(.BOTH.,#15085);
#15085 = SURFACE_SIDE_STYLE('',(#15086));
#15086 = SURFACE_STYLE_FILL_AREA(#15087);
#15087 = FILL_AREA_STYLE('',(#15088));
#15088 = FILL_AREA_STYLE_COLOUR('',#14145);
#15089 = STYLED_ITEM('color',(#15090),#8863);
#15090 = PRESENTATION_STYLE_ASSIGNMENT((#15091));
#15091 = SURFACE_STYLE_USAGE(.BOTH.,#15092);
#15092 = SURFACE_SIDE_STYLE('',(#15093));
#15093 = SURFACE_STYLE_FILL_AREA(#15094);
#15094 = FILL_AREA_STYLE('',(#15095));
#15095 = FILL_AREA_STYLE_COLOUR('',#14145);
#15096 = STYLED_ITEM('color',(#15097),#8882);
#15097 = PRESENTATION_STYLE_ASSIGNMENT((#15098));
#15098 = SURFACE_STYLE_USAGE(.BOTH.,#15099);
#15099 = SURFACE_SIDE_STYLE('',(#15100));
#15100 = SURFACE_STYLE_FILL_AREA(#15101);
#15101 = FILL_AREA_STYLE('',(#15102));
#15102 = FILL_AREA_STYLE_COLOUR('',#14145);
#15103 = STYLED_ITEM('color',(#15104),#8947);
#15104 = PRESENTATION_STYLE_ASSIGNMENT((#15105));
#15105 = SURFACE_STYLE_USAGE(.BOTH.,#15106);
#15106 = SURFACE_SIDE_STYLE('',(#15107));
#15107 = SURFACE_STYLE_FILL_AREA(#15108);
#15108 = FILL_AREA_STYLE('',(#15109));
#15109 = FILL_AREA_STYLE_COLOUR('',#14145);
#15110 = STYLED_ITEM('color',(#15111),#8971);
#15111 = PRESENTATION_STYLE_ASSIGNMENT((#15112));
#15112 = SURFACE_STYLE_USAGE(.BOTH.,#15113);
#15113 = SURFACE_SIDE_STYLE('',(#15114));
#15114 = SURFACE_STYLE_FILL_AREA(#15115);
#15115 = FILL_AREA_STYLE('',(#15116));
#15116 = FILL_AREA_STYLE_COLOUR('',#14145);
#15117 = STYLED_ITEM('color',(#15118),#9034);
#15118 = PRESENTATION_STYLE_ASSIGNMENT((#15119));
#15119 = SURFACE_STYLE_USAGE(.BOTH.,#15120);
#15120 = SURFACE_SIDE_STYLE('',(#15121));
#15121 = SURFACE_STYLE_FILL_AREA(#15122);
#15122 = FILL_AREA_STYLE('',(#15123));
#15123 = FILL_AREA_STYLE_COLOUR('',#14145);
#15124 = STYLED_ITEM('color',(#15125),#9046);
#15125 = PRESENTATION_STYLE_ASSIGNMENT((#15126));
#15126 = SURFACE_STYLE_USAGE(.BOTH.,#15127);
#15127 = SURFACE_SIDE_STYLE('',(#15128));
#15128 = SURFACE_STYLE_FILL_AREA(#15129);
#15129 = FILL_AREA_STYLE('',(#15130));
#15130 = FILL_AREA_STYLE_COLOUR('',#14145);
#15131 = STYLED_ITEM('color',(#15132),#9111);
#15132 = PRESENTATION_STYLE_ASSIGNMENT((#15133));
#15133 = SURFACE_STYLE_USAGE(.BOTH.,#15134);
#15134 = SURFACE_SIDE_STYLE('',(#15135));
#15135 = SURFACE_STYLE_FILL_AREA(#15136);
#15136 = FILL_AREA_STYLE('',(#15137));
#15137 = FILL_AREA_STYLE_COLOUR('',#14145);
#15138 = STYLED_ITEM('color',(#15139),#9135);
#15139 = PRESENTATION_STYLE_ASSIGNMENT((#15140));
#15140 = SURFACE_STYLE_USAGE(.BOTH.,#15141);
#15141 = SURFACE_SIDE_STYLE('',(#15142));
#15142 = SURFACE_STYLE_FILL_AREA(#15143);
#15143 = FILL_AREA_STYLE('',(#15144));
#15144 = FILL_AREA_STYLE_COLOUR('',#14145);
#15145 = STYLED_ITEM('color',(#15146),#9198);
#15146 = PRESENTATION_STYLE_ASSIGNMENT((#15147));
#15147 = SURFACE_STYLE_USAGE(.BOTH.,#15148);
#15148 = SURFACE_SIDE_STYLE('',(#15149));
#15149 = SURFACE_STYLE_FILL_AREA(#15150);
#15150 = FILL_AREA_STYLE('',(#15151));
#15151 = FILL_AREA_STYLE_COLOUR('',#14145);
#15152 = STYLED_ITEM('color',(#15153),#9215);
#15153 = PRESENTATION_STYLE_ASSIGNMENT((#15154));
#15154 = SURFACE_STYLE_USAGE(.BOTH.,#15155);
#15155 = SURFACE_SIDE_STYLE('',(#15156));
#15156 = SURFACE_STYLE_FILL_AREA(#15157);
#15157 = FILL_AREA_STYLE('',(#15158));
#15158 = FILL_AREA_STYLE_COLOUR('',#14145);
#15159 = STYLED_ITEM('color',(#15160),#9229);
#15160 = PRESENTATION_STYLE_ASSIGNMENT((#15161));
#15161 = SURFACE_STYLE_USAGE(.BOTH.,#15162);
#15162 = SURFACE_SIDE_STYLE('',(#15163));
#15163 = SURFACE_STYLE_FILL_AREA(#15164);
#15164 = FILL_AREA_STYLE('',(#15165));
#15165 = FILL_AREA_STYLE_COLOUR('',#14145);
#15166 = STYLED_ITEM('color',(#15167),#9246);
#15167 = PRESENTATION_STYLE_ASSIGNMENT((#15168));
#15168 = SURFACE_STYLE_USAGE(.BOTH.,#15169);
#15169 = SURFACE_SIDE_STYLE('',(#15170));
#15170 = SURFACE_STYLE_FILL_AREA(#15171);
#15171 = FILL_AREA_STYLE('',(#15172));
#15172 = FILL_AREA_STYLE_COLOUR('',#14145);
#15173 = STYLED_ITEM('color',(#15174),#9263);
#15174 = PRESENTATION_STYLE_ASSIGNMENT((#15175));
#15175 = SURFACE_STYLE_USAGE(.BOTH.,#15176);
#15176 = SURFACE_SIDE_STYLE('',(#15177));
#15177 = SURFACE_STYLE_FILL_AREA(#15178);
#15178 = FILL_AREA_STYLE('',(#15179));
#15179 = FILL_AREA_STYLE_COLOUR('',#13778);
#15180 = STYLED_ITEM('color',(#15181),#9612);
#15181 = PRESENTATION_STYLE_ASSIGNMENT((#15182));
#15182 = SURFACE_STYLE_USAGE(.BOTH.,#15183);
#15183 = SURFACE_SIDE_STYLE('',(#15184));
#15184 = SURFACE_STYLE_FILL_AREA(#15185);
#15185 = FILL_AREA_STYLE('',(#15186));
#15186 = FILL_AREA_STYLE_COLOUR('',#13778);
#15187 = STYLED_ITEM('color',(#15188),#9663);
#15188 = PRESENTATION_STYLE_ASSIGNMENT((#15189));
#15189 = SURFACE_STYLE_USAGE(.BOTH.,#15190);
#15190 = SURFACE_SIDE_STYLE('',(#15191));
#15191 = SURFACE_STYLE_FILL_AREA(#15192);
#15192 = FILL_AREA_STYLE('',(#15193));
#15193 = FILL_AREA_STYLE_COLOUR('',#14145);
#15194 = STYLED_ITEM('color',(#15195),#9682);
#15195 = PRESENTATION_STYLE_ASSIGNMENT((#15196));
#15196 = SURFACE_STYLE_USAGE(.BOTH.,#15197);
#15197 = SURFACE_SIDE_STYLE('',(#15198));
#15198 = SURFACE_STYLE_FILL_AREA(#15199);
#15199 = FILL_AREA_STYLE('',(#15200));
#15200 = FILL_AREA_STYLE_COLOUR('',#14145);
#15201 = STYLED_ITEM('color',(#15202),#9731);
#15202 = PRESENTATION_STYLE_ASSIGNMENT((#15203));
#15203 = SURFACE_STYLE_USAGE(.BOTH.,#15204);
#15204 = SURFACE_SIDE_STYLE('',(#15205));
#15205 = SURFACE_STYLE_FILL_AREA(#15206);
#15206 = FILL_AREA_STYLE('',(#15207));
#15207 = FILL_AREA_STYLE_COLOUR('',#14145);
#15208 = STYLED_ITEM('color',(#15209),#9755);
#15209 = PRESENTATION_STYLE_ASSIGNMENT((#15210));
#15210 = SURFACE_STYLE_USAGE(.BOTH.,#15211);
#15211 = SURFACE_SIDE_STYLE('',(#15212));
#15212 = SURFACE_STYLE_FILL_AREA(#15213);
#15213 = FILL_AREA_STYLE('',(#15214));
#15214 = FILL_AREA_STYLE_COLOUR('',#14145);
#15215 = STYLED_ITEM('color',(#15216),#9802);
#15216 = PRESENTATION_STYLE_ASSIGNMENT((#15217));
#15217 = SURFACE_STYLE_USAGE(.BOTH.,#15218);
#15218 = SURFACE_SIDE_STYLE('',(#15219));
#15219 = SURFACE_STYLE_FILL_AREA(#15220);
#15220 = FILL_AREA_STYLE('',(#15221));
#15221 = FILL_AREA_STYLE_COLOUR('',#14145);
#15222 = STYLED_ITEM('color',(#15223),#9814);
#15223 = PRESENTATION_STYLE_ASSIGNMENT((#15224));
#15224 = SURFACE_STYLE_USAGE(.BOTH.,#15225);
#15225 = SURFACE_SIDE_STYLE('',(#15226));
#15226 = SURFACE_STYLE_FILL_AREA(#15227);
#15227 = FILL_AREA_STYLE('',(#15228));
#15228 = FILL_AREA_STYLE_COLOUR('',#14145);
#15229 = STYLED_ITEM('color',(#15230),#9868);
#15230 = PRESENTATION_STYLE_ASSIGNMENT((#15231));
#15231 = SURFACE_STYLE_USAGE(.BOTH.,#15232);
#15232 = SURFACE_SIDE_STYLE('',(#15233));
#15233 = SURFACE_STYLE_FILL_AREA(#15234);
#15234 = FILL_AREA_STYLE('',(#15235));
#15235 = FILL_AREA_STYLE_COLOUR('',#14145);
#15236 = STYLED_ITEM('color',(#15237),#9892);
#15237 = PRESENTATION_STYLE_ASSIGNMENT((#15238));
#15238 = SURFACE_STYLE_USAGE(.BOTH.,#15239);
#15239 = SURFACE_SIDE_STYLE('',(#15240));
#15240 = SURFACE_STYLE_FILL_AREA(#15241);
#15241 = FILL_AREA_STYLE('',(#15242));
#15242 = FILL_AREA_STYLE_COLOUR('',#14145);
#15243 = STYLED_ITEM('color',(#15244),#9934);
#15244 = PRESENTATION_STYLE_ASSIGNMENT((#15245));
#15245 = SURFACE_STYLE_USAGE(.BOTH.,#15246);
#15246 = SURFACE_SIDE_STYLE('',(#15247));
#15247 = SURFACE_STYLE_FILL_AREA(#15248);
#15248 = FILL_AREA_STYLE('',(#15249));
#15249 = FILL_AREA_STYLE_COLOUR('',#14145);
#15250 = STYLED_ITEM('color',(#15251),#9953);
#15251 = PRESENTATION_STYLE_ASSIGNMENT((#15252));
#15252 = SURFACE_STYLE_USAGE(.BOTH.,#15253);
#15253 = SURFACE_SIDE_STYLE('',(#15254));
#15254 = SURFACE_STYLE_FILL_AREA(#15255);
#15255 = FILL_AREA_STYLE('',(#15256));
#15256 = FILL_AREA_STYLE_COLOUR('',#14145);
#15257 = STYLED_ITEM('color',(#15258),#9965);
#15258 = PRESENTATION_STYLE_ASSIGNMENT((#15259));
#15259 = SURFACE_STYLE_USAGE(.BOTH.,#15260);
#15260 = SURFACE_SIDE_STYLE('',(#15261));
#15261 = SURFACE_STYLE_FILL_AREA(#15262);
#15262 = FILL_AREA_STYLE('',(#15263));
#15263 = FILL_AREA_STYLE_COLOUR('',#14145);
#15264 = STYLED_ITEM('color',(#15265),#9982);
#15265 = PRESENTATION_STYLE_ASSIGNMENT((#15266));
#15266 = SURFACE_STYLE_USAGE(.BOTH.,#15267);
#15267 = SURFACE_SIDE_STYLE('',(#15268));
#15268 = SURFACE_STYLE_FILL_AREA(#15269);
#15269 = FILL_AREA_STYLE('',(#15270));
#15270 = FILL_AREA_STYLE_COLOUR('',#14145);
#15271 = STYLED_ITEM('color',(#15272),#9999);
#15272 = PRESENTATION_STYLE_ASSIGNMENT((#15273));
#15273 = SURFACE_STYLE_USAGE(.BOTH.,#15274);
#15274 = SURFACE_SIDE_STYLE('',(#15275));
#15275 = SURFACE_STYLE_FILL_AREA(#15276);
#15276 = FILL_AREA_STYLE('',(#15277));
#15277 = FILL_AREA_STYLE_COLOUR('',#14145);
#15278 = STYLED_ITEM('color',(#15279),#10018);
#15279 = PRESENTATION_STYLE_ASSIGNMENT((#15280));
#15280 = SURFACE_STYLE_USAGE(.BOTH.,#15281);
#15281 = SURFACE_SIDE_STYLE('',(#15282));
#15282 = SURFACE_STYLE_FILL_AREA(#15283);
#15283 = FILL_AREA_STYLE('',(#15284));
#15284 = FILL_AREA_STYLE_COLOUR('',#14145);
#15285 = STYLED_ITEM('color',(#15286),#10035);
#15286 = PRESENTATION_STYLE_ASSIGNMENT((#15287));
#15287 = SURFACE_STYLE_USAGE(.BOTH.,#15288);
#15288 = SURFACE_SIDE_STYLE('',(#15289));
#15289 = SURFACE_STYLE_FILL_AREA(#15290);
#15290 = FILL_AREA_STYLE('',(#15291));
#15291 = FILL_AREA_STYLE_COLOUR('',#14145);
#15292 = STYLED_ITEM('color',(#15293),#10100);
#15293 = PRESENTATION_STYLE_ASSIGNMENT((#15294));
#15294 = SURFACE_STYLE_USAGE(.BOTH.,#15295);
#15295 = SURFACE_SIDE_STYLE('',(#15296));
#15296 = SURFACE_STYLE_FILL_AREA(#15297);
#15297 = FILL_AREA_STYLE('',(#15298));
#15298 = FILL_AREA_STYLE_COLOUR('',#14145);
#15299 = STYLED_ITEM('color',(#15300),#10124);
#15300 = PRESENTATION_STYLE_ASSIGNMENT((#15301));
#15301 = SURFACE_STYLE_USAGE(.BOTH.,#15302);
#15302 = SURFACE_SIDE_STYLE('',(#15303));
#15303 = SURFACE_STYLE_FILL_AREA(#15304);
#15304 = FILL_AREA_STYLE('',(#15305));
#15305 = FILL_AREA_STYLE_COLOUR('',#14145);
#15306 = STYLED_ITEM('color',(#15307),#10182);
#15307 = PRESENTATION_STYLE_ASSIGNMENT((#15308));
#15308 = SURFACE_STYLE_USAGE(.BOTH.,#15309);
#15309 = SURFACE_SIDE_STYLE('',(#15310));
#15310 = SURFACE_STYLE_FILL_AREA(#15311);
#15311 = FILL_AREA_STYLE('',(#15312));
#15312 = FILL_AREA_STYLE_COLOUR('',#14145);
#15313 = STYLED_ITEM('color',(#15314),#10204);
#15314 = PRESENTATION_STYLE_ASSIGNMENT((#15315));
#15315 = SURFACE_STYLE_USAGE(.BOTH.,#15316);
#15316 = SURFACE_SIDE_STYLE('',(#15317));
#15317 = SURFACE_STYLE_FILL_AREA(#15318);
#15318 = FILL_AREA_STYLE('',(#15319));
#15319 = FILL_AREA_STYLE_COLOUR('',#14145);
#15320 = STYLED_ITEM('color',(#15321),#10269);
#15321 = PRESENTATION_STYLE_ASSIGNMENT((#15322));
#15322 = SURFACE_STYLE_USAGE(.BOTH.,#15323);
#15323 = SURFACE_SIDE_STYLE('',(#15324));
#15324 = SURFACE_STYLE_FILL_AREA(#15325);
#15325 = FILL_AREA_STYLE('',(#15326));
#15326 = FILL_AREA_STYLE_COLOUR('',#14145);
#15327 = STYLED_ITEM('color',(#15328),#10293);
#15328 = PRESENTATION_STYLE_ASSIGNMENT((#15329));
#15329 = SURFACE_STYLE_USAGE(.BOTH.,#15330);
#15330 = SURFACE_SIDE_STYLE('',(#15331));
#15331 = SURFACE_STYLE_FILL_AREA(#15332);
#15332 = FILL_AREA_STYLE('',(#15333));
#15333 = FILL_AREA_STYLE_COLOUR('',#14145);
#15334 = STYLED_ITEM('color',(#15335),#10351);
#15335 = PRESENTATION_STYLE_ASSIGNMENT((#15336));
#15336 = SURFACE_STYLE_USAGE(.BOTH.,#15337);
#15337 = SURFACE_SIDE_STYLE('',(#15338));
#15338 = SURFACE_STYLE_FILL_AREA(#15339);
#15339 = FILL_AREA_STYLE('',(#15340));
#15340 = FILL_AREA_STYLE_COLOUR('',#14145);
#15341 = STYLED_ITEM('color',(#15342),#10365);
#15342 = PRESENTATION_STYLE_ASSIGNMENT((#15343));
#15343 = SURFACE_STYLE_USAGE(.BOTH.,#15344);
#15344 = SURFACE_SIDE_STYLE('',(#15345));
#15345 = SURFACE_STYLE_FILL_AREA(#15346);
#15346 = FILL_AREA_STYLE('',(#15347));
#15347 = FILL_AREA_STYLE_COLOUR('',#14145);
#15348 = STYLED_ITEM('color',(#15349),#10382);
#15349 = PRESENTATION_STYLE_ASSIGNMENT((#15350));
#15350 = SURFACE_STYLE_USAGE(.BOTH.,#15351);
#15351 = SURFACE_SIDE_STYLE('',(#15352));
#15352 = SURFACE_STYLE_FILL_AREA(#15353);
#15353 = FILL_AREA_STYLE('',(#15354));
#15354 = FILL_AREA_STYLE_COLOUR('',#14145);
#15355 = STYLED_ITEM('color',(#15356),#10399);
#15356 = PRESENTATION_STYLE_ASSIGNMENT((#15357));
#15357 = SURFACE_STYLE_USAGE(.BOTH.,#15358);
#15358 = SURFACE_SIDE_STYLE('',(#15359));
#15359 = SURFACE_STYLE_FILL_AREA(#15360);
#15360 = FILL_AREA_STYLE('',(#15361));
#15361 = FILL_AREA_STYLE_COLOUR('',#13778);
#15362 = STYLED_ITEM('color',(#15363),#10416);
#15363 = PRESENTATION_STYLE_ASSIGNMENT((#15364));
#15364 = SURFACE_STYLE_USAGE(.BOTH.,#15365);
#15365 = SURFACE_SIDE_STYLE('',(#15366));
#15366 = SURFACE_STYLE_FILL_AREA(#15367);
#15367 = FILL_AREA_STYLE('',(#15368));
#15368 = FILL_AREA_STYLE_COLOUR('',#13778);
#15369 = STYLED_ITEM('color',(#15370),#10445);
#15370 = PRESENTATION_STYLE_ASSIGNMENT((#15371));
#15371 = SURFACE_STYLE_USAGE(.BOTH.,#15372);
#15372 = SURFACE_SIDE_STYLE('',(#15373));
#15373 = SURFACE_STYLE_FILL_AREA(#15374);
#15374 = FILL_AREA_STYLE('',(#15375));
#15375 = FILL_AREA_STYLE_COLOUR('',#14145);
#15376 = STYLED_ITEM('color',(#15377),#10462);
#15377 = PRESENTATION_STYLE_ASSIGNMENT((#15378));
#15378 = SURFACE_STYLE_USAGE(.BOTH.,#15379);
#15379 = SURFACE_SIDE_STYLE('',(#15380));
#15380 = SURFACE_STYLE_FILL_AREA(#15381);
#15381 = FILL_AREA_STYLE('',(#15382));
#15382 = FILL_AREA_STYLE_COLOUR('',#14145);
#15383 = STYLED_ITEM('color',(#15384),#10479);
#15384 = PRESENTATION_STYLE_ASSIGNMENT((#15385));
#15385 = SURFACE_STYLE_USAGE(.BOTH.,#15386);
#15386 = SURFACE_SIDE_STYLE('',(#15387));
#15387 = SURFACE_STYLE_FILL_AREA(#15388);
#15388 = FILL_AREA_STYLE('',(#15389));
#15389 = FILL_AREA_STYLE_COLOUR('',#14145);
#15390 = STYLED_ITEM('color',(#15391),#10491);
#15391 = PRESENTATION_STYLE_ASSIGNMENT((#15392));
#15392 = SURFACE_STYLE_USAGE(.BOTH.,#15393);
#15393 = SURFACE_SIDE_STYLE('',(#15394));
#15394 = SURFACE_STYLE_FILL_AREA(#15395);
#15395 = FILL_AREA_STYLE('',(#15396));
#15396 = FILL_AREA_STYLE_COLOUR('',#14145);
#15397 = STYLED_ITEM('color',(#15398),#10508);
#15398 = PRESENTATION_STYLE_ASSIGNMENT((#15399));
#15399 = SURFACE_STYLE_USAGE(.BOTH.,#15400);
#15400 = SURFACE_SIDE_STYLE('',(#15401));
#15401 = SURFACE_STYLE_FILL_AREA(#15402);
#15402 = FILL_AREA_STYLE('',(#15403));
#15403 = FILL_AREA_STYLE_COLOUR('',#14145);
#15404 = STYLED_ITEM('color',(#15405),#10525);
#15405 = PRESENTATION_STYLE_ASSIGNMENT((#15406));
#15406 = SURFACE_STYLE_USAGE(.BOTH.,#15407);
#15407 = SURFACE_SIDE_STYLE('',(#15408));
#15408 = SURFACE_STYLE_FILL_AREA(#15409);
#15409 = FILL_AREA_STYLE('',(#15410));
#15410 = FILL_AREA_STYLE_COLOUR('',#14145);
#15411 = STYLED_ITEM('color',(#15412),#10537);
#15412 = PRESENTATION_STYLE_ASSIGNMENT((#15413));
#15413 = SURFACE_STYLE_USAGE(.BOTH.,#15414);
#15414 = SURFACE_SIDE_STYLE('',(#15415));
#15415 = SURFACE_STYLE_FILL_AREA(#15416);
#15416 = FILL_AREA_STYLE('',(#15417));
#15417 = FILL_AREA_STYLE_COLOUR('',#14145);
#15418 = STYLED_ITEM('color',(#15419),#10554);
#15419 = PRESENTATION_STYLE_ASSIGNMENT((#15420));
#15420 = SURFACE_STYLE_USAGE(.BOTH.,#15421);
#15421 = SURFACE_SIDE_STYLE('',(#15422));
#15422 = SURFACE_STYLE_FILL_AREA(#15423);
#15423 = FILL_AREA_STYLE('',(#15424));
#15424 = FILL_AREA_STYLE_COLOUR('',#14145);
#15425 = STYLED_ITEM('color',(#15426),#10571);
#15426 = PRESENTATION_STYLE_ASSIGNMENT((#15427));
#15427 = SURFACE_STYLE_USAGE(.BOTH.,#15428);
#15428 = SURFACE_SIDE_STYLE('',(#15429));
#15429 = SURFACE_STYLE_FILL_AREA(#15430);
#15430 = FILL_AREA_STYLE('',(#15431));
#15431 = FILL_AREA_STYLE_COLOUR('',#14145);
#15432 = STYLED_ITEM('color',(#15433),#10588);
#15433 = PRESENTATION_STYLE_ASSIGNMENT((#15434));
#15434 = SURFACE_STYLE_USAGE(.BOTH.,#15435);
#15435 = SURFACE_SIDE_STYLE('',(#15436));
#15436 = SURFACE_STYLE_FILL_AREA(#15437);
#15437 = FILL_AREA_STYLE('',(#15438));
#15438 = FILL_AREA_STYLE_COLOUR('',#14145);
#15439 = STYLED_ITEM('color',(#15440),#10605);
#15440 = PRESENTATION_STYLE_ASSIGNMENT((#15441));
#15441 = SURFACE_STYLE_USAGE(.BOTH.,#15442);
#15442 = SURFACE_SIDE_STYLE('',(#15443));
#15443 = SURFACE_STYLE_FILL_AREA(#15444);
#15444 = FILL_AREA_STYLE('',(#15445));
#15445 = FILL_AREA_STYLE_COLOUR('',#14145);
#15446 = STYLED_ITEM('color',(#15447),#10617);
#15447 = PRESENTATION_STYLE_ASSIGNMENT((#15448));
#15448 = SURFACE_STYLE_USAGE(.BOTH.,#15449);
#15449 = SURFACE_SIDE_STYLE('',(#15450));
#15450 = SURFACE_STYLE_FILL_AREA(#15451);
#15451 = FILL_AREA_STYLE('',(#15452));
#15452 = FILL_AREA_STYLE_COLOUR('',#14145);
#15453 = STYLED_ITEM('color',(#15454),#10634);
#15454 = PRESENTATION_STYLE_ASSIGNMENT((#15455));
#15455 = SURFACE_STYLE_USAGE(.BOTH.,#15456);
#15456 = SURFACE_SIDE_STYLE('',(#15457));
#15457 = SURFACE_STYLE_FILL_AREA(#15458);
#15458 = FILL_AREA_STYLE('',(#15459));
#15459 = FILL_AREA_STYLE_COLOUR('',#14145);
#15460 = STYLED_ITEM('color',(#15461),#10651);
#15461 = PRESENTATION_STYLE_ASSIGNMENT((#15462));
#15462 = SURFACE_STYLE_USAGE(.BOTH.,#15463);
#15463 = SURFACE_SIDE_STYLE('',(#15464));
#15464 = SURFACE_STYLE_FILL_AREA(#15465);
#15465 = FILL_AREA_STYLE('',(#15466));
#15466 = FILL_AREA_STYLE_COLOUR('',#14145);
#15467 = STYLED_ITEM('color',(#15468),#10668);
#15468 = PRESENTATION_STYLE_ASSIGNMENT((#15469));
#15469 = SURFACE_STYLE_USAGE(.BOTH.,#15470);
#15470 = SURFACE_SIDE_STYLE('',(#15471));
#15471 = SURFACE_STYLE_FILL_AREA(#15472);
#15472 = FILL_AREA_STYLE('',(#15473));
#15473 = FILL_AREA_STYLE_COLOUR('',#14145);
#15474 = STYLED_ITEM('color',(#15475),#10685);
#15475 = PRESENTATION_STYLE_ASSIGNMENT((#15476));
#15476 = SURFACE_STYLE_USAGE(.BOTH.,#15477);
#15477 = SURFACE_SIDE_STYLE('',(#15478));
#15478 = SURFACE_STYLE_FILL_AREA(#15479);
#15479 = FILL_AREA_STYLE('',(#15480));
#15480 = FILL_AREA_STYLE_COLOUR('',#14145);
#15481 = STYLED_ITEM('color',(#15482),#10697);
#15482 = PRESENTATION_STYLE_ASSIGNMENT((#15483));
#15483 = SURFACE_STYLE_USAGE(.BOTH.,#15484);
#15484 = SURFACE_SIDE_STYLE('',(#15485));
#15485 = SURFACE_STYLE_FILL_AREA(#15486);
#15486 = FILL_AREA_STYLE('',(#15487));
#15487 = FILL_AREA_STYLE_COLOUR('',#13778);
#15488 = STYLED_ITEM('color',(#15489),#10725);
#15489 = PRESENTATION_STYLE_ASSIGNMENT((#15490));
#15490 = SURFACE_STYLE_USAGE(.BOTH.,#15491);
#15491 = SURFACE_SIDE_STYLE('',(#15492));
#15492 = SURFACE_STYLE_FILL_AREA(#15493);
#15493 = FILL_AREA_STYLE('',(#15494));
#15494 = FILL_AREA_STYLE_COLOUR('',#13778);
#15495 = STYLED_ITEM('color',(#15496),#10736);
#15496 = PRESENTATION_STYLE_ASSIGNMENT((#15497));
#15497 = SURFACE_STYLE_USAGE(.BOTH.,#15498);
#15498 = SURFACE_SIDE_STYLE('',(#15499));
#15499 = SURFACE_STYLE_FILL_AREA(#15500);
#15500 = FILL_AREA_STYLE('',(#15501));
#15501 = FILL_AREA_STYLE_COLOUR('',#14145);
#15502 = STYLED_ITEM('color',(#15503),#10753);
#15503 = PRESENTATION_STYLE_ASSIGNMENT((#15504));
#15504 = SURFACE_STYLE_USAGE(.BOTH.,#15505);
#15505 = SURFACE_SIDE_STYLE('',(#15506));
#15506 = SURFACE_STYLE_FILL_AREA(#15507);
#15507 = FILL_AREA_STYLE('',(#15508));
#15508 = FILL_AREA_STYLE_COLOUR('',#14145);
#15509 = STYLED_ITEM('color',(#15510),#10770);
#15510 = PRESENTATION_STYLE_ASSIGNMENT((#15511));
#15511 = SURFACE_STYLE_USAGE(.BOTH.,#15512);
#15512 = SURFACE_SIDE_STYLE('',(#15513));
#15513 = SURFACE_STYLE_FILL_AREA(#15514);
#15514 = FILL_AREA_STYLE('',(#15515));
#15515 = FILL_AREA_STYLE_COLOUR('',#14145);
#15516 = STYLED_ITEM('color',(#15517),#10782);
#15517 = PRESENTATION_STYLE_ASSIGNMENT((#15518));
#15518 = SURFACE_STYLE_USAGE(.BOTH.,#15519);
#15519 = SURFACE_SIDE_STYLE('',(#15520));
#15520 = SURFACE_STYLE_FILL_AREA(#15521);
#15521 = FILL_AREA_STYLE('',(#15522));
#15522 = FILL_AREA_STYLE_COLOUR('',#14145);
#15523 = STYLED_ITEM('color',(#15524),#10799);
#15524 = PRESENTATION_STYLE_ASSIGNMENT((#15525));
#15525 = SURFACE_STYLE_USAGE(.BOTH.,#15526);
#15526 = SURFACE_SIDE_STYLE('',(#15527));
#15527 = SURFACE_STYLE_FILL_AREA(#15528);
#15528 = FILL_AREA_STYLE('',(#15529));
#15529 = FILL_AREA_STYLE_COLOUR('',#14145);
#15530 = STYLED_ITEM('color',(#15531),#10816);
#15531 = PRESENTATION_STYLE_ASSIGNMENT((#15532));
#15532 = SURFACE_STYLE_USAGE(.BOTH.,#15533);
#15533 = SURFACE_SIDE_STYLE('',(#15534));
#15534 = SURFACE_STYLE_FILL_AREA(#15535);
#15535 = FILL_AREA_STYLE('',(#15536));
#15536 = FILL_AREA_STYLE_COLOUR('',#14145);
#15537 = STYLED_ITEM('color',(#15538),#10828);
#15538 = PRESENTATION_STYLE_ASSIGNMENT((#15539));
#15539 = SURFACE_STYLE_USAGE(.BOTH.,#15540);
#15540 = SURFACE_SIDE_STYLE('',(#15541));
#15541 = SURFACE_STYLE_FILL_AREA(#15542);
#15542 = FILL_AREA_STYLE('',(#15543));
#15543 = FILL_AREA_STYLE_COLOUR('',#14145);
#15544 = STYLED_ITEM('color',(#15545),#10845);
#15545 = PRESENTATION_STYLE_ASSIGNMENT((#15546));
#15546 = SURFACE_STYLE_USAGE(.BOTH.,#15547);
#15547 = SURFACE_SIDE_STYLE('',(#15548));
#15548 = SURFACE_STYLE_FILL_AREA(#15549);
#15549 = FILL_AREA_STYLE('',(#15550));
#15550 = FILL_AREA_STYLE_COLOUR('',#14145);
#15551 = STYLED_ITEM('color',(#15552),#10862);
#15552 = PRESENTATION_STYLE_ASSIGNMENT((#15553));
#15553 = SURFACE_STYLE_USAGE(.BOTH.,#15554);
#15554 = SURFACE_SIDE_STYLE('',(#15555));
#15555 = SURFACE_STYLE_FILL_AREA(#15556);
#15556 = FILL_AREA_STYLE('',(#15557));
#15557 = FILL_AREA_STYLE_COLOUR('',#14145);
#15558 = STYLED_ITEM('color',(#15559),#10879);
#15559 = PRESENTATION_STYLE_ASSIGNMENT((#15560));
#15560 = SURFACE_STYLE_USAGE(.BOTH.,#15561);
#15561 = SURFACE_SIDE_STYLE('',(#15562));
#15562 = SURFACE_STYLE_FILL_AREA(#15563);
#15563 = FILL_AREA_STYLE('',(#15564));
#15564 = FILL_AREA_STYLE_COLOUR('',#14145);
#15565 = STYLED_ITEM('color',(#15566),#10896);
#15566 = PRESENTATION_STYLE_ASSIGNMENT((#15567));
#15567 = SURFACE_STYLE_USAGE(.BOTH.,#15568);
#15568 = SURFACE_SIDE_STYLE('',(#15569));
#15569 = SURFACE_STYLE_FILL_AREA(#15570);
#15570 = FILL_AREA_STYLE('',(#15571));
#15571 = FILL_AREA_STYLE_COLOUR('',#14145);
#15572 = STYLED_ITEM('color',(#15573),#10908);
#15573 = PRESENTATION_STYLE_ASSIGNMENT((#15574));
#15574 = SURFACE_STYLE_USAGE(.BOTH.,#15575);
#15575 = SURFACE_SIDE_STYLE('',(#15576));
#15576 = SURFACE_STYLE_FILL_AREA(#15577);
#15577 = FILL_AREA_STYLE('',(#15578));
#15578 = FILL_AREA_STYLE_COLOUR('',#14145);
#15579 = STYLED_ITEM('color',(#15580),#10925);
#15580 = PRESENTATION_STYLE_ASSIGNMENT((#15581));
#15581 = SURFACE_STYLE_USAGE(.BOTH.,#15582);
#15582 = SURFACE_SIDE_STYLE('',(#15583));
#15583 = SURFACE_STYLE_FILL_AREA(#15584);
#15584 = FILL_AREA_STYLE('',(#15585));
#15585 = FILL_AREA_STYLE_COLOUR('',#14145);
#15586 = STYLED_ITEM('color',(#15587),#10942);
#15587 = PRESENTATION_STYLE_ASSIGNMENT((#15588));
#15588 = SURFACE_STYLE_USAGE(.BOTH.,#15589);
#15589 = SURFACE_SIDE_STYLE('',(#15590));
#15590 = SURFACE_STYLE_FILL_AREA(#15591);
#15591 = FILL_AREA_STYLE('',(#15592));
#15592 = FILL_AREA_STYLE_COLOUR('',#14145);
#15593 = STYLED_ITEM('color',(#15594),#10959);
#15594 = PRESENTATION_STYLE_ASSIGNMENT((#15595));
#15595 = SURFACE_STYLE_USAGE(.BOTH.,#15596);
#15596 = SURFACE_SIDE_STYLE('',(#15597));
#15597 = SURFACE_STYLE_FILL_AREA(#15598);
#15598 = FILL_AREA_STYLE('',(#15599));
#15599 = FILL_AREA_STYLE_COLOUR('',#14145);
#15600 = STYLED_ITEM('color',(#15601),#10976);
#15601 = PRESENTATION_STYLE_ASSIGNMENT((#15602));
#15602 = SURFACE_STYLE_USAGE(.BOTH.,#15603);
#15603 = SURFACE_SIDE_STYLE('',(#15604));
#15604 = SURFACE_STYLE_FILL_AREA(#15605);
#15605 = FILL_AREA_STYLE('',(#15606));
#15606 = FILL_AREA_STYLE_COLOUR('',#14145);
#15607 = MECHANICAL_DESIGN_GEOMETRIC_PRESENTATION_REPRESENTATION('',(
    #15608,#15615,#15622,#15629,#15636,#15643,#15650,#15657,#15664,
    #15671,#15678,#15685,#15692,#15699,#15706,#15713,#15720,#15727,
    #15734,#15741,#15748,#15755,#15762,#15769,#15776,#15783,#15790,
    #15797,#15804,#15811,#15818,#15825,#15832,#15839,#15846,#15853,
    #15860,#15867,#15874,#15881,#15888,#15895,#15902,#15909,#15916,
    #15923,#15930,#15937,#15944,#15951,#15958,#15965,#15972,#15979,
    #15986,#15993,#16000,#16007,#16014,#16021,#16028,#16035,#16042,
    #16049,#16056,#16063,#16070,#16077,#16084,#16091,#16098,#16105,
    #16112,#16119,#16126,#16133),#4039);
#15608 = STYLED_ITEM('color',(#15609),#1935);
#15609 = PRESENTATION_STYLE_ASSIGNMENT((#15610));
#15610 = SURFACE_STYLE_USAGE(.BOTH.,#15611);
#15611 = SURFACE_SIDE_STYLE('',(#15612));
#15612 = SURFACE_STYLE_FILL_AREA(#15613);
#15613 = FILL_AREA_STYLE('',(#15614));
#15614 = FILL_AREA_STYLE_COLOUR('',#13778);
#15615 = STYLED_ITEM('color',(#15616),#1975);
#15616 = PRESENTATION_STYLE_ASSIGNMENT((#15617));
#15617 = SURFACE_STYLE_USAGE(.BOTH.,#15618);
#15618 = SURFACE_SIDE_STYLE('',(#15619));
#15619 = SURFACE_STYLE_FILL_AREA(#15620);
#15620 = FILL_AREA_STYLE('',(#15621));
#15621 = FILL_AREA_STYLE_COLOUR('',#13778);
#15622 = STYLED_ITEM('color',(#15623),#2006);
#15623 = PRESENTATION_STYLE_ASSIGNMENT((#15624));
#15624 = SURFACE_STYLE_USAGE(.BOTH.,#15625);
#15625 = SURFACE_SIDE_STYLE('',(#15626));
#15626 = SURFACE_STYLE_FILL_AREA(#15627);
#15627 = FILL_AREA_STYLE('',(#15628));
#15628 = FILL_AREA_STYLE_COLOUR('',#13778);
#15629 = STYLED_ITEM('color',(#15630),#2037);
#15630 = PRESENTATION_STYLE_ASSIGNMENT((#15631));
#15631 = SURFACE_STYLE_USAGE(.BOTH.,#15632);
#15632 = SURFACE_SIDE_STYLE('',(#15633));
#15633 = SURFACE_STYLE_FILL_AREA(#15634);
#15634 = FILL_AREA_STYLE('',(#15635));
#15635 = FILL_AREA_STYLE_COLOUR('',#13778);
#15636 = STYLED_ITEM('color',(#15637),#2284);
#15637 = PRESENTATION_STYLE_ASSIGNMENT((#15638));
#15638 = SURFACE_STYLE_USAGE(.BOTH.,#15639);
#15639 = SURFACE_SIDE_STYLE('',(#15640));
#15640 = SURFACE_STYLE_FILL_AREA(#15641);
#15641 = FILL_AREA_STYLE('',(#15642));
#15642 = FILL_AREA_STYLE_COLOUR('',#13778);
#15643 = STYLED_ITEM('color',(#15644),#2531);
#15644 = PRESENTATION_STYLE_ASSIGNMENT((#15645));
#15645 = SURFACE_STYLE_USAGE(.BOTH.,#15646);
#15646 = SURFACE_SIDE_STYLE('',(#15647));
#15647 = SURFACE_STYLE_FILL_AREA(#15648);
#15648 = FILL_AREA_STYLE('',(#15649));
#15649 = FILL_AREA_STYLE_COLOUR('',#13778);
#15650 = STYLED_ITEM('color',(#15651),#2548);
#15651 = PRESENTATION_STYLE_ASSIGNMENT((#15652));
#15652 = SURFACE_STYLE_USAGE(.BOTH.,#15653);
#15653 = SURFACE_SIDE_STYLE('',(#15654));
#15654 = SURFACE_STYLE_FILL_AREA(#15655);
#15655 = FILL_AREA_STYLE('',(#15656));
#15656 = FILL_AREA_STYLE_COLOUR('',#13778);
#15657 = STYLED_ITEM('color',(#15658),#2565);
#15658 = PRESENTATION_STYLE_ASSIGNMENT((#15659));
#15659 = SURFACE_STYLE_USAGE(.BOTH.,#15660);
#15660 = SURFACE_SIDE_STYLE('',(#15661));
#15661 = SURFACE_STYLE_FILL_AREA(#15662);
#15662 = FILL_AREA_STYLE('',(#15663));
#15663 = FILL_AREA_STYLE_COLOUR('',#13778);
#15664 = STYLED_ITEM('color',(#15665),#2582);
#15665 = PRESENTATION_STYLE_ASSIGNMENT((#15666));
#15666 = SURFACE_STYLE_USAGE(.BOTH.,#15667);
#15667 = SURFACE_SIDE_STYLE('',(#15668));
#15668 = SURFACE_STYLE_FILL_AREA(#15669);
#15669 = FILL_AREA_STYLE('',(#15670));
#15670 = FILL_AREA_STYLE_COLOUR('',#13778);
#15671 = STYLED_ITEM('color',(#15672),#2599);
#15672 = PRESENTATION_STYLE_ASSIGNMENT((#15673));
#15673 = SURFACE_STYLE_USAGE(.BOTH.,#15674);
#15674 = SURFACE_SIDE_STYLE('',(#15675));
#15675 = SURFACE_STYLE_FILL_AREA(#15676);
#15676 = FILL_AREA_STYLE('',(#15677));
#15677 = FILL_AREA_STYLE_COLOUR('',#13778);
#15678 = STYLED_ITEM('color',(#15679),#2616);
#15679 = PRESENTATION_STYLE_ASSIGNMENT((#15680));
#15680 = SURFACE_STYLE_USAGE(.BOTH.,#15681);
#15681 = SURFACE_SIDE_STYLE('',(#15682));
#15682 = SURFACE_STYLE_FILL_AREA(#15683);
#15683 = FILL_AREA_STYLE('',(#15684));
#15684 = FILL_AREA_STYLE_COLOUR('',#13778);
#15685 = STYLED_ITEM('color',(#15686),#2633);
#15686 = PRESENTATION_STYLE_ASSIGNMENT((#15687));
#15687 = SURFACE_STYLE_USAGE(.BOTH.,#15688);
#15688 = SURFACE_SIDE_STYLE('',(#15689));
#15689 = SURFACE_STYLE_FILL_AREA(#15690);
#15690 = FILL_AREA_STYLE('',(#15691));
#15691 = FILL_AREA_STYLE_COLOUR('',#13778);
#15692 = STYLED_ITEM('color',(#15693),#2650);
#15693 = PRESENTATION_STYLE_ASSIGNMENT((#15694));
#15694 = SURFACE_STYLE_USAGE(.BOTH.,#15695);
#15695 = SURFACE_SIDE_STYLE('',(#15696));
#15696 = SURFACE_STYLE_FILL_AREA(#15697);
#15697 = FILL_AREA_STYLE('',(#15698));
#15698 = FILL_AREA_STYLE_COLOUR('',#13778);
#15699 = STYLED_ITEM('color',(#15700),#2667);
#15700 = PRESENTATION_STYLE_ASSIGNMENT((#15701));
#15701 = SURFACE_STYLE_USAGE(.BOTH.,#15702);
#15702 = SURFACE_SIDE_STYLE('',(#15703));
#15703 = SURFACE_STYLE_FILL_AREA(#15704);
#15704 = FILL_AREA_STYLE('',(#15705));
#15705 = FILL_AREA_STYLE_COLOUR('',#13778);
#15706 = STYLED_ITEM('color',(#15707),#2684);
#15707 = PRESENTATION_STYLE_ASSIGNMENT((#15708));
#15708 = SURFACE_STYLE_USAGE(.BOTH.,#15709);
#15709 = SURFACE_SIDE_STYLE('',(#15710));
#15710 = SURFACE_STYLE_FILL_AREA(#15711);
#15711 = FILL_AREA_STYLE('',(#15712));
#15712 = FILL_AREA_STYLE_COLOUR('',#13778);
#15713 = STYLED_ITEM('color',(#15714),#2701);
#15714 = PRESENTATION_STYLE_ASSIGNMENT((#15715));
#15715 = SURFACE_STYLE_USAGE(.BOTH.,#15716);
#15716 = SURFACE_SIDE_STYLE('',(#15717));
#15717 = SURFACE_STYLE_FILL_AREA(#15718);
#15718 = FILL_AREA_STYLE('',(#15719));
#15719 = FILL_AREA_STYLE_COLOUR('',#13778);
#15720 = STYLED_ITEM('color',(#15721),#2718);
#15721 = PRESENTATION_STYLE_ASSIGNMENT((#15722));
#15722 = SURFACE_STYLE_USAGE(.BOTH.,#15723);
#15723 = SURFACE_SIDE_STYLE('',(#15724));
#15724 = SURFACE_STYLE_FILL_AREA(#15725);
#15725 = FILL_AREA_STYLE('',(#15726));
#15726 = FILL_AREA_STYLE_COLOUR('',#13778);
#15727 = STYLED_ITEM('color',(#15728),#2735);
#15728 = PRESENTATION_STYLE_ASSIGNMENT((#15729));
#15729 = SURFACE_STYLE_USAGE(.BOTH.,#15730);
#15730 = SURFACE_SIDE_STYLE('',(#15731));
#15731 = SURFACE_STYLE_FILL_AREA(#15732);
#15732 = FILL_AREA_STYLE('',(#15733));
#15733 = FILL_AREA_STYLE_COLOUR('',#13778);
#15734 = STYLED_ITEM('color',(#15735),#2752);
#15735 = PRESENTATION_STYLE_ASSIGNMENT((#15736));
#15736 = SURFACE_STYLE_USAGE(.BOTH.,#15737);
#15737 = SURFACE_SIDE_STYLE('',(#15738));
#15738 = SURFACE_STYLE_FILL_AREA(#15739);
#15739 = FILL_AREA_STYLE('',(#15740));
#15740 = FILL_AREA_STYLE_COLOUR('',#13778);
#15741 = STYLED_ITEM('color',(#15742),#2769);
#15742 = PRESENTATION_STYLE_ASSIGNMENT((#15743));
#15743 = SURFACE_STYLE_USAGE(.BOTH.,#15744);
#15744 = SURFACE_SIDE_STYLE('',(#15745));
#15745 = SURFACE_STYLE_FILL_AREA(#15746);
#15746 = FILL_AREA_STYLE('',(#15747));
#15747 = FILL_AREA_STYLE_COLOUR('',#13778);
#15748 = STYLED_ITEM('color',(#15749),#2786);
#15749 = PRESENTATION_STYLE_ASSIGNMENT((#15750));
#15750 = SURFACE_STYLE_USAGE(.BOTH.,#15751);
#15751 = SURFACE_SIDE_STYLE('',(#15752));
#15752 = SURFACE_STYLE_FILL_AREA(#15753);
#15753 = FILL_AREA_STYLE('',(#15754));
#15754 = FILL_AREA_STYLE_COLOUR('',#13778);
#15755 = STYLED_ITEM('color',(#15756),#2803);
#15756 = PRESENTATION_STYLE_ASSIGNMENT((#15757));
#15757 = SURFACE_STYLE_USAGE(.BOTH.,#15758);
#15758 = SURFACE_SIDE_STYLE('',(#15759));
#15759 = SURFACE_STYLE_FILL_AREA(#15760);
#15760 = FILL_AREA_STYLE('',(#15761));
#15761 = FILL_AREA_STYLE_COLOUR('',#13778);
#15762 = STYLED_ITEM('color',(#15763),#2815);
#15763 = PRESENTATION_STYLE_ASSIGNMENT((#15764));
#15764 = SURFACE_STYLE_USAGE(.BOTH.,#15765);
#15765 = SURFACE_SIDE_STYLE('',(#15766));
#15766 = SURFACE_STYLE_FILL_AREA(#15767);
#15767 = FILL_AREA_STYLE('',(#15768));
#15768 = FILL_AREA_STYLE_COLOUR('',#13891);
#15769 = STYLED_ITEM('color',(#15770),#2846);
#15770 = PRESENTATION_STYLE_ASSIGNMENT((#15771));
#15771 = SURFACE_STYLE_USAGE(.BOTH.,#15772);
#15772 = SURFACE_SIDE_STYLE('',(#15773));
#15773 = SURFACE_STYLE_FILL_AREA(#15774);
#15774 = FILL_AREA_STYLE('',(#15775));
#15775 = FILL_AREA_STYLE_COLOUR('',#13891);
#15776 = STYLED_ITEM('color',(#15777),#2870);
#15777 = PRESENTATION_STYLE_ASSIGNMENT((#15778));
#15778 = SURFACE_STYLE_USAGE(.BOTH.,#15779);
#15779 = SURFACE_SIDE_STYLE('',(#15780));
#15780 = SURFACE_STYLE_FILL_AREA(#15781);
#15781 = FILL_AREA_STYLE('',(#15782));
#15782 = FILL_AREA_STYLE_COLOUR('',#13891);
#15783 = STYLED_ITEM('color',(#15784),#2894);
#15784 = PRESENTATION_STYLE_ASSIGNMENT((#15785));
#15785 = SURFACE_STYLE_USAGE(.BOTH.,#15786);
#15786 = SURFACE_SIDE_STYLE('',(#15787));
#15787 = SURFACE_STYLE_FILL_AREA(#15788);
#15788 = FILL_AREA_STYLE('',(#15789));
#15789 = FILL_AREA_STYLE_COLOUR('',#13891);
#15790 = STYLED_ITEM('color',(#15791),#2911);
#15791 = PRESENTATION_STYLE_ASSIGNMENT((#15792));
#15792 = SURFACE_STYLE_USAGE(.BOTH.,#15793);
#15793 = SURFACE_SIDE_STYLE('',(#15794));
#15794 = SURFACE_STYLE_FILL_AREA(#15795);
#15795 = FILL_AREA_STYLE('',(#15796));
#15796 = FILL_AREA_STYLE_COLOUR('',#13891);
#15797 = STYLED_ITEM('color',(#15798),#2942);
#15798 = PRESENTATION_STYLE_ASSIGNMENT((#15799));
#15799 = SURFACE_STYLE_USAGE(.BOTH.,#15800);
#15800 = SURFACE_SIDE_STYLE('',(#15801));
#15801 = SURFACE_STYLE_FILL_AREA(#15802);
#15802 = FILL_AREA_STYLE('',(#15803));
#15803 = FILL_AREA_STYLE_COLOUR('',#13891);
#15804 = STYLED_ITEM('color',(#15805),#2966);
#15805 = PRESENTATION_STYLE_ASSIGNMENT((#15806));
#15806 = SURFACE_STYLE_USAGE(.BOTH.,#15807);
#15807 = SURFACE_SIDE_STYLE('',(#15808));
#15808 = SURFACE_STYLE_FILL_AREA(#15809);
#15809 = FILL_AREA_STYLE('',(#15810));
#15810 = FILL_AREA_STYLE_COLOUR('',#13891);
#15811 = STYLED_ITEM('color',(#15812),#2990);
#15812 = PRESENTATION_STYLE_ASSIGNMENT((#15813));
#15813 = SURFACE_STYLE_USAGE(.BOTH.,#15814);
#15814 = SURFACE_SIDE_STYLE('',(#15815));
#15815 = SURFACE_STYLE_FILL_AREA(#15816);
#15816 = FILL_AREA_STYLE('',(#15817));
#15817 = FILL_AREA_STYLE_COLOUR('',#13891);
#15818 = STYLED_ITEM('color',(#15819),#3007);
#15819 = PRESENTATION_STYLE_ASSIGNMENT((#15820));
#15820 = SURFACE_STYLE_USAGE(.BOTH.,#15821);
#15821 = SURFACE_SIDE_STYLE('',(#15822));
#15822 = SURFACE_STYLE_FILL_AREA(#15823);
#15823 = FILL_AREA_STYLE('',(#15824));
#15824 = FILL_AREA_STYLE_COLOUR('',#13891);
#15825 = STYLED_ITEM('color',(#15826),#3038);
#15826 = PRESENTATION_STYLE_ASSIGNMENT((#15827));
#15827 = SURFACE_STYLE_USAGE(.BOTH.,#15828);
#15828 = SURFACE_SIDE_STYLE('',(#15829));
#15829 = SURFACE_STYLE_FILL_AREA(#15830);
#15830 = FILL_AREA_STYLE('',(#15831));
#15831 = FILL_AREA_STYLE_COLOUR('',#13891);
#15832 = STYLED_ITEM('color',(#15833),#3062);
#15833 = PRESENTATION_STYLE_ASSIGNMENT((#15834));
#15834 = SURFACE_STYLE_USAGE(.BOTH.,#15835);
#15835 = SURFACE_SIDE_STYLE('',(#15836));
#15836 = SURFACE_STYLE_FILL_AREA(#15837);
#15837 = FILL_AREA_STYLE('',(#15838));
#15838 = FILL_AREA_STYLE_COLOUR('',#13891);
#15839 = STYLED_ITEM('color',(#15840),#3086);
#15840 = PRESENTATION_STYLE_ASSIGNMENT((#15841));
#15841 = SURFACE_STYLE_USAGE(.BOTH.,#15842);
#15842 = SURFACE_SIDE_STYLE('',(#15843));
#15843 = SURFACE_STYLE_FILL_AREA(#15844);
#15844 = FILL_AREA_STYLE('',(#15845));
#15845 = FILL_AREA_STYLE_COLOUR('',#13891);
#15846 = STYLED_ITEM('color',(#15847),#3103);
#15847 = PRESENTATION_STYLE_ASSIGNMENT((#15848));
#15848 = SURFACE_STYLE_USAGE(.BOTH.,#15849);
#15849 = SURFACE_SIDE_STYLE('',(#15850));
#15850 = SURFACE_STYLE_FILL_AREA(#15851);
#15851 = FILL_AREA_STYLE('',(#15852));
#15852 = FILL_AREA_STYLE_COLOUR('',#13891);
#15853 = STYLED_ITEM('color',(#15854),#3134);
#15854 = PRESENTATION_STYLE_ASSIGNMENT((#15855));
#15855 = SURFACE_STYLE_USAGE(.BOTH.,#15856);
#15856 = SURFACE_SIDE_STYLE('',(#15857));
#15857 = SURFACE_STYLE_FILL_AREA(#15858);
#15858 = FILL_AREA_STYLE('',(#15859));
#15859 = FILL_AREA_STYLE_COLOUR('',#13891);
#15860 = STYLED_ITEM('color',(#15861),#3158);
#15861 = PRESENTATION_STYLE_ASSIGNMENT((#15862));
#15862 = SURFACE_STYLE_USAGE(.BOTH.,#15863);
#15863 = SURFACE_SIDE_STYLE('',(#15864));
#15864 = SURFACE_STYLE_FILL_AREA(#15865);
#15865 = FILL_AREA_STYLE('',(#15866));
#15866 = FILL_AREA_STYLE_COLOUR('',#13891);
#15867 = STYLED_ITEM('color',(#15868),#3182);
#15868 = PRESENTATION_STYLE_ASSIGNMENT((#15869));
#15869 = SURFACE_STYLE_USAGE(.BOTH.,#15870);
#15870 = SURFACE_SIDE_STYLE('',(#15871));
#15871 = SURFACE_STYLE_FILL_AREA(#15872);
#15872 = FILL_AREA_STYLE('',(#15873));
#15873 = FILL_AREA_STYLE_COLOUR('',#13891);
#15874 = STYLED_ITEM('color',(#15875),#3199);
#15875 = PRESENTATION_STYLE_ASSIGNMENT((#15876));
#15876 = SURFACE_STYLE_USAGE(.BOTH.,#15877);
#15877 = SURFACE_SIDE_STYLE('',(#15878));
#15878 = SURFACE_STYLE_FILL_AREA(#15879);
#15879 = FILL_AREA_STYLE('',(#15880));
#15880 = FILL_AREA_STYLE_COLOUR('',#13891);
#15881 = STYLED_ITEM('color',(#15882),#3230);
#15882 = PRESENTATION_STYLE_ASSIGNMENT((#15883));
#15883 = SURFACE_STYLE_USAGE(.BOTH.,#15884);
#15884 = SURFACE_SIDE_STYLE('',(#15885));
#15885 = SURFACE_STYLE_FILL_AREA(#15886);
#15886 = FILL_AREA_STYLE('',(#15887));
#15887 = FILL_AREA_STYLE_COLOUR('',#13891);
#15888 = STYLED_ITEM('color',(#15889),#3254);
#15889 = PRESENTATION_STYLE_ASSIGNMENT((#15890));
#15890 = SURFACE_STYLE_USAGE(.BOTH.,#15891);
#15891 = SURFACE_SIDE_STYLE('',(#15892));
#15892 = SURFACE_STYLE_FILL_AREA(#15893);
#15893 = FILL_AREA_STYLE('',(#15894));
#15894 = FILL_AREA_STYLE_COLOUR('',#13891);
#15895 = STYLED_ITEM('color',(#15896),#3278);
#15896 = PRESENTATION_STYLE_ASSIGNMENT((#15897));
#15897 = SURFACE_STYLE_USAGE(.BOTH.,#15898);
#15898 = SURFACE_SIDE_STYLE('',(#15899));
#15899 = SURFACE_STYLE_FILL_AREA(#15900);
#15900 = FILL_AREA_STYLE('',(#15901));
#15901 = FILL_AREA_STYLE_COLOUR('',#13891);
#15902 = STYLED_ITEM('color',(#15903),#3295);
#15903 = PRESENTATION_STYLE_ASSIGNMENT((#15904));
#15904 = SURFACE_STYLE_USAGE(.BOTH.,#15905);
#15905 = SURFACE_SIDE_STYLE('',(#15906));
#15906 = SURFACE_STYLE_FILL_AREA(#15907);
#15907 = FILL_AREA_STYLE('',(#15908));
#15908 = FILL_AREA_STYLE_COLOUR('',#13891);
#15909 = STYLED_ITEM('color',(#15910),#3326);
#15910 = PRESENTATION_STYLE_ASSIGNMENT((#15911));
#15911 = SURFACE_STYLE_USAGE(.BOTH.,#15912);
#15912 = SURFACE_SIDE_STYLE('',(#15913));
#15913 = SURFACE_STYLE_FILL_AREA(#15914);
#15914 = FILL_AREA_STYLE('',(#15915));
#15915 = FILL_AREA_STYLE_COLOUR('',#13891);
#15916 = STYLED_ITEM('color',(#15917),#3350);
#15917 = PRESENTATION_STYLE_ASSIGNMENT((#15918));
#15918 = SURFACE_STYLE_USAGE(.BOTH.,#15919);
#15919 = SURFACE_SIDE_STYLE('',(#15920));
#15920 = SURFACE_STYLE_FILL_AREA(#15921);
#15921 = FILL_AREA_STYLE('',(#15922));
#15922 = FILL_AREA_STYLE_COLOUR('',#13891);
#15923 = STYLED_ITEM('color',(#15924),#3374);
#15924 = PRESENTATION_STYLE_ASSIGNMENT((#15925));
#15925 = SURFACE_STYLE_USAGE(.BOTH.,#15926);
#15926 = SURFACE_SIDE_STYLE('',(#15927));
#15927 = SURFACE_STYLE_FILL_AREA(#15928);
#15928 = FILL_AREA_STYLE('',(#15929));
#15929 = FILL_AREA_STYLE_COLOUR('',#13891);
#15930 = STYLED_ITEM('color',(#15931),#3391);
#15931 = PRESENTATION_STYLE_ASSIGNMENT((#15932));
#15932 = SURFACE_STYLE_USAGE(.BOTH.,#15933);
#15933 = SURFACE_SIDE_STYLE('',(#15934));
#15934 = SURFACE_STYLE_FILL_AREA(#15935);
#15935 = FILL_AREA_STYLE('',(#15936));
#15936 = FILL_AREA_STYLE_COLOUR('',#13891);
#15937 = STYLED_ITEM('color',(#15938),#3422);
#15938 = PRESENTATION_STYLE_ASSIGNMENT((#15939));
#15939 = SURFACE_STYLE_USAGE(.BOTH.,#15940);
#15940 = SURFACE_SIDE_STYLE('',(#15941));
#15941 = SURFACE_STYLE_FILL_AREA(#15942);
#15942 = FILL_AREA_STYLE('',(#15943));
#15943 = FILL_AREA_STYLE_COLOUR('',#13891);
#15944 = STYLED_ITEM('color',(#15945),#3446);
#15945 = PRESENTATION_STYLE_ASSIGNMENT((#15946));
#15946 = SURFACE_STYLE_USAGE(.BOTH.,#15947);
#15947 = SURFACE_SIDE_STYLE('',(#15948));
#15948 = SURFACE_STYLE_FILL_AREA(#15949);
#15949 = FILL_AREA_STYLE('',(#15950));
#15950 = FILL_AREA_STYLE_COLOUR('',#13891);
#15951 = STYLED_ITEM('color',(#15952),#3470);
#15952 = PRESENTATION_STYLE_ASSIGNMENT((#15953));
#15953 = SURFACE_STYLE_USAGE(.BOTH.,#15954);
#15954 = SURFACE_SIDE_STYLE('',(#15955));
#15955 = SURFACE_STYLE_FILL_AREA(#15956);
#15956 = FILL_AREA_STYLE('',(#15957));
#15957 = FILL_AREA_STYLE_COLOUR('',#13891);
#15958 = STYLED_ITEM('color',(#15959),#3487);
#15959 = PRESENTATION_STYLE_ASSIGNMENT((#15960));
#15960 = SURFACE_STYLE_USAGE(.BOTH.,#15961);
#15961 = SURFACE_SIDE_STYLE('',(#15962));
#15962 = SURFACE_STYLE_FILL_AREA(#15963);
#15963 = FILL_AREA_STYLE('',(#15964));
#15964 = FILL_AREA_STYLE_COLOUR('',#13891);
#15965 = STYLED_ITEM('color',(#15966),#3518);
#15966 = PRESENTATION_STYLE_ASSIGNMENT((#15967));
#15967 = SURFACE_STYLE_USAGE(.BOTH.,#15968);
#15968 = SURFACE_SIDE_STYLE('',(#15969));
#15969 = SURFACE_STYLE_FILL_AREA(#15970);
#15970 = FILL_AREA_STYLE('',(#15971));
#15971 = FILL_AREA_STYLE_COLOUR('',#13891);
#15972 = STYLED_ITEM('color',(#15973),#3542);
#15973 = PRESENTATION_STYLE_ASSIGNMENT((#15974));
#15974 = SURFACE_STYLE_USAGE(.BOTH.,#15975);
#15975 = SURFACE_SIDE_STYLE('',(#15976));
#15976 = SURFACE_STYLE_FILL_AREA(#15977);
#15977 = FILL_AREA_STYLE('',(#15978));
#15978 = FILL_AREA_STYLE_COLOUR('',#13891);
#15979 = STYLED_ITEM('color',(#15980),#3566);
#15980 = PRESENTATION_STYLE_ASSIGNMENT((#15981));
#15981 = SURFACE_STYLE_USAGE(.BOTH.,#15982);
#15982 = SURFACE_SIDE_STYLE('',(#15983));
#15983 = SURFACE_STYLE_FILL_AREA(#15984);
#15984 = FILL_AREA_STYLE('',(#15985));
#15985 = FILL_AREA_STYLE_COLOUR('',#13891);
#15986 = STYLED_ITEM('color',(#15987),#3583);
#15987 = PRESENTATION_STYLE_ASSIGNMENT((#15988));
#15988 = SURFACE_STYLE_USAGE(.BOTH.,#15989);
#15989 = SURFACE_SIDE_STYLE('',(#15990));
#15990 = SURFACE_STYLE_FILL_AREA(#15991);
#15991 = FILL_AREA_STYLE('',(#15992));
#15992 = FILL_AREA_STYLE_COLOUR('',#13891);
#15993 = STYLED_ITEM('color',(#15994),#3614);
#15994 = PRESENTATION_STYLE_ASSIGNMENT((#15995));
#15995 = SURFACE_STYLE_USAGE(.BOTH.,#15996);
#15996 = SURFACE_SIDE_STYLE('',(#15997));
#15997 = SURFACE_STYLE_FILL_AREA(#15998);
#15998 = FILL_AREA_STYLE('',(#15999));
#15999 = FILL_AREA_STYLE_COLOUR('',#13891);
#16000 = STYLED_ITEM('color',(#16001),#3638);
#16001 = PRESENTATION_STYLE_ASSIGNMENT((#16002));
#16002 = SURFACE_STYLE_USAGE(.BOTH.,#16003);
#16003 = SURFACE_SIDE_STYLE('',(#16004));
#16004 = SURFACE_STYLE_FILL_AREA(#16005);
#16005 = FILL_AREA_STYLE('',(#16006));
#16006 = FILL_AREA_STYLE_COLOUR('',#13891);
#16007 = STYLED_ITEM('color',(#16008),#3662);
#16008 = PRESENTATION_STYLE_ASSIGNMENT((#16009));
#16009 = SURFACE_STYLE_USAGE(.BOTH.,#16010);
#16010 = SURFACE_SIDE_STYLE('',(#16011));
#16011 = SURFACE_STYLE_FILL_AREA(#16012);
#16012 = FILL_AREA_STYLE('',(#16013));
#16013 = FILL_AREA_STYLE_COLOUR('',#13891);
#16014 = STYLED_ITEM('color',(#16015),#3679);
#16015 = PRESENTATION_STYLE_ASSIGNMENT((#16016));
#16016 = SURFACE_STYLE_USAGE(.BOTH.,#16017);
#16017 = SURFACE_SIDE_STYLE('',(#16018));
#16018 = SURFACE_STYLE_FILL_AREA(#16019);
#16019 = FILL_AREA_STYLE('',(#16020));
#16020 = FILL_AREA_STYLE_COLOUR('',#13891);
#16021 = STYLED_ITEM('color',(#16022),#3710);
#16022 = PRESENTATION_STYLE_ASSIGNMENT((#16023));
#16023 = SURFACE_STYLE_USAGE(.BOTH.,#16024);
#16024 = SURFACE_SIDE_STYLE('',(#16025));
#16025 = SURFACE_STYLE_FILL_AREA(#16026);
#16026 = FILL_AREA_STYLE('',(#16027));
#16027 = FILL_AREA_STYLE_COLOUR('',#13891);
#16028 = STYLED_ITEM('color',(#16029),#3734);
#16029 = PRESENTATION_STYLE_ASSIGNMENT((#16030));
#16030 = SURFACE_STYLE_USAGE(.BOTH.,#16031);
#16031 = SURFACE_SIDE_STYLE('',(#16032));
#16032 = SURFACE_STYLE_FILL_AREA(#16033);
#16033 = FILL_AREA_STYLE('',(#16034));
#16034 = FILL_AREA_STYLE_COLOUR('',#13891);
#16035 = STYLED_ITEM('color',(#16036),#3758);
#16036 = PRESENTATION_STYLE_ASSIGNMENT((#16037));
#16037 = SURFACE_STYLE_USAGE(.BOTH.,#16038);
#16038 = SURFACE_SIDE_STYLE('',(#16039));
#16039 = SURFACE_STYLE_FILL_AREA(#16040);
#16040 = FILL_AREA_STYLE('',(#16041));
#16041 = FILL_AREA_STYLE_COLOUR('',#13891);
#16042 = STYLED_ITEM('color',(#16043),#3775);
#16043 = PRESENTATION_STYLE_ASSIGNMENT((#16044));
#16044 = SURFACE_STYLE_USAGE(.BOTH.,#16045);
#16045 = SURFACE_SIDE_STYLE('',(#16046));
#16046 = SURFACE_STYLE_FILL_AREA(#16047);
#16047 = FILL_AREA_STYLE('',(#16048));
#16048 = FILL_AREA_STYLE_COLOUR('',#13891);
#16049 = STYLED_ITEM('color',(#16050),#3806);
#16050 = PRESENTATION_STYLE_ASSIGNMENT((#16051));
#16051 = SURFACE_STYLE_USAGE(.BOTH.,#16052);
#16052 = SURFACE_SIDE_STYLE('',(#16053));
#16053 = SURFACE_STYLE_FILL_AREA(#16054);
#16054 = FILL_AREA_STYLE('',(#16055));
#16055 = FILL_AREA_STYLE_COLOUR('',#13891);
#16056 = STYLED_ITEM('color',(#16057),#3830);
#16057 = PRESENTATION_STYLE_ASSIGNMENT((#16058));
#16058 = SURFACE_STYLE_USAGE(.BOTH.,#16059);
#16059 = SURFACE_SIDE_STYLE('',(#16060));
#16060 = SURFACE_STYLE_FILL_AREA(#16061);
#16061 = FILL_AREA_STYLE('',(#16062));
#16062 = FILL_AREA_STYLE_COLOUR('',#13891);
#16063 = STYLED_ITEM('color',(#16064),#3854);
#16064 = PRESENTATION_STYLE_ASSIGNMENT((#16065));
#16065 = SURFACE_STYLE_USAGE(.BOTH.,#16066);
#16066 = SURFACE_SIDE_STYLE('',(#16067));
#16067 = SURFACE_STYLE_FILL_AREA(#16068);
#16068 = FILL_AREA_STYLE('',(#16069));
#16069 = FILL_AREA_STYLE_COLOUR('',#13891);
#16070 = STYLED_ITEM('color',(#16071),#3871);
#16071 = PRESENTATION_STYLE_ASSIGNMENT((#16072));
#16072 = SURFACE_STYLE_USAGE(.BOTH.,#16073);
#16073 = SURFACE_SIDE_STYLE('',(#16074));
#16074 = SURFACE_STYLE_FILL_AREA(#16075);
#16075 = FILL_AREA_STYLE('',(#16076));
#16076 = FILL_AREA_STYLE_COLOUR('',#13891);
#16077 = STYLED_ITEM('color',(#16078),#3902);
#16078 = PRESENTATION_STYLE_ASSIGNMENT((#16079));
#16079 = SURFACE_STYLE_USAGE(.BOTH.,#16080);
#16080 = SURFACE_SIDE_STYLE('',(#16081));
#16081 = SURFACE_STYLE_FILL_AREA(#16082);
#16082 = FILL_AREA_STYLE('',(#16083));
#16083 = FILL_AREA_STYLE_COLOUR('',#13891);
#16084 = STYLED_ITEM('color',(#16085),#3926);
#16085 = PRESENTATION_STYLE_ASSIGNMENT((#16086));
#16086 = SURFACE_STYLE_USAGE(.BOTH.,#16087);
#16087 = SURFACE_SIDE_STYLE('',(#16088));
#16088 = SURFACE_STYLE_FILL_AREA(#16089);
#16089 = FILL_AREA_STYLE('',(#16090));
#16090 = FILL_AREA_STYLE_COLOUR('',#13891);
#16091 = STYLED_ITEM('color',(#16092),#3950);
#16092 = PRESENTATION_STYLE_ASSIGNMENT((#16093));
#16093 = SURFACE_STYLE_USAGE(.BOTH.,#16094);
#16094 = SURFACE_SIDE_STYLE('',(#16095));
#16095 = SURFACE_STYLE_FILL_AREA(#16096);
#16096 = FILL_AREA_STYLE('',(#16097));
#16097 = FILL_AREA_STYLE_COLOUR('',#13891);
#16098 = STYLED_ITEM('color',(#16099),#3967);
#16099 = PRESENTATION_STYLE_ASSIGNMENT((#16100));
#16100 = SURFACE_STYLE_USAGE(.BOTH.,#16101);
#16101 = SURFACE_SIDE_STYLE('',(#16102));
#16102 = SURFACE_STYLE_FILL_AREA(#16103);
#16103 = FILL_AREA_STYLE('',(#16104));
#16104 = FILL_AREA_STYLE_COLOUR('',#13891);
#16105 = STYLED_ITEM('color',(#16106),#3979);
#16106 = PRESENTATION_STYLE_ASSIGNMENT((#16107));
#16107 = SURFACE_STYLE_USAGE(.BOTH.,#16108);
#16108 = SURFACE_SIDE_STYLE('',(#16109));
#16109 = SURFACE_STYLE_FILL_AREA(#16110);
#16110 = FILL_AREA_STYLE('',(#16111));
#16111 = FILL_AREA_STYLE_COLOUR('',#13891);
#16112 = STYLED_ITEM('color',(#16113),#3991);
#16113 = PRESENTATION_STYLE_ASSIGNMENT((#16114));
#16114 = SURFACE_STYLE_USAGE(.BOTH.,#16115);
#16115 = SURFACE_SIDE_STYLE('',(#16116));
#16116 = SURFACE_STYLE_FILL_AREA(#16117);
#16117 = FILL_AREA_STYLE('',(#16118));
#16118 = FILL_AREA_STYLE_COLOUR('',#13891);
#16119 = STYLED_ITEM('color',(#16120),#4003);
#16120 = PRESENTATION_STYLE_ASSIGNMENT((#16121));
#16121 = SURFACE_STYLE_USAGE(.BOTH.,#16122);
#16122 = SURFACE_SIDE_STYLE('',(#16123));
#16123 = SURFACE_STYLE_FILL_AREA(#16124);
#16124 = FILL_AREA_STYLE('',(#16125));
#16125 = FILL_AREA_STYLE_COLOUR('',#13891);
#16126 = STYLED_ITEM('color',(#16127),#4015);
#16127 = PRESENTATION_STYLE_ASSIGNMENT((#16128));
#16128 = SURFACE_STYLE_USAGE(.BOTH.,#16129);
#16129 = SURFACE_SIDE_STYLE('',(#16130));
#16130 = SURFACE_STYLE_FILL_AREA(#16131);
#16131 = FILL_AREA_STYLE('',(#16132));
#16132 = FILL_AREA_STYLE_COLOUR('',#13891);
#16133 = STYLED_ITEM('color',(#16134),#4027);
#16134 = PRESENTATION_STYLE_ASSIGNMENT((#16135));
#16135 = SURFACE_STYLE_USAGE(.BOTH.,#16136);
#16136 = SURFACE_SIDE_STYLE('',(#16137));
#16137 = SURFACE_STYLE_FILL_AREA(#16138);
#16138 = FILL_AREA_STYLE('',(#16139));
#16139 = FILL_AREA_STYLE_COLOUR('',#13891);
#16140 = MECHANICAL_DESIGN_GEOMETRIC_PRESENTATION_REPRESENTATION('',(
    #16141),#13759);
#16141 = STYLED_ITEM('color',(#16142),#11017);
#16142 = PRESENTATION_STYLE_ASSIGNMENT((#16143));
#16143 = SURFACE_STYLE_USAGE(.BOTH.,#16144);
#16144 = SURFACE_SIDE_STYLE('',(#16145));
#16145 = SURFACE_STYLE_FILL_AREA(#16146);
#16146 = FILL_AREA_STYLE('',(#16147));
#16147 = FILL_AREA_STYLE_COLOUR('',#16148);
#16148 = COLOUR_RGB('',0.313304153717,0.484529207832,0.410020903123);
ENDSEC;
END-ISO-10303-21;
